id	title	description	link	image_link	brand	price	availability	item_group_id	google_product_category	product_type	color	material	size	condition	gender	age_group	sale_price	sale_price_effective_date	additional_image_link	custom_label_0
411_45	Duża skórzana torebka shopper Leather Country	Duża skórzana torebka shopper Leather Country z miękkiej skóry naturalnej. Odpinana kopertówka, 3 kolory.	https://www.italy-shop.eu/Duza-skorzana-torebka-shopper-Leather-Country-p411	https://www.italy-shop.eu/images/ly453/6000-7000/Duza-skorzana-torebka-shopper-Leather-Country_%5B6826%5D_1200.jpg	Leather Country	550.00 PLN	in_stock	411	3032	Torebki	Czarny	Skóra gładka		new	female	adult			https://www.italy-shop.eu/images/ly453/6000-7000/Duza-skorzana-torebka-shopper-Leather-Country_%5B6812%5D_1200.jpg,https://www.italy-shop.eu/images/ly453/6000-7000/Duza-skorzana-torebka-shopper-Leather-Country_%5B6823%5D_1200.jpg,https://www.italy-shop.eu/images/ly453/6000-7000/Duza-skorzana-torebka-shopper-Leather-Country_%5B6814%5D_1200.jpg,https://www.italy-shop.eu/images/ly453/6000-7000/Duza-skorzana-torebka-shopper-Leather-Country_%5B6816%5D_1200.jpg,https://www.italy-shop.eu/images/ly453/6000-7000/Duza-skorzana-torebka-shopper-Leather-Country_%5B6824%5D_1200.jpg,https://www.italy-shop.eu/images/ly453/6000-7000/Duza-skorzana-torebka-shopper-Leather-Country_%5B6825%5D_1200.jpg,https://www.italy-shop.eu/images/ly453/6000-7000/Duza-skorzana-torebka-shopper-Leather-Country_%5B6815%5D_1200.jpg,https://www.italy-shop.eu/images/ly453/6000-7000/Duza-skorzana-torebka-shopper-Leather-Country_%5B6829%5D_1200.jpg,https://www.italy-shop.eu/images/ly453/6000-7000/Duza-skorzana-torebka-shopper-Leather-Country_%5B6826%5D_1200.jpg,https://www.italy-shop.eu/images/ly453/6000-7000/Duza-skorzana-torebka-shopper-Leather-Country_%5B6827%5D_1200.jpg	other
411_52	Duża skórzana torebka shopper Leather Country	Duża skórzana torebka shopper Leather Country z miękkiej skóry naturalnej. Odpinana kopertówka, 3 kolory.	https://www.italy-shop.eu/Duza-skorzana-torebka-shopper-Leather-Country-p411	https://www.italy-shop.eu/images/ly453/6000-7000/Duza-skorzana-torebka-shopper-Leather-Country_%5B6812%5D_1200.jpg	Leather Country	550.00 PLN	in_stock	411	3032	Torebki	Brązowy	Skóra gładka		new	female	adult			https://www.italy-shop.eu/images/ly453/6000-7000/Duza-skorzana-torebka-shopper-Leather-Country_%5B6812%5D_1200.jpg,https://www.italy-shop.eu/images/ly453/6000-7000/Duza-skorzana-torebka-shopper-Leather-Country_%5B6823%5D_1200.jpg,https://www.italy-shop.eu/images/ly453/6000-7000/Duza-skorzana-torebka-shopper-Leather-Country_%5B6814%5D_1200.jpg,https://www.italy-shop.eu/images/ly453/6000-7000/Duza-skorzana-torebka-shopper-Leather-Country_%5B6816%5D_1200.jpg,https://www.italy-shop.eu/images/ly453/6000-7000/Duza-skorzana-torebka-shopper-Leather-Country_%5B6824%5D_1200.jpg,https://www.italy-shop.eu/images/ly453/6000-7000/Duza-skorzana-torebka-shopper-Leather-Country_%5B6825%5D_1200.jpg,https://www.italy-shop.eu/images/ly453/6000-7000/Duza-skorzana-torebka-shopper-Leather-Country_%5B6815%5D_1200.jpg,https://www.italy-shop.eu/images/ly453/6000-7000/Duza-skorzana-torebka-shopper-Leather-Country_%5B6829%5D_1200.jpg,https://www.italy-shop.eu/images/ly453/6000-7000/Duza-skorzana-torebka-shopper-Leather-Country_%5B6826%5D_1200.jpg,https://www.italy-shop.eu/images/ly453/6000-7000/Duza-skorzana-torebka-shopper-Leather-Country_%5B6827%5D_1200.jpg	other
411_56	Duża skórzana torebka shopper Leather Country	Duża skórzana torebka shopper Leather Country z miękkiej skóry naturalnej. Odpinana kopertówka, 3 kolory.	https://www.italy-shop.eu/Duza-skorzana-torebka-shopper-Leather-Country-p411	https://www.italy-shop.eu/images/ly453/6000-7000/Duza-skorzana-torebka-shopper-Leather-Country_%5B6826%5D_1200.jpg	Leather Country	550.00 PLN	in_stock	411	3032	Torebki	Bordowy	Skóra gładka		new	female	adult			https://www.italy-shop.eu/images/ly453/6000-7000/Duza-skorzana-torebka-shopper-Leather-Country_%5B6812%5D_1200.jpg,https://www.italy-shop.eu/images/ly453/6000-7000/Duza-skorzana-torebka-shopper-Leather-Country_%5B6823%5D_1200.jpg,https://www.italy-shop.eu/images/ly453/6000-7000/Duza-skorzana-torebka-shopper-Leather-Country_%5B6814%5D_1200.jpg,https://www.italy-shop.eu/images/ly453/6000-7000/Duza-skorzana-torebka-shopper-Leather-Country_%5B6816%5D_1200.jpg,https://www.italy-shop.eu/images/ly453/6000-7000/Duza-skorzana-torebka-shopper-Leather-Country_%5B6824%5D_1200.jpg,https://www.italy-shop.eu/images/ly453/6000-7000/Duza-skorzana-torebka-shopper-Leather-Country_%5B6825%5D_1200.jpg,https://www.italy-shop.eu/images/ly453/6000-7000/Duza-skorzana-torebka-shopper-Leather-Country_%5B6815%5D_1200.jpg,https://www.italy-shop.eu/images/ly453/6000-7000/Duza-skorzana-torebka-shopper-Leather-Country_%5B6829%5D_1200.jpg,https://www.italy-shop.eu/images/ly453/6000-7000/Duza-skorzana-torebka-shopper-Leather-Country_%5B6826%5D_1200.jpg,https://www.italy-shop.eu/images/ly453/6000-7000/Duza-skorzana-torebka-shopper-Leather-Country_%5B6827%5D_1200.jpg	other
411_68	Duża skórzana torebka shopper Leather Country	Duża skórzana torebka shopper Leather Country z miękkiej skóry naturalnej. Odpinana kopertówka, 3 kolory.	https://www.italy-shop.eu/Duza-skorzana-torebka-shopper-Leather-Country-p411	https://www.italy-shop.eu/images/ly453/6000-7000/Duza-skorzana-torebka-shopper-Leather-Country_%5B6829%5D_1200.jpg	Leather Country	550.00 PLN	in_stock	411	3032	Torebki	Oliwkowy	Skóra gładka		new	female	adult			https://www.italy-shop.eu/images/ly453/6000-7000/Duza-skorzana-torebka-shopper-Leather-Country_%5B6812%5D_1200.jpg,https://www.italy-shop.eu/images/ly453/6000-7000/Duza-skorzana-torebka-shopper-Leather-Country_%5B6823%5D_1200.jpg,https://www.italy-shop.eu/images/ly453/6000-7000/Duza-skorzana-torebka-shopper-Leather-Country_%5B6814%5D_1200.jpg,https://www.italy-shop.eu/images/ly453/6000-7000/Duza-skorzana-torebka-shopper-Leather-Country_%5B6816%5D_1200.jpg,https://www.italy-shop.eu/images/ly453/6000-7000/Duza-skorzana-torebka-shopper-Leather-Country_%5B6824%5D_1200.jpg,https://www.italy-shop.eu/images/ly453/6000-7000/Duza-skorzana-torebka-shopper-Leather-Country_%5B6825%5D_1200.jpg,https://www.italy-shop.eu/images/ly453/6000-7000/Duza-skorzana-torebka-shopper-Leather-Country_%5B6815%5D_1200.jpg,https://www.italy-shop.eu/images/ly453/6000-7000/Duza-skorzana-torebka-shopper-Leather-Country_%5B6829%5D_1200.jpg,https://www.italy-shop.eu/images/ly453/6000-7000/Duza-skorzana-torebka-shopper-Leather-Country_%5B6826%5D_1200.jpg,https://www.italy-shop.eu/images/ly453/6000-7000/Duza-skorzana-torebka-shopper-Leather-Country_%5B6827%5D_1200.jpg	other
411_72	Duża skórzana torebka shopper Leather Country	Duża skórzana torebka shopper Leather Country z miękkiej skóry naturalnej. Odpinana kopertówka, 3 kolory.	https://www.italy-shop.eu/Duza-skorzana-torebka-shopper-Leather-Country-p411	https://www.italy-shop.eu/images/ly453/6000-7000/Duza-skorzana-torebka-shopper-Leather-Country_%5B6814%5D_1200.jpg	Leather Country	550.00 PLN	in_stock	411	3032	Torebki	Taupe	Skóra gładka		new	female	adult			https://www.italy-shop.eu/images/ly453/6000-7000/Duza-skorzana-torebka-shopper-Leather-Country_%5B6812%5D_1200.jpg,https://www.italy-shop.eu/images/ly453/6000-7000/Duza-skorzana-torebka-shopper-Leather-Country_%5B6823%5D_1200.jpg,https://www.italy-shop.eu/images/ly453/6000-7000/Duza-skorzana-torebka-shopper-Leather-Country_%5B6814%5D_1200.jpg,https://www.italy-shop.eu/images/ly453/6000-7000/Duza-skorzana-torebka-shopper-Leather-Country_%5B6816%5D_1200.jpg,https://www.italy-shop.eu/images/ly453/6000-7000/Duza-skorzana-torebka-shopper-Leather-Country_%5B6824%5D_1200.jpg,https://www.italy-shop.eu/images/ly453/6000-7000/Duza-skorzana-torebka-shopper-Leather-Country_%5B6825%5D_1200.jpg,https://www.italy-shop.eu/images/ly453/6000-7000/Duza-skorzana-torebka-shopper-Leather-Country_%5B6815%5D_1200.jpg,https://www.italy-shop.eu/images/ly453/6000-7000/Duza-skorzana-torebka-shopper-Leather-Country_%5B6829%5D_1200.jpg,https://www.italy-shop.eu/images/ly453/6000-7000/Duza-skorzana-torebka-shopper-Leather-Country_%5B6826%5D_1200.jpg,https://www.italy-shop.eu/images/ly453/6000-7000/Duza-skorzana-torebka-shopper-Leather-Country_%5B6827%5D_1200.jpg	other
392_56_40	Lakierowane czółenka Spaziomoda — bordowe	Czółenka Spaziomoda z bordowej lakierowanej skóry. Ostry szpic, szpilka 10 cm, wnętrze skórzane.	https://www.italy-shop.eu/Lakierowane-czolenka-Spaziomoda-bordowe-p392	https://www.italy-shop.eu/images/ly453/6000-7000/Lakierowane-czolenka-Spaziomoda-bordowe_%5B6674%5D_1200.jpg	Spaziomoda	980.00 PLN	in_stock	392	187	Obuwie	Bordowy	Skóra lakierowana	36	new	female	adult			https://www.italy-shop.eu/images/ly453/6000-7000/Lakierowane-czolenka-Spaziomoda-bordowe_%5B6661%5D_1200.jpg,https://www.italy-shop.eu/images/ly453/6000-7000/Lakierowane-czolenka-Spaziomoda-bordowe_%5B6662%5D_1200.jpg,https://www.italy-shop.eu/images/ly453/6000-7000/Lakierowane-czolenka-Spaziomoda-bordowe_%5B6663%5D_1200.jpg	jesen
392_56_41	Lakierowane czółenka Spaziomoda — bordowe	Czółenka Spaziomoda z bordowej lakierowanej skóry. Ostry szpic, szpilka 10 cm, wnętrze skórzane.	https://www.italy-shop.eu/Lakierowane-czolenka-Spaziomoda-bordowe-p392	https://www.italy-shop.eu/images/ly453/6000-7000/Lakierowane-czolenka-Spaziomoda-bordowe_%5B6674%5D_1200.jpg	Spaziomoda	980.00 PLN	in_stock	392	187	Obuwie	Bordowy	Skóra lakierowana	37	new	female	adult			https://www.italy-shop.eu/images/ly453/6000-7000/Lakierowane-czolenka-Spaziomoda-bordowe_%5B6661%5D_1200.jpg,https://www.italy-shop.eu/images/ly453/6000-7000/Lakierowane-czolenka-Spaziomoda-bordowe_%5B6662%5D_1200.jpg,https://www.italy-shop.eu/images/ly453/6000-7000/Lakierowane-czolenka-Spaziomoda-bordowe_%5B6663%5D_1200.jpg	jesen
392_56_42	Lakierowane czółenka Spaziomoda — bordowe	Czółenka Spaziomoda z bordowej lakierowanej skóry. Ostry szpic, szpilka 10 cm, wnętrze skórzane.	https://www.italy-shop.eu/Lakierowane-czolenka-Spaziomoda-bordowe-p392	https://www.italy-shop.eu/images/ly453/6000-7000/Lakierowane-czolenka-Spaziomoda-bordowe_%5B6674%5D_1200.jpg	Spaziomoda	980.00 PLN	in_stock	392	187	Obuwie	Bordowy	Skóra lakierowana	38	new	female	adult			https://www.italy-shop.eu/images/ly453/6000-7000/Lakierowane-czolenka-Spaziomoda-bordowe_%5B6661%5D_1200.jpg,https://www.italy-shop.eu/images/ly453/6000-7000/Lakierowane-czolenka-Spaziomoda-bordowe_%5B6662%5D_1200.jpg,https://www.italy-shop.eu/images/ly453/6000-7000/Lakierowane-czolenka-Spaziomoda-bordowe_%5B6663%5D_1200.jpg	jesen
392_56_43	Lakierowane czółenka Spaziomoda — bordowe	Czółenka Spaziomoda z bordowej lakierowanej skóry. Ostry szpic, szpilka 10 cm, wnętrze skórzane.	https://www.italy-shop.eu/Lakierowane-czolenka-Spaziomoda-bordowe-p392	https://www.italy-shop.eu/images/ly453/6000-7000/Lakierowane-czolenka-Spaziomoda-bordowe_%5B6674%5D_1200.jpg	Spaziomoda	980.00 PLN	in_stock	392	187	Obuwie	Bordowy	Skóra lakierowana	39	new	female	adult			https://www.italy-shop.eu/images/ly453/6000-7000/Lakierowane-czolenka-Spaziomoda-bordowe_%5B6661%5D_1200.jpg,https://www.italy-shop.eu/images/ly453/6000-7000/Lakierowane-czolenka-Spaziomoda-bordowe_%5B6662%5D_1200.jpg,https://www.italy-shop.eu/images/ly453/6000-7000/Lakierowane-czolenka-Spaziomoda-bordowe_%5B6663%5D_1200.jpg	jesen
392_56_44	Lakierowane czółenka Spaziomoda — bordowe	Czółenka Spaziomoda z bordowej lakierowanej skóry. Ostry szpic, szpilka 10 cm, wnętrze skórzane.	https://www.italy-shop.eu/Lakierowane-czolenka-Spaziomoda-bordowe-p392	https://www.italy-shop.eu/images/ly453/6000-7000/Lakierowane-czolenka-Spaziomoda-bordowe_%5B6674%5D_1200.jpg	Spaziomoda	980.00 PLN	in_stock	392	187	Obuwie	Bordowy	Skóra lakierowana	40	new	female	adult			https://www.italy-shop.eu/images/ly453/6000-7000/Lakierowane-czolenka-Spaziomoda-bordowe_%5B6661%5D_1200.jpg,https://www.italy-shop.eu/images/ly453/6000-7000/Lakierowane-czolenka-Spaziomoda-bordowe_%5B6662%5D_1200.jpg,https://www.italy-shop.eu/images/ly453/6000-7000/Lakierowane-czolenka-Spaziomoda-bordowe_%5B6663%5D_1200.jpg	jesen
391_45_40	Lakierowane czółenka Spaziomoda — czarne	Czółenka Spaziomoda z czarnej lakierowanej skóry. Ostry szpic, szpilka 10 cm, wnętrze skórzane.	https://www.italy-shop.eu/Lakierowane-czolenka-Spaziomoda-czarne-p391	https://www.italy-shop.eu/images/ly453/6000-7000/Lakierowane-czolenka-Spaziomoda-czarne_%5B6659%5D_1200.jpg	Spaziomoda	980.00 PLN	in_stock	391	187	Obuwie	Czarny	Skóra lakierowana	36	new	female	adult			https://www.italy-shop.eu/images/ly453/6000-7000/Lakierowane-czolenka-Spaziomoda-czarne_%5B6658%5D_1200.jpg,https://www.italy-shop.eu/images/ly453/6000-7000/Lakierowane-czolenka-Spaziomoda-czarne_%5B6660%5D_1200.jpg	jesen
391_45_41	Lakierowane czółenka Spaziomoda — czarne	Czółenka Spaziomoda z czarnej lakierowanej skóry. Ostry szpic, szpilka 10 cm, wnętrze skórzane.	https://www.italy-shop.eu/Lakierowane-czolenka-Spaziomoda-czarne-p391	https://www.italy-shop.eu/images/ly453/6000-7000/Lakierowane-czolenka-Spaziomoda-czarne_%5B6659%5D_1200.jpg	Spaziomoda	980.00 PLN	in_stock	391	187	Obuwie	Czarny	Skóra lakierowana	37	new	female	adult			https://www.italy-shop.eu/images/ly453/6000-7000/Lakierowane-czolenka-Spaziomoda-czarne_%5B6658%5D_1200.jpg,https://www.italy-shop.eu/images/ly453/6000-7000/Lakierowane-czolenka-Spaziomoda-czarne_%5B6660%5D_1200.jpg	jesen
391_45_42	Lakierowane czółenka Spaziomoda — czarne	Czółenka Spaziomoda z czarnej lakierowanej skóry. Ostry szpic, szpilka 10 cm, wnętrze skórzane.	https://www.italy-shop.eu/Lakierowane-czolenka-Spaziomoda-czarne-p391	https://www.italy-shop.eu/images/ly453/6000-7000/Lakierowane-czolenka-Spaziomoda-czarne_%5B6659%5D_1200.jpg	Spaziomoda	980.00 PLN	in_stock	391	187	Obuwie	Czarny	Skóra lakierowana	38	new	female	adult			https://www.italy-shop.eu/images/ly453/6000-7000/Lakierowane-czolenka-Spaziomoda-czarne_%5B6658%5D_1200.jpg,https://www.italy-shop.eu/images/ly453/6000-7000/Lakierowane-czolenka-Spaziomoda-czarne_%5B6660%5D_1200.jpg	jesen
391_45_43	Lakierowane czółenka Spaziomoda — czarne	Czółenka Spaziomoda z czarnej lakierowanej skóry. Ostry szpic, szpilka 10 cm, wnętrze skórzane.	https://www.italy-shop.eu/Lakierowane-czolenka-Spaziomoda-czarne-p391	https://www.italy-shop.eu/images/ly453/6000-7000/Lakierowane-czolenka-Spaziomoda-czarne_%5B6659%5D_1200.jpg	Spaziomoda	980.00 PLN	in_stock	391	187	Obuwie	Czarny	Skóra lakierowana	39	new	female	adult			https://www.italy-shop.eu/images/ly453/6000-7000/Lakierowane-czolenka-Spaziomoda-czarne_%5B6658%5D_1200.jpg,https://www.italy-shop.eu/images/ly453/6000-7000/Lakierowane-czolenka-Spaziomoda-czarne_%5B6660%5D_1200.jpg	jesen
391_45_44	Lakierowane czółenka Spaziomoda — czarne	Czółenka Spaziomoda z czarnej lakierowanej skóry. Ostry szpic, szpilka 10 cm, wnętrze skórzane.	https://www.italy-shop.eu/Lakierowane-czolenka-Spaziomoda-czarne-p391	https://www.italy-shop.eu/images/ly453/6000-7000/Lakierowane-czolenka-Spaziomoda-czarne_%5B6659%5D_1200.jpg	Spaziomoda	980.00 PLN	in_stock	391	187	Obuwie	Czarny	Skóra lakierowana	40	new	female	adult			https://www.italy-shop.eu/images/ly453/6000-7000/Lakierowane-czolenka-Spaziomoda-czarne_%5B6658%5D_1200.jpg,https://www.italy-shop.eu/images/ly453/6000-7000/Lakierowane-czolenka-Spaziomoda-czarne_%5B6660%5D_1200.jpg	jesen
393_72_40	Lakierowane czółenka Spaziomoda — taupe	Czółenka Spaziomoda z lakierowanej skóry. Ostry szpic, szpilka 10 cm, wnętrze skórzane.	https://www.italy-shop.eu/Lakierowane-czolenka-Spaziomoda-szare-p393	https://www.italy-shop.eu/images/ly453/6000-7000/Lakierowane-czolenka-Spaziomoda-szare_%5B6667%5D_1200.jpg	Spaziomoda	980.00 PLN	in_stock	393	187	Obuwie	Taupe	Skóra lakierowana	36	new	female	adult			https://www.italy-shop.eu/images/ly453/6000-7000/Lakierowane-czolenka-Spaziomoda-szare_%5B6665%5D_1200.jpg,https://www.italy-shop.eu/images/ly453/6000-7000/Lakierowane-czolenka-Spaziomoda-szare_%5B6664%5D_1200.jpg,https://www.italy-shop.eu/images/ly453/6000-7000/Lakierowane-czolenka-Spaziomoda-szare_%5B6667%5D_1200.jpg	jesen
393_72_41	Lakierowane czółenka Spaziomoda — taupe	Czółenka Spaziomoda z lakierowanej skóry. Ostry szpic, szpilka 10 cm, wnętrze skórzane.	https://www.italy-shop.eu/Lakierowane-czolenka-Spaziomoda-szare-p393	https://www.italy-shop.eu/images/ly453/6000-7000/Lakierowane-czolenka-Spaziomoda-szare_%5B6667%5D_1200.jpg	Spaziomoda	980.00 PLN	in_stock	393	187	Obuwie	Taupe	Skóra lakierowana	37	new	female	adult			https://www.italy-shop.eu/images/ly453/6000-7000/Lakierowane-czolenka-Spaziomoda-szare_%5B6665%5D_1200.jpg,https://www.italy-shop.eu/images/ly453/6000-7000/Lakierowane-czolenka-Spaziomoda-szare_%5B6664%5D_1200.jpg,https://www.italy-shop.eu/images/ly453/6000-7000/Lakierowane-czolenka-Spaziomoda-szare_%5B6667%5D_1200.jpg	jesen
393_72_42	Lakierowane czółenka Spaziomoda — taupe	Czółenka Spaziomoda z lakierowanej skóry. Ostry szpic, szpilka 10 cm, wnętrze skórzane.	https://www.italy-shop.eu/Lakierowane-czolenka-Spaziomoda-szare-p393	https://www.italy-shop.eu/images/ly453/6000-7000/Lakierowane-czolenka-Spaziomoda-szare_%5B6667%5D_1200.jpg	Spaziomoda	980.00 PLN	in_stock	393	187	Obuwie	Taupe	Skóra lakierowana	38	new	female	adult			https://www.italy-shop.eu/images/ly453/6000-7000/Lakierowane-czolenka-Spaziomoda-szare_%5B6665%5D_1200.jpg,https://www.italy-shop.eu/images/ly453/6000-7000/Lakierowane-czolenka-Spaziomoda-szare_%5B6664%5D_1200.jpg,https://www.italy-shop.eu/images/ly453/6000-7000/Lakierowane-czolenka-Spaziomoda-szare_%5B6667%5D_1200.jpg	jesen
393_72_43	Lakierowane czółenka Spaziomoda — taupe	Czółenka Spaziomoda z lakierowanej skóry. Ostry szpic, szpilka 10 cm, wnętrze skórzane.	https://www.italy-shop.eu/Lakierowane-czolenka-Spaziomoda-szare-p393	https://www.italy-shop.eu/images/ly453/6000-7000/Lakierowane-czolenka-Spaziomoda-szare_%5B6667%5D_1200.jpg	Spaziomoda	980.00 PLN	in_stock	393	187	Obuwie	Taupe	Skóra lakierowana	39	new	female	adult			https://www.italy-shop.eu/images/ly453/6000-7000/Lakierowane-czolenka-Spaziomoda-szare_%5B6665%5D_1200.jpg,https://www.italy-shop.eu/images/ly453/6000-7000/Lakierowane-czolenka-Spaziomoda-szare_%5B6664%5D_1200.jpg,https://www.italy-shop.eu/images/ly453/6000-7000/Lakierowane-czolenka-Spaziomoda-szare_%5B6667%5D_1200.jpg	jesen
393_72_44	Lakierowane czółenka Spaziomoda — taupe	Czółenka Spaziomoda z lakierowanej skóry. Ostry szpic, szpilka 10 cm, wnętrze skórzane.	https://www.italy-shop.eu/Lakierowane-czolenka-Spaziomoda-szare-p393	https://www.italy-shop.eu/images/ly453/6000-7000/Lakierowane-czolenka-Spaziomoda-szare_%5B6667%5D_1200.jpg	Spaziomoda	980.00 PLN	in_stock	393	187	Obuwie	Taupe	Skóra lakierowana	40	new	female	adult			https://www.italy-shop.eu/images/ly453/6000-7000/Lakierowane-czolenka-Spaziomoda-szare_%5B6665%5D_1200.jpg,https://www.italy-shop.eu/images/ly453/6000-7000/Lakierowane-czolenka-Spaziomoda-szare_%5B6664%5D_1200.jpg,https://www.italy-shop.eu/images/ly453/6000-7000/Lakierowane-czolenka-Spaziomoda-szare_%5B6667%5D_1200.jpg	jesen
415_52_40	Lakierowane kozaki Spaziomoda — brązowe	Lakierowane kozaki Spaziomoda w brązie. Wysoka cholewka, ostry szpic, obcas 4 cm, boczny suwak.	https://www.italy-shop.eu/Lakierowane-kozaki-Spaziomoda-brazowe-p415	https://www.italy-shop.eu/images/ly453/6000-7000/Lakierowane-kozaki-Spaziomoda-brazowe_%5B6905%5D_1200.jpg	Spaziomoda	1590.00 PLN	in_stock	415	187	Obuwie	Brązowy	Skóra lakierowana	36	new	female	adult			https://www.italy-shop.eu/images/ly453/6000-7000/Lakierowane-kozaki-Spaziomoda-brazowe_%5B6906%5D_1200.jpg	jesen
415_52_41	Lakierowane kozaki Spaziomoda — brązowe	Lakierowane kozaki Spaziomoda w brązie. Wysoka cholewka, ostry szpic, obcas 4 cm, boczny suwak.	https://www.italy-shop.eu/Lakierowane-kozaki-Spaziomoda-brazowe-p415	https://www.italy-shop.eu/images/ly453/6000-7000/Lakierowane-kozaki-Spaziomoda-brazowe_%5B6905%5D_1200.jpg	Spaziomoda	1590.00 PLN	in_stock	415	187	Obuwie	Brązowy	Skóra lakierowana	37	new	female	adult			https://www.italy-shop.eu/images/ly453/6000-7000/Lakierowane-kozaki-Spaziomoda-brazowe_%5B6906%5D_1200.jpg	jesen
415_52_42	Lakierowane kozaki Spaziomoda — brązowe	Lakierowane kozaki Spaziomoda w brązie. Wysoka cholewka, ostry szpic, obcas 4 cm, boczny suwak.	https://www.italy-shop.eu/Lakierowane-kozaki-Spaziomoda-brazowe-p415	https://www.italy-shop.eu/images/ly453/6000-7000/Lakierowane-kozaki-Spaziomoda-brazowe_%5B6905%5D_1200.jpg	Spaziomoda	1590.00 PLN	in_stock	415	187	Obuwie	Brązowy	Skóra lakierowana	38	new	female	adult			https://www.italy-shop.eu/images/ly453/6000-7000/Lakierowane-kozaki-Spaziomoda-brazowe_%5B6906%5D_1200.jpg	jesen
415_52_43	Lakierowane kozaki Spaziomoda — brązowe	Lakierowane kozaki Spaziomoda w brązie. Wysoka cholewka, ostry szpic, obcas 4 cm, boczny suwak.	https://www.italy-shop.eu/Lakierowane-kozaki-Spaziomoda-brazowe-p415	https://www.italy-shop.eu/images/ly453/6000-7000/Lakierowane-kozaki-Spaziomoda-brazowe_%5B6905%5D_1200.jpg	Spaziomoda	1590.00 PLN	in_stock	415	187	Obuwie	Brązowy	Skóra lakierowana	39	new	female	adult			https://www.italy-shop.eu/images/ly453/6000-7000/Lakierowane-kozaki-Spaziomoda-brazowe_%5B6906%5D_1200.jpg	jesen
415_52_44	Lakierowane kozaki Spaziomoda — brązowe	Lakierowane kozaki Spaziomoda w brązie. Wysoka cholewka, ostry szpic, obcas 4 cm, boczny suwak.	https://www.italy-shop.eu/Lakierowane-kozaki-Spaziomoda-brazowe-p415	https://www.italy-shop.eu/images/ly453/6000-7000/Lakierowane-kozaki-Spaziomoda-brazowe_%5B6905%5D_1200.jpg	Spaziomoda	1590.00 PLN	in_stock	415	187	Obuwie	Brązowy	Skóra lakierowana	40	new	female	adult			https://www.italy-shop.eu/images/ly453/6000-7000/Lakierowane-kozaki-Spaziomoda-brazowe_%5B6906%5D_1200.jpg	jesen
415_52_63	Lakierowane kozaki Spaziomoda — brązowe	Lakierowane kozaki Spaziomoda w brązie. Wysoka cholewka, ostry szpic, obcas 4 cm, boczny suwak.	https://www.italy-shop.eu/Lakierowane-kozaki-Spaziomoda-brazowe-p415	https://www.italy-shop.eu/images/ly453/6000-7000/Lakierowane-kozaki-Spaziomoda-brazowe_%5B6905%5D_1200.jpg	Spaziomoda	1590.00 PLN	in_stock	415	187	Obuwie	Brązowy	Skóra lakierowana	41	new	female	adult			https://www.italy-shop.eu/images/ly453/6000-7000/Lakierowane-kozaki-Spaziomoda-brazowe_%5B6906%5D_1200.jpg	jesen
414_45_40	Lakierowane kozaki Spaziomoda — czarne	Lakierowane kozaki Spaziomoda w czerni. Wysoka cholewka, ostry szpic, obcas 4 cm, boczny suwak.	https://www.italy-shop.eu/Lakierowane-kozaki-Spaziomoda-czarne-p414	https://www.italy-shop.eu/images/ly453/6000-7000/Lakierowane-kozaki-Spaziomoda-czarne_%5B6903%5D_1200.jpg	Spaziomoda	1590.00 PLN	in_stock	414	187	Obuwie	Czarny	Skóra lakierowana	36	new	female	adult			https://www.italy-shop.eu/images/ly453/6000-7000/Lakierowane-kozaki-Spaziomoda-czarne_%5B6893%5D_1200.jpg,https://www.italy-shop.eu/images/ly453/6000-7000/Lakierowane-kozaki-Spaziomoda-czarne_%5B6892%5D_1200.jpg,https://www.italy-shop.eu/images/ly453/6000-7000/Lakierowane-kozaki-Spaziomoda-czarne_%5B6904%5D_1200.jpg	jesen
414_45_41	Lakierowane kozaki Spaziomoda — czarne	Lakierowane kozaki Spaziomoda w czerni. Wysoka cholewka, ostry szpic, obcas 4 cm, boczny suwak.	https://www.italy-shop.eu/Lakierowane-kozaki-Spaziomoda-czarne-p414	https://www.italy-shop.eu/images/ly453/6000-7000/Lakierowane-kozaki-Spaziomoda-czarne_%5B6903%5D_1200.jpg	Spaziomoda	1590.00 PLN	in_stock	414	187	Obuwie	Czarny	Skóra lakierowana	37	new	female	adult			https://www.italy-shop.eu/images/ly453/6000-7000/Lakierowane-kozaki-Spaziomoda-czarne_%5B6893%5D_1200.jpg,https://www.italy-shop.eu/images/ly453/6000-7000/Lakierowane-kozaki-Spaziomoda-czarne_%5B6892%5D_1200.jpg,https://www.italy-shop.eu/images/ly453/6000-7000/Lakierowane-kozaki-Spaziomoda-czarne_%5B6904%5D_1200.jpg	jesen
414_45_42	Lakierowane kozaki Spaziomoda — czarne	Lakierowane kozaki Spaziomoda w czerni. Wysoka cholewka, ostry szpic, obcas 4 cm, boczny suwak.	https://www.italy-shop.eu/Lakierowane-kozaki-Spaziomoda-czarne-p414	https://www.italy-shop.eu/images/ly453/6000-7000/Lakierowane-kozaki-Spaziomoda-czarne_%5B6903%5D_1200.jpg	Spaziomoda	1590.00 PLN	in_stock	414	187	Obuwie	Czarny	Skóra lakierowana	38	new	female	adult			https://www.italy-shop.eu/images/ly453/6000-7000/Lakierowane-kozaki-Spaziomoda-czarne_%5B6893%5D_1200.jpg,https://www.italy-shop.eu/images/ly453/6000-7000/Lakierowane-kozaki-Spaziomoda-czarne_%5B6892%5D_1200.jpg,https://www.italy-shop.eu/images/ly453/6000-7000/Lakierowane-kozaki-Spaziomoda-czarne_%5B6904%5D_1200.jpg	jesen
414_45_43	Lakierowane kozaki Spaziomoda — czarne	Lakierowane kozaki Spaziomoda w czerni. Wysoka cholewka, ostry szpic, obcas 4 cm, boczny suwak.	https://www.italy-shop.eu/Lakierowane-kozaki-Spaziomoda-czarne-p414	https://www.italy-shop.eu/images/ly453/6000-7000/Lakierowane-kozaki-Spaziomoda-czarne_%5B6903%5D_1200.jpg	Spaziomoda	1590.00 PLN	in_stock	414	187	Obuwie	Czarny	Skóra lakierowana	39	new	female	adult			https://www.italy-shop.eu/images/ly453/6000-7000/Lakierowane-kozaki-Spaziomoda-czarne_%5B6893%5D_1200.jpg,https://www.italy-shop.eu/images/ly453/6000-7000/Lakierowane-kozaki-Spaziomoda-czarne_%5B6892%5D_1200.jpg,https://www.italy-shop.eu/images/ly453/6000-7000/Lakierowane-kozaki-Spaziomoda-czarne_%5B6904%5D_1200.jpg	jesen
414_45_44	Lakierowane kozaki Spaziomoda — czarne	Lakierowane kozaki Spaziomoda w czerni. Wysoka cholewka, ostry szpic, obcas 4 cm, boczny suwak.	https://www.italy-shop.eu/Lakierowane-kozaki-Spaziomoda-czarne-p414	https://www.italy-shop.eu/images/ly453/6000-7000/Lakierowane-kozaki-Spaziomoda-czarne_%5B6903%5D_1200.jpg	Spaziomoda	1590.00 PLN	in_stock	414	187	Obuwie	Czarny	Skóra lakierowana	40	new	female	adult			https://www.italy-shop.eu/images/ly453/6000-7000/Lakierowane-kozaki-Spaziomoda-czarne_%5B6893%5D_1200.jpg,https://www.italy-shop.eu/images/ly453/6000-7000/Lakierowane-kozaki-Spaziomoda-czarne_%5B6892%5D_1200.jpg,https://www.italy-shop.eu/images/ly453/6000-7000/Lakierowane-kozaki-Spaziomoda-czarne_%5B6904%5D_1200.jpg	jesen
414_45_63	Lakierowane kozaki Spaziomoda — czarne	Lakierowane kozaki Spaziomoda w czerni. Wysoka cholewka, ostry szpic, obcas 4 cm, boczny suwak.	https://www.italy-shop.eu/Lakierowane-kozaki-Spaziomoda-czarne-p414	https://www.italy-shop.eu/images/ly453/6000-7000/Lakierowane-kozaki-Spaziomoda-czarne_%5B6903%5D_1200.jpg	Spaziomoda	1590.00 PLN	in_stock	414	187	Obuwie	Czarny	Skóra lakierowana	41	new	female	adult			https://www.italy-shop.eu/images/ly453/6000-7000/Lakierowane-kozaki-Spaziomoda-czarne_%5B6893%5D_1200.jpg,https://www.italy-shop.eu/images/ly453/6000-7000/Lakierowane-kozaki-Spaziomoda-czarne_%5B6892%5D_1200.jpg,https://www.italy-shop.eu/images/ly453/6000-7000/Lakierowane-kozaki-Spaziomoda-czarne_%5B6904%5D_1200.jpg	jesen
111_45	Miękka torebka Leather Country	Klasyczna torebka bucket z miękkiej, gładkiej skóry naturalnej. Minimalistyczny fason bez zbędnych detali, solidne okucia w kolorze złotym. Idealna do codziennych stylizacji biznesowych.	https://www.italy-shop.eu/Miekka-torebka-Leather-Country-p111	https://www.italy-shop.eu/images/ly453/6000-7000/Miekka-torebka-Leather-Country_%5B6861%5D_1200.jpg	Leather Country	429.00 PLN	in_stock	111	3032	Torebki	Czarny			new	female	adult			https://www.italy-shop.eu/images/ly453/1000-2000/Miekka-torebka-Leather-Country_%5B1492%5D_1200.jpg,https://www.italy-shop.eu/images/ly453/6000-7000/Miekka-torebka-Leather-Country_%5B6862%5D_1200.jpg,https://www.italy-shop.eu/images/ly453/6000-7000/Miekka-torebka-Leather-Country_%5B6863%5D_1200.jpg,https://www.italy-shop.eu/images/ly453/6000-7000/Miekka-torebka-Leather-Country_%5B6864%5D_1200.jpg,https://www.italy-shop.eu/images/ly453/1000-2000/Miekka-torebka-Leather-Country_%5B1481%5D_1200.jpg,https://www.italy-shop.eu/images/ly453/1000-2000/Miekka-torebka-Leather-Country_%5B1485%5D_1200.jpg,https://www.italy-shop.eu/images/ly453/1000-2000/Miekka-torebka-Leather-Country_%5B1484%5D_1200.jpg,https://www.italy-shop.eu/images/ly453/1000-2000/Miekka-torebka-Leather-Country_%5B1486%5D_1200.jpg,https://www.italy-shop.eu/images/ly453/1000-2000/Miekka-torebka-Leather-Country_%5B1487%5D_1200.jpg,https://www.italy-shop.eu/images/ly453/1000-2000/Miekka-torebka-Leather-Country_%5B1488%5D_1200.jpg	other
111_47	Miękka torebka Leather Country	Klasyczna torebka bucket z miękkiej, gładkiej skóry naturalnej. Minimalistyczny fason bez zbędnych detali, solidne okucia w kolorze złotym. Idealna do codziennych stylizacji biznesowych.	https://www.italy-shop.eu/Miekka-torebka-Leather-Country-p111	https://www.italy-shop.eu/images/ly453/1000-2000/Miekka-torebka-Leather-Country_%5B1485%5D_1200.jpg	Leather Country	429.00 PLN	in_stock	111	3032	Torebki	Beżowy			new	female	adult			https://www.italy-shop.eu/images/ly453/1000-2000/Miekka-torebka-Leather-Country_%5B1492%5D_1200.jpg,https://www.italy-shop.eu/images/ly453/6000-7000/Miekka-torebka-Leather-Country_%5B6862%5D_1200.jpg,https://www.italy-shop.eu/images/ly453/6000-7000/Miekka-torebka-Leather-Country_%5B6863%5D_1200.jpg,https://www.italy-shop.eu/images/ly453/6000-7000/Miekka-torebka-Leather-Country_%5B6864%5D_1200.jpg,https://www.italy-shop.eu/images/ly453/1000-2000/Miekka-torebka-Leather-Country_%5B1481%5D_1200.jpg,https://www.italy-shop.eu/images/ly453/1000-2000/Miekka-torebka-Leather-Country_%5B1485%5D_1200.jpg,https://www.italy-shop.eu/images/ly453/1000-2000/Miekka-torebka-Leather-Country_%5B1484%5D_1200.jpg,https://www.italy-shop.eu/images/ly453/1000-2000/Miekka-torebka-Leather-Country_%5B1486%5D_1200.jpg,https://www.italy-shop.eu/images/ly453/1000-2000/Miekka-torebka-Leather-Country_%5B1487%5D_1200.jpg,https://www.italy-shop.eu/images/ly453/1000-2000/Miekka-torebka-Leather-Country_%5B1488%5D_1200.jpg	other
111_49	Miękka torebka Leather Country	Klasyczna torebka bucket z miękkiej, gładkiej skóry naturalnej. Minimalistyczny fason bez zbędnych detali, solidne okucia w kolorze złotym. Idealna do codziennych stylizacji biznesowych.	https://www.italy-shop.eu/Miekka-torebka-Leather-Country-p111	https://www.italy-shop.eu/images/ly453/1000-2000/Miekka-torebka-Leather-Country_%5B1484%5D_1200.jpg	Leather Country	429.00 PLN	in_stock	111	3032	Torebki	Czerwony			new	female	adult			https://www.italy-shop.eu/images/ly453/1000-2000/Miekka-torebka-Leather-Country_%5B1492%5D_1200.jpg,https://www.italy-shop.eu/images/ly453/6000-7000/Miekka-torebka-Leather-Country_%5B6862%5D_1200.jpg,https://www.italy-shop.eu/images/ly453/6000-7000/Miekka-torebka-Leather-Country_%5B6863%5D_1200.jpg,https://www.italy-shop.eu/images/ly453/6000-7000/Miekka-torebka-Leather-Country_%5B6864%5D_1200.jpg,https://www.italy-shop.eu/images/ly453/1000-2000/Miekka-torebka-Leather-Country_%5B1481%5D_1200.jpg,https://www.italy-shop.eu/images/ly453/1000-2000/Miekka-torebka-Leather-Country_%5B1485%5D_1200.jpg,https://www.italy-shop.eu/images/ly453/1000-2000/Miekka-torebka-Leather-Country_%5B1484%5D_1200.jpg,https://www.italy-shop.eu/images/ly453/1000-2000/Miekka-torebka-Leather-Country_%5B1486%5D_1200.jpg,https://www.italy-shop.eu/images/ly453/1000-2000/Miekka-torebka-Leather-Country_%5B1487%5D_1200.jpg,https://www.italy-shop.eu/images/ly453/1000-2000/Miekka-torebka-Leather-Country_%5B1488%5D_1200.jpg	other
111_58	Miękka torebka Leather Country	Klasyczna torebka bucket z miękkiej, gładkiej skóry naturalnej. Minimalistyczny fason bez zbędnych detali, solidne okucia w kolorze złotym. Idealna do codziennych stylizacji biznesowych.	https://www.italy-shop.eu/Miekka-torebka-Leather-Country-p111	https://www.italy-shop.eu/images/ly453/1000-2000/Miekka-torebka-Leather-Country_%5B1486%5D_1200.jpg	Leather Country	429.00 PLN	in_stock	111	3032	Torebki	Szary			new	female	adult			https://www.italy-shop.eu/images/ly453/1000-2000/Miekka-torebka-Leather-Country_%5B1492%5D_1200.jpg,https://www.italy-shop.eu/images/ly453/6000-7000/Miekka-torebka-Leather-Country_%5B6862%5D_1200.jpg,https://www.italy-shop.eu/images/ly453/6000-7000/Miekka-torebka-Leather-Country_%5B6863%5D_1200.jpg,https://www.italy-shop.eu/images/ly453/6000-7000/Miekka-torebka-Leather-Country_%5B6864%5D_1200.jpg,https://www.italy-shop.eu/images/ly453/1000-2000/Miekka-torebka-Leather-Country_%5B1481%5D_1200.jpg,https://www.italy-shop.eu/images/ly453/1000-2000/Miekka-torebka-Leather-Country_%5B1485%5D_1200.jpg,https://www.italy-shop.eu/images/ly453/1000-2000/Miekka-torebka-Leather-Country_%5B1484%5D_1200.jpg,https://www.italy-shop.eu/images/ly453/1000-2000/Miekka-torebka-Leather-Country_%5B1486%5D_1200.jpg,https://www.italy-shop.eu/images/ly453/1000-2000/Miekka-torebka-Leather-Country_%5B1487%5D_1200.jpg,https://www.italy-shop.eu/images/ly453/1000-2000/Miekka-torebka-Leather-Country_%5B1488%5D_1200.jpg	other
111_59	Miękka torebka Leather Country	Klasyczna torebka bucket z miękkiej, gładkiej skóry naturalnej. Minimalistyczny fason bez zbędnych detali, solidne okucia w kolorze złotym. Idealna do codziennych stylizacji biznesowych.	https://www.italy-shop.eu/Miekka-torebka-Leather-Country-p111	https://www.italy-shop.eu/images/ly453/1000-2000/Miekka-torebka-Leather-Country_%5B1487%5D_1200.jpg	Leather Country	429.00 PLN	in_stock	111	3032	Torebki	Karmel			new	female	adult			https://www.italy-shop.eu/images/ly453/1000-2000/Miekka-torebka-Leather-Country_%5B1492%5D_1200.jpg,https://www.italy-shop.eu/images/ly453/6000-7000/Miekka-torebka-Leather-Country_%5B6862%5D_1200.jpg,https://www.italy-shop.eu/images/ly453/6000-7000/Miekka-torebka-Leather-Country_%5B6863%5D_1200.jpg,https://www.italy-shop.eu/images/ly453/6000-7000/Miekka-torebka-Leather-Country_%5B6864%5D_1200.jpg,https://www.italy-shop.eu/images/ly453/1000-2000/Miekka-torebka-Leather-Country_%5B1481%5D_1200.jpg,https://www.italy-shop.eu/images/ly453/1000-2000/Miekka-torebka-Leather-Country_%5B1485%5D_1200.jpg,https://www.italy-shop.eu/images/ly453/1000-2000/Miekka-torebka-Leather-Country_%5B1484%5D_1200.jpg,https://www.italy-shop.eu/images/ly453/1000-2000/Miekka-torebka-Leather-Country_%5B1486%5D_1200.jpg,https://www.italy-shop.eu/images/ly453/1000-2000/Miekka-torebka-Leather-Country_%5B1487%5D_1200.jpg,https://www.italy-shop.eu/images/ly453/1000-2000/Miekka-torebka-Leather-Country_%5B1488%5D_1200.jpg	other
111_66	Miękka torebka Leather Country	Klasyczna torebka bucket z miękkiej, gładkiej skóry naturalnej. Minimalistyczny fason bez zbędnych detali, solidne okucia w kolorze złotym. Idealna do codziennych stylizacji biznesowych.	https://www.italy-shop.eu/Miekka-torebka-Leather-Country-p111	https://www.italy-shop.eu/images/ly453/1000-2000/Miekka-torebka-Leather-Country_%5B1484%5D_1200.jpg	Leather Country	429.00 PLN	in_stock	111	3032	Torebki	Mleczny			new	female	adult			https://www.italy-shop.eu/images/ly453/1000-2000/Miekka-torebka-Leather-Country_%5B1492%5D_1200.jpg,https://www.italy-shop.eu/images/ly453/6000-7000/Miekka-torebka-Leather-Country_%5B6862%5D_1200.jpg,https://www.italy-shop.eu/images/ly453/6000-7000/Miekka-torebka-Leather-Country_%5B6863%5D_1200.jpg,https://www.italy-shop.eu/images/ly453/6000-7000/Miekka-torebka-Leather-Country_%5B6864%5D_1200.jpg,https://www.italy-shop.eu/images/ly453/1000-2000/Miekka-torebka-Leather-Country_%5B1481%5D_1200.jpg,https://www.italy-shop.eu/images/ly453/1000-2000/Miekka-torebka-Leather-Country_%5B1485%5D_1200.jpg,https://www.italy-shop.eu/images/ly453/1000-2000/Miekka-torebka-Leather-Country_%5B1484%5D_1200.jpg,https://www.italy-shop.eu/images/ly453/1000-2000/Miekka-torebka-Leather-Country_%5B1486%5D_1200.jpg,https://www.italy-shop.eu/images/ly453/1000-2000/Miekka-torebka-Leather-Country_%5B1487%5D_1200.jpg,https://www.italy-shop.eu/images/ly453/1000-2000/Miekka-torebka-Leather-Country_%5B1488%5D_1200.jpg	other
111_72	Miękka torebka Leather Country	Klasyczna torebka bucket z miękkiej, gładkiej skóry naturalnej. Minimalistyczny fason bez zbędnych detali, solidne okucia w kolorze złotym. Idealna do codziennych stylizacji biznesowych.	https://www.italy-shop.eu/Miekka-torebka-Leather-Country-p111	https://www.italy-shop.eu/images/ly453/6000-7000/Miekka-torebka-Leather-Country_%5B6864%5D_1200.jpg	Leather Country	429.00 PLN	in_stock	111	3032	Torebki	Taupe			new	female	adult			https://www.italy-shop.eu/images/ly453/1000-2000/Miekka-torebka-Leather-Country_%5B1492%5D_1200.jpg,https://www.italy-shop.eu/images/ly453/6000-7000/Miekka-torebka-Leather-Country_%5B6862%5D_1200.jpg,https://www.italy-shop.eu/images/ly453/6000-7000/Miekka-torebka-Leather-Country_%5B6863%5D_1200.jpg,https://www.italy-shop.eu/images/ly453/6000-7000/Miekka-torebka-Leather-Country_%5B6864%5D_1200.jpg,https://www.italy-shop.eu/images/ly453/1000-2000/Miekka-torebka-Leather-Country_%5B1481%5D_1200.jpg,https://www.italy-shop.eu/images/ly453/1000-2000/Miekka-torebka-Leather-Country_%5B1485%5D_1200.jpg,https://www.italy-shop.eu/images/ly453/1000-2000/Miekka-torebka-Leather-Country_%5B1484%5D_1200.jpg,https://www.italy-shop.eu/images/ly453/1000-2000/Miekka-torebka-Leather-Country_%5B1486%5D_1200.jpg,https://www.italy-shop.eu/images/ly453/1000-2000/Miekka-torebka-Leather-Country_%5B1487%5D_1200.jpg,https://www.italy-shop.eu/images/ly453/1000-2000/Miekka-torebka-Leather-Country_%5B1488%5D_1200.jpg	other
441_52_40	Miękkie skórzane botki Lestrosa z paskiem — brązowe	Miękkie skórzane botki Lestrosa w brązie: pasek ze złotą klamrą, ostry szpic, słupek 7 cm.	https://www.italy-shop.eu/Miekkie-skorzane-botki-Lestrosa-z-paskiem-brazowe-p441	https://www.italy-shop.eu/images/ly453/7000-8000/Miekkie-skorzane-botki-Lestrosa-z-paskiem-brazowe_%5B7069%5D_1200.jpg	Lestrosa	1050.00 PLN	in_stock	441	187	Obuwie > Buty	Brązowy	Skóra gładka	36	new	female	adult			https://www.italy-shop.eu/images/ly453/7000-8000/Miekkie-skorzane-botki-Lestrosa-z-paskiem-brazowe_%5B7068%5D_1200.jpg,https://www.italy-shop.eu/images/ly453/7000-8000/Miekkie-skorzane-botki-Lestrosa-z-paskiem-brazowe_%5B7070%5D_1200.jpg,https://www.italy-shop.eu/images/ly453/7000-8000/Miekkie-skorzane-botki-Lestrosa-z-paskiem-brazowe_%5B7071%5D_1200.jpg	jesen
441_52_41	Miękkie skórzane botki Lestrosa z paskiem — brązowe	Miękkie skórzane botki Lestrosa w brązie: pasek ze złotą klamrą, ostry szpic, słupek 7 cm.	https://www.italy-shop.eu/Miekkie-skorzane-botki-Lestrosa-z-paskiem-brazowe-p441	https://www.italy-shop.eu/images/ly453/7000-8000/Miekkie-skorzane-botki-Lestrosa-z-paskiem-brazowe_%5B7069%5D_1200.jpg	Lestrosa	1050.00 PLN	in_stock	441	187	Obuwie > Buty	Brązowy	Skóra gładka	37	new	female	adult			https://www.italy-shop.eu/images/ly453/7000-8000/Miekkie-skorzane-botki-Lestrosa-z-paskiem-brazowe_%5B7068%5D_1200.jpg,https://www.italy-shop.eu/images/ly453/7000-8000/Miekkie-skorzane-botki-Lestrosa-z-paskiem-brazowe_%5B7070%5D_1200.jpg,https://www.italy-shop.eu/images/ly453/7000-8000/Miekkie-skorzane-botki-Lestrosa-z-paskiem-brazowe_%5B7071%5D_1200.jpg	jesen
441_52_42	Miękkie skórzane botki Lestrosa z paskiem — brązowe	Miękkie skórzane botki Lestrosa w brązie: pasek ze złotą klamrą, ostry szpic, słupek 7 cm.	https://www.italy-shop.eu/Miekkie-skorzane-botki-Lestrosa-z-paskiem-brazowe-p441	https://www.italy-shop.eu/images/ly453/7000-8000/Miekkie-skorzane-botki-Lestrosa-z-paskiem-brazowe_%5B7069%5D_1200.jpg	Lestrosa	1050.00 PLN	in_stock	441	187	Obuwie > Buty	Brązowy	Skóra gładka	38	new	female	adult			https://www.italy-shop.eu/images/ly453/7000-8000/Miekkie-skorzane-botki-Lestrosa-z-paskiem-brazowe_%5B7068%5D_1200.jpg,https://www.italy-shop.eu/images/ly453/7000-8000/Miekkie-skorzane-botki-Lestrosa-z-paskiem-brazowe_%5B7070%5D_1200.jpg,https://www.italy-shop.eu/images/ly453/7000-8000/Miekkie-skorzane-botki-Lestrosa-z-paskiem-brazowe_%5B7071%5D_1200.jpg	jesen
441_52_43	Miękkie skórzane botki Lestrosa z paskiem — brązowe	Miękkie skórzane botki Lestrosa w brązie: pasek ze złotą klamrą, ostry szpic, słupek 7 cm.	https://www.italy-shop.eu/Miekkie-skorzane-botki-Lestrosa-z-paskiem-brazowe-p441	https://www.italy-shop.eu/images/ly453/7000-8000/Miekkie-skorzane-botki-Lestrosa-z-paskiem-brazowe_%5B7069%5D_1200.jpg	Lestrosa	1050.00 PLN	in_stock	441	187	Obuwie > Buty	Brązowy	Skóra gładka	39	new	female	adult			https://www.italy-shop.eu/images/ly453/7000-8000/Miekkie-skorzane-botki-Lestrosa-z-paskiem-brazowe_%5B7068%5D_1200.jpg,https://www.italy-shop.eu/images/ly453/7000-8000/Miekkie-skorzane-botki-Lestrosa-z-paskiem-brazowe_%5B7070%5D_1200.jpg,https://www.italy-shop.eu/images/ly453/7000-8000/Miekkie-skorzane-botki-Lestrosa-z-paskiem-brazowe_%5B7071%5D_1200.jpg	jesen
441_52_44	Miękkie skórzane botki Lestrosa z paskiem — brązowe	Miękkie skórzane botki Lestrosa w brązie: pasek ze złotą klamrą, ostry szpic, słupek 7 cm.	https://www.italy-shop.eu/Miekkie-skorzane-botki-Lestrosa-z-paskiem-brazowe-p441	https://www.italy-shop.eu/images/ly453/7000-8000/Miekkie-skorzane-botki-Lestrosa-z-paskiem-brazowe_%5B7069%5D_1200.jpg	Lestrosa	1050.00 PLN	in_stock	441	187	Obuwie > Buty	Brązowy	Skóra gładka	40	new	female	adult			https://www.italy-shop.eu/images/ly453/7000-8000/Miekkie-skorzane-botki-Lestrosa-z-paskiem-brazowe_%5B7068%5D_1200.jpg,https://www.italy-shop.eu/images/ly453/7000-8000/Miekkie-skorzane-botki-Lestrosa-z-paskiem-brazowe_%5B7070%5D_1200.jpg,https://www.italy-shop.eu/images/ly453/7000-8000/Miekkie-skorzane-botki-Lestrosa-z-paskiem-brazowe_%5B7071%5D_1200.jpg	jesen
440_45_40	Miękkie skórzane botki Lestrosa z paskiem — czarne	Miękkie skórzane botki Lestrosa w czerni: pasek ze złotą klamrą, ostry szpic, słupek 7 cm.	https://www.italy-shop.eu/Miekkie-skorzane-botki-Lestrosa-z-paskiem-czarne-p440	https://www.italy-shop.eu/images/ly453/7000-8000/Miekkie-skorzane-botki-Lestrosa-z-paskiem-czarne_%5B7065%5D_1200.jpg	Lestrosa	1050.00 PLN	in_stock	440	187	Obuwie > Buty	Czarny	Skóra gładka	36	new	female	adult			https://www.italy-shop.eu/images/ly453/7000-8000/Miekkie-skorzane-botki-Lestrosa-z-paskiem-czarne_%5B7064%5D_1200.jpg,https://www.italy-shop.eu/images/ly453/7000-8000/Miekkie-skorzane-botki-Lestrosa-z-paskiem-czarne_%5B7066%5D_1200.jpg,https://www.italy-shop.eu/images/ly453/7000-8000/Miekkie-skorzane-botki-Lestrosa-z-paskiem-czarne_%5B7067%5D_1200.jpg	jesen
440_45_41	Miękkie skórzane botki Lestrosa z paskiem — czarne	Miękkie skórzane botki Lestrosa w czerni: pasek ze złotą klamrą, ostry szpic, słupek 7 cm.	https://www.italy-shop.eu/Miekkie-skorzane-botki-Lestrosa-z-paskiem-czarne-p440	https://www.italy-shop.eu/images/ly453/7000-8000/Miekkie-skorzane-botki-Lestrosa-z-paskiem-czarne_%5B7065%5D_1200.jpg	Lestrosa	1050.00 PLN	in_stock	440	187	Obuwie > Buty	Czarny	Skóra gładka	37	new	female	adult			https://www.italy-shop.eu/images/ly453/7000-8000/Miekkie-skorzane-botki-Lestrosa-z-paskiem-czarne_%5B7064%5D_1200.jpg,https://www.italy-shop.eu/images/ly453/7000-8000/Miekkie-skorzane-botki-Lestrosa-z-paskiem-czarne_%5B7066%5D_1200.jpg,https://www.italy-shop.eu/images/ly453/7000-8000/Miekkie-skorzane-botki-Lestrosa-z-paskiem-czarne_%5B7067%5D_1200.jpg	jesen
440_45_42	Miękkie skórzane botki Lestrosa z paskiem — czarne	Miękkie skórzane botki Lestrosa w czerni: pasek ze złotą klamrą, ostry szpic, słupek 7 cm.	https://www.italy-shop.eu/Miekkie-skorzane-botki-Lestrosa-z-paskiem-czarne-p440	https://www.italy-shop.eu/images/ly453/7000-8000/Miekkie-skorzane-botki-Lestrosa-z-paskiem-czarne_%5B7065%5D_1200.jpg	Lestrosa	1050.00 PLN	in_stock	440	187	Obuwie > Buty	Czarny	Skóra gładka	38	new	female	adult			https://www.italy-shop.eu/images/ly453/7000-8000/Miekkie-skorzane-botki-Lestrosa-z-paskiem-czarne_%5B7064%5D_1200.jpg,https://www.italy-shop.eu/images/ly453/7000-8000/Miekkie-skorzane-botki-Lestrosa-z-paskiem-czarne_%5B7066%5D_1200.jpg,https://www.italy-shop.eu/images/ly453/7000-8000/Miekkie-skorzane-botki-Lestrosa-z-paskiem-czarne_%5B7067%5D_1200.jpg	jesen
440_45_43	Miękkie skórzane botki Lestrosa z paskiem — czarne	Miękkie skórzane botki Lestrosa w czerni: pasek ze złotą klamrą, ostry szpic, słupek 7 cm.	https://www.italy-shop.eu/Miekkie-skorzane-botki-Lestrosa-z-paskiem-czarne-p440	https://www.italy-shop.eu/images/ly453/7000-8000/Miekkie-skorzane-botki-Lestrosa-z-paskiem-czarne_%5B7065%5D_1200.jpg	Lestrosa	1050.00 PLN	in_stock	440	187	Obuwie > Buty	Czarny	Skóra gładka	39	new	female	adult			https://www.italy-shop.eu/images/ly453/7000-8000/Miekkie-skorzane-botki-Lestrosa-z-paskiem-czarne_%5B7064%5D_1200.jpg,https://www.italy-shop.eu/images/ly453/7000-8000/Miekkie-skorzane-botki-Lestrosa-z-paskiem-czarne_%5B7066%5D_1200.jpg,https://www.italy-shop.eu/images/ly453/7000-8000/Miekkie-skorzane-botki-Lestrosa-z-paskiem-czarne_%5B7067%5D_1200.jpg	jesen
440_45_44	Miękkie skórzane botki Lestrosa z paskiem — czarne	Miękkie skórzane botki Lestrosa w czerni: pasek ze złotą klamrą, ostry szpic, słupek 7 cm.	https://www.italy-shop.eu/Miekkie-skorzane-botki-Lestrosa-z-paskiem-czarne-p440	https://www.italy-shop.eu/images/ly453/7000-8000/Miekkie-skorzane-botki-Lestrosa-z-paskiem-czarne_%5B7065%5D_1200.jpg	Lestrosa	1050.00 PLN	in_stock	440	187	Obuwie > Buty	Czarny	Skóra gładka	40	new	female	adult			https://www.italy-shop.eu/images/ly453/7000-8000/Miekkie-skorzane-botki-Lestrosa-z-paskiem-czarne_%5B7064%5D_1200.jpg,https://www.italy-shop.eu/images/ly453/7000-8000/Miekkie-skorzane-botki-Lestrosa-z-paskiem-czarne_%5B7066%5D_1200.jpg,https://www.italy-shop.eu/images/ly453/7000-8000/Miekkie-skorzane-botki-Lestrosa-z-paskiem-czarne_%5B7067%5D_1200.jpg	jesen
195_45	Pasek Leather Country	Material: skóra naturalna Szerokość: 4 cm	https://www.italy-shop.eu/Pasek-Leather-Country-p195	https://www.italy-shop.eu/images/ly453/1000-2000/Pasek-Leather-Country_%5B1455%5D_1200.jpg	Leather Country	236.00 PLN	in_stock	195	3034	Paski	Czarny			new	female	adult			https://www.italy-shop.eu/images/ly453/1000-2000/Pasek-Leather-Country_%5B1418%5D_1200.jpg,https://www.italy-shop.eu/images/ly453/1000-2000/Pasek-Leather-Country_%5B1419%5D_1200.jpg,https://www.italy-shop.eu/images/ly453/1000-2000/Pasek-Leather-Country_%5B1455%5D_1200.jpg,https://www.italy-shop.eu/images/ly453/1000-2000/Pasek-Leather-Country_%5B1456%5D_1200.jpg	other
195_47	Pasek Leather Country	Material: skóra naturalna Szerokość: 4 cm	https://www.italy-shop.eu/Pasek-Leather-Country-p195	https://www.italy-shop.eu/images/ly453/1000-2000/Pasek-Leather-Country_%5B1419%5D_1200.jpg	Leather Country	236.00 PLN	in_stock	195	3034	Paski	Beżowy			new	female	adult			https://www.italy-shop.eu/images/ly453/1000-2000/Pasek-Leather-Country_%5B1418%5D_1200.jpg,https://www.italy-shop.eu/images/ly453/1000-2000/Pasek-Leather-Country_%5B1419%5D_1200.jpg,https://www.italy-shop.eu/images/ly453/1000-2000/Pasek-Leather-Country_%5B1455%5D_1200.jpg,https://www.italy-shop.eu/images/ly453/1000-2000/Pasek-Leather-Country_%5B1456%5D_1200.jpg	other
195_52	Pasek Leather Country	Material: skóra naturalna Szerokość: 4 cm	https://www.italy-shop.eu/Pasek-Leather-Country-p195	https://www.italy-shop.eu/images/ly453/1000-2000/Pasek-Leather-Country_%5B1417%5D_1200.jpg	Leather Country	236.00 PLN	in_stock	195	3034	Paski	Brązowy			new	female	adult			https://www.italy-shop.eu/images/ly453/1000-2000/Pasek-Leather-Country_%5B1418%5D_1200.jpg,https://www.italy-shop.eu/images/ly453/1000-2000/Pasek-Leather-Country_%5B1419%5D_1200.jpg,https://www.italy-shop.eu/images/ly453/1000-2000/Pasek-Leather-Country_%5B1455%5D_1200.jpg,https://www.italy-shop.eu/images/ly453/1000-2000/Pasek-Leather-Country_%5B1456%5D_1200.jpg	other
197_45	Pasek Leather Country	Material: skóra naturalna Szerokość: 3 cm	https://www.italy-shop.eu/Pasek-Leather-Country-p197	https://www.italy-shop.eu/images/ly453/2000-3000/Pasek-Leather-Country_%5B2031%5D_1200.jpg	Leather Country	178.00 PLN	in_stock	197	3034	Paski	Czarny			new	female	adult			https://www.italy-shop.eu/images/ly453/2000-3000/Pasek-Leather-Country_%5B2031%5D_1200.jpg,https://www.italy-shop.eu/images/ly453/2000-3000/Pasek-Leather-Country_%5B2032%5D_1200.jpg,https://www.italy-shop.eu/images/ly453/2000-3000/Pasek-Leather-Country_%5B2033%5D_1200.jpg,https://www.italy-shop.eu/images/ly453/2000-3000/Pasek-Leather-Country_%5B2034%5D_1200.jpg	other
197_47	Pasek Leather Country	Material: skóra naturalna Szerokość: 3 cm	https://www.italy-shop.eu/Pasek-Leather-Country-p197	https://www.italy-shop.eu/images/ly453/2000-3000/Pasek-Leather-Country_%5B2031%5D_1200.jpg	Leather Country	178.00 PLN	in_stock	197	3034	Paski	Beżowy			new	female	adult			https://www.italy-shop.eu/images/ly453/2000-3000/Pasek-Leather-Country_%5B2031%5D_1200.jpg,https://www.italy-shop.eu/images/ly453/2000-3000/Pasek-Leather-Country_%5B2032%5D_1200.jpg,https://www.italy-shop.eu/images/ly453/2000-3000/Pasek-Leather-Country_%5B2033%5D_1200.jpg,https://www.italy-shop.eu/images/ly453/2000-3000/Pasek-Leather-Country_%5B2034%5D_1200.jpg	other
197_52	Pasek Leather Country	Material: skóra naturalna Szerokość: 3 cm	https://www.italy-shop.eu/Pasek-Leather-Country-p197	https://www.italy-shop.eu/images/ly453/2000-3000/Pasek-Leather-Country_%5B2033%5D_1200.jpg	Leather Country	178.00 PLN	in_stock	197	3034	Paski	Brązowy			new	female	adult			https://www.italy-shop.eu/images/ly453/2000-3000/Pasek-Leather-Country_%5B2031%5D_1200.jpg,https://www.italy-shop.eu/images/ly453/2000-3000/Pasek-Leather-Country_%5B2032%5D_1200.jpg,https://www.italy-shop.eu/images/ly453/2000-3000/Pasek-Leather-Country_%5B2033%5D_1200.jpg,https://www.italy-shop.eu/images/ly453/2000-3000/Pasek-Leather-Country_%5B2034%5D_1200.jpg	other
197_56	Pasek Leather Country	Material: skóra naturalna Szerokość: 3 cm	https://www.italy-shop.eu/Pasek-Leather-Country-p197	https://www.italy-shop.eu/images/ly453/2000-3000/Pasek-Leather-Country_%5B2030%5D_1200.jpg	Leather Country	178.00 PLN	in_stock	197	3034	Paski	Bordowy			new	female	adult			https://www.italy-shop.eu/images/ly453/2000-3000/Pasek-Leather-Country_%5B2031%5D_1200.jpg,https://www.italy-shop.eu/images/ly453/2000-3000/Pasek-Leather-Country_%5B2032%5D_1200.jpg,https://www.italy-shop.eu/images/ly453/2000-3000/Pasek-Leather-Country_%5B2033%5D_1200.jpg,https://www.italy-shop.eu/images/ly453/2000-3000/Pasek-Leather-Country_%5B2034%5D_1200.jpg	other
197_62	Pasek Leather Country	Material: skóra naturalna Szerokość: 3 cm	https://www.italy-shop.eu/Pasek-Leather-Country-p197	https://www.italy-shop.eu/images/ly453/2000-3000/Pasek-Leather-Country_%5B2030%5D_1200.jpg	Leather Country	178.00 PLN	in_stock	197	3034	Paski	Pomarańczowy			new	female	adult			https://www.italy-shop.eu/images/ly453/2000-3000/Pasek-Leather-Country_%5B2031%5D_1200.jpg,https://www.italy-shop.eu/images/ly453/2000-3000/Pasek-Leather-Country_%5B2032%5D_1200.jpg,https://www.italy-shop.eu/images/ly453/2000-3000/Pasek-Leather-Country_%5B2033%5D_1200.jpg,https://www.italy-shop.eu/images/ly453/2000-3000/Pasek-Leather-Country_%5B2034%5D_1200.jpg	other
202_45	Pasek Leather Country Boho	Material: skóra naturalna Szerokość: 2,5 cm Długość: 95 cm	https://www.italy-shop.eu/Pasek-Leather-Country-Boho-p202	https://www.italy-shop.eu/images/ly453/3000-4000/Pasek-Leather-Country-Boho_%5B3018%5D_1200.jpg	Leather Country	89.00 PLN	in_stock	202	3034	Paski	Czarny			new	female	adult			https://www.italy-shop.eu/images/ly453/3000-4000/Pasek-Leather-Country-Boho_%5B3019%5D_1200.jpg,https://www.italy-shop.eu/images/ly453/3000-4000/Pasek-Leather-Country-Boho_%5B3020%5D_1200.jpg,https://www.italy-shop.eu/images/ly453/3000-4000/Pasek-Leather-Country-Boho_%5B3021%5D_1200.jpg	other
456_45	Pikowana torebka Leather Country — Colette	Skórzana, pikowana torebka Leather Country ze złotym zapięciem twist-lock, z rączką i długim paskiem. 34×21×14 cm.	https://www.italy-shop.eu/Pikowana-torebka-Leather-Country-Colette-p456	https://www.italy-shop.eu/images/ly453/7000-8000/Pikowana-torebka-Leather-Country-Colette_%5B7148%5D_1200.jpg	Leather Country	590.00 PLN	in_stock	456	3032	Torebki	Czarny	Skóra gładka		new	female	adult			https://www.italy-shop.eu/images/ly453/7000-8000/Pikowana-torebka-Leather-Country-Colette_%5B7147%5D_1200.jpg,https://www.italy-shop.eu/images/ly453/7000-8000/Pikowana-torebka-Leather-Country-Colette_%5B7148%5D_1200.jpg,https://www.italy-shop.eu/images/ly453/7000-8000/Pikowana-torebka-Leather-Country-Colette_%5B7149%5D_1200.jpg,https://www.italy-shop.eu/images/ly453/7000-8000/Pikowana-torebka-Leather-Country-Colette_%5B7142%5D_1200.jpg,https://www.italy-shop.eu/images/ly453/7000-8000/Pikowana-torebka-Leather-Country-Colette_%5B7141%5D_1200.jpg,https://www.italy-shop.eu/images/ly453/7000-8000/Pikowana-torebka-Leather-Country-Colette_%5B7144%5D_1200.jpg,https://www.italy-shop.eu/images/ly453/7000-8000/Pikowana-torebka-Leather-Country-Colette_%5B7146%5D_1200.jpg,https://www.italy-shop.eu/images/ly453/7000-8000/Pikowana-torebka-Leather-Country-Colette_%5B7150%5D_1200.jpg,https://www.italy-shop.eu/images/ly453/7000-8000/Pikowana-torebka-Leather-Country-Colette_%5B7143%5D_1200.jpg	other
456_47	Pikowana torebka Leather Country — Colette	Skórzana, pikowana torebka Leather Country ze złotym zapięciem twist-lock, z rączką i długim paskiem. 34×21×14 cm.	https://www.italy-shop.eu/Pikowana-torebka-Leather-Country-Colette-p456	https://www.italy-shop.eu/images/ly453/7000-8000/Pikowana-torebka-Leather-Country-Colette_%5B7144%5D_1200.jpg	Leather Country	590.00 PLN	in_stock	456	3032	Torebki	Beżowy	Skóra gładka		new	female	adult			https://www.italy-shop.eu/images/ly453/7000-8000/Pikowana-torebka-Leather-Country-Colette_%5B7147%5D_1200.jpg,https://www.italy-shop.eu/images/ly453/7000-8000/Pikowana-torebka-Leather-Country-Colette_%5B7148%5D_1200.jpg,https://www.italy-shop.eu/images/ly453/7000-8000/Pikowana-torebka-Leather-Country-Colette_%5B7149%5D_1200.jpg,https://www.italy-shop.eu/images/ly453/7000-8000/Pikowana-torebka-Leather-Country-Colette_%5B7142%5D_1200.jpg,https://www.italy-shop.eu/images/ly453/7000-8000/Pikowana-torebka-Leather-Country-Colette_%5B7141%5D_1200.jpg,https://www.italy-shop.eu/images/ly453/7000-8000/Pikowana-torebka-Leather-Country-Colette_%5B7144%5D_1200.jpg,https://www.italy-shop.eu/images/ly453/7000-8000/Pikowana-torebka-Leather-Country-Colette_%5B7146%5D_1200.jpg,https://www.italy-shop.eu/images/ly453/7000-8000/Pikowana-torebka-Leather-Country-Colette_%5B7150%5D_1200.jpg,https://www.italy-shop.eu/images/ly453/7000-8000/Pikowana-torebka-Leather-Country-Colette_%5B7143%5D_1200.jpg	other
456_52	Pikowana torebka Leather Country — Colette	Skórzana, pikowana torebka Leather Country ze złotym zapięciem twist-lock, z rączką i długim paskiem. 34×21×14 cm.	https://www.italy-shop.eu/Pikowana-torebka-Leather-Country-Colette-p456	https://www.italy-shop.eu/images/ly453/7000-8000/Pikowana-torebka-Leather-Country-Colette_%5B7142%5D_1200.jpg	Leather Country	590.00 PLN	in_stock	456	3032	Torebki	Brązowy	Skóra gładka		new	female	adult			https://www.italy-shop.eu/images/ly453/7000-8000/Pikowana-torebka-Leather-Country-Colette_%5B7147%5D_1200.jpg,https://www.italy-shop.eu/images/ly453/7000-8000/Pikowana-torebka-Leather-Country-Colette_%5B7148%5D_1200.jpg,https://www.italy-shop.eu/images/ly453/7000-8000/Pikowana-torebka-Leather-Country-Colette_%5B7149%5D_1200.jpg,https://www.italy-shop.eu/images/ly453/7000-8000/Pikowana-torebka-Leather-Country-Colette_%5B7142%5D_1200.jpg,https://www.italy-shop.eu/images/ly453/7000-8000/Pikowana-torebka-Leather-Country-Colette_%5B7141%5D_1200.jpg,https://www.italy-shop.eu/images/ly453/7000-8000/Pikowana-torebka-Leather-Country-Colette_%5B7144%5D_1200.jpg,https://www.italy-shop.eu/images/ly453/7000-8000/Pikowana-torebka-Leather-Country-Colette_%5B7146%5D_1200.jpg,https://www.italy-shop.eu/images/ly453/7000-8000/Pikowana-torebka-Leather-Country-Colette_%5B7150%5D_1200.jpg,https://www.italy-shop.eu/images/ly453/7000-8000/Pikowana-torebka-Leather-Country-Colette_%5B7143%5D_1200.jpg	other
456_56	Pikowana torebka Leather Country — Colette	Skórzana, pikowana torebka Leather Country ze złotym zapięciem twist-lock, z rączką i długim paskiem. 34×21×14 cm.	https://www.italy-shop.eu/Pikowana-torebka-Leather-Country-Colette-p456	https://www.italy-shop.eu/images/ly453/7000-8000/Pikowana-torebka-Leather-Country-Colette_%5B7142%5D_1200.jpg	Leather Country	590.00 PLN	in_stock	456	3032	Torebki	Bordowy	Skóra gładka		new	female	adult			https://www.italy-shop.eu/images/ly453/7000-8000/Pikowana-torebka-Leather-Country-Colette_%5B7147%5D_1200.jpg,https://www.italy-shop.eu/images/ly453/7000-8000/Pikowana-torebka-Leather-Country-Colette_%5B7148%5D_1200.jpg,https://www.italy-shop.eu/images/ly453/7000-8000/Pikowana-torebka-Leather-Country-Colette_%5B7149%5D_1200.jpg,https://www.italy-shop.eu/images/ly453/7000-8000/Pikowana-torebka-Leather-Country-Colette_%5B7142%5D_1200.jpg,https://www.italy-shop.eu/images/ly453/7000-8000/Pikowana-torebka-Leather-Country-Colette_%5B7141%5D_1200.jpg,https://www.italy-shop.eu/images/ly453/7000-8000/Pikowana-torebka-Leather-Country-Colette_%5B7144%5D_1200.jpg,https://www.italy-shop.eu/images/ly453/7000-8000/Pikowana-torebka-Leather-Country-Colette_%5B7146%5D_1200.jpg,https://www.italy-shop.eu/images/ly453/7000-8000/Pikowana-torebka-Leather-Country-Colette_%5B7150%5D_1200.jpg,https://www.italy-shop.eu/images/ly453/7000-8000/Pikowana-torebka-Leather-Country-Colette_%5B7143%5D_1200.jpg	other
456_59	Pikowana torebka Leather Country — Colette	Skórzana, pikowana torebka Leather Country ze złotym zapięciem twist-lock, z rączką i długim paskiem. 34×21×14 cm.	https://www.italy-shop.eu/Pikowana-torebka-Leather-Country-Colette-p456	https://www.italy-shop.eu/images/ly453/7000-8000/Pikowana-torebka-Leather-Country-Colette_%5B7143%5D_1200.jpg	Leather Country	590.00 PLN	in_stock	456	3032	Torebki	Karmel	Skóra gładka		new	female	adult			https://www.italy-shop.eu/images/ly453/7000-8000/Pikowana-torebka-Leather-Country-Colette_%5B7147%5D_1200.jpg,https://www.italy-shop.eu/images/ly453/7000-8000/Pikowana-torebka-Leather-Country-Colette_%5B7148%5D_1200.jpg,https://www.italy-shop.eu/images/ly453/7000-8000/Pikowana-torebka-Leather-Country-Colette_%5B7149%5D_1200.jpg,https://www.italy-shop.eu/images/ly453/7000-8000/Pikowana-torebka-Leather-Country-Colette_%5B7142%5D_1200.jpg,https://www.italy-shop.eu/images/ly453/7000-8000/Pikowana-torebka-Leather-Country-Colette_%5B7141%5D_1200.jpg,https://www.italy-shop.eu/images/ly453/7000-8000/Pikowana-torebka-Leather-Country-Colette_%5B7144%5D_1200.jpg,https://www.italy-shop.eu/images/ly453/7000-8000/Pikowana-torebka-Leather-Country-Colette_%5B7146%5D_1200.jpg,https://www.italy-shop.eu/images/ly453/7000-8000/Pikowana-torebka-Leather-Country-Colette_%5B7150%5D_1200.jpg,https://www.italy-shop.eu/images/ly453/7000-8000/Pikowana-torebka-Leather-Country-Colette_%5B7143%5D_1200.jpg	other
74_45	Plecak Leather Country	Wykonanie: Skora naturalna Wymiary: 26 x 37 x 15 cm Kolor: Czarny, brazowy	https://www.italy-shop.eu/Plecak-Leather-Country-p74	https://www.italy-shop.eu/images/ly453/6000-7000/Plecak-Leather-Country_%5B6801%5D_1200.jpg	Leather Country	890.00 PLN	in_stock	74	3032	Torebki	Czarny			new	female	adult			https://www.italy-shop.eu/images/ly453/6000-7000/Plecak-Leather-Country_%5B6797%5D_1200.jpg,https://www.italy-shop.eu/images/ly453/6000-7000/Plecak-Leather-Country_%5B6795%5D_1200.jpg,https://www.italy-shop.eu/images/ly453/6000-7000/Plecak-Leather-Country_%5B6798%5D_1200.jpg,https://www.italy-shop.eu/images/ly453/6000-7000/Plecak-Leather-Country_%5B6799%5D_1200.jpg,https://www.italy-shop.eu/images/ly453/6000-7000/Plecak-Leather-Country_%5B6800%5D_1200.jpg,https://www.italy-shop.eu/images/ly453/6000-7000/Plecak-Leather-Country_%5B6801%5D_1200.jpg,https://www.italy-shop.eu/images/ly453/6000-7000/Plecak-Leather-Country_%5B6802%5D_1200.jpg	other
74_52	Plecak Leather Country	Wykonanie: Skora naturalna Wymiary: 26 x 37 x 15 cm Kolor: Czarny, brazowy	https://www.italy-shop.eu/Plecak-Leather-Country-p74	https://www.italy-shop.eu/images/ly453/6000-7000/Plecak-Leather-Country_%5B6796%5D_1200.jpg	Leather Country	890.00 PLN	in_stock	74	3032	Torebki	Brązowy			new	female	adult			https://www.italy-shop.eu/images/ly453/6000-7000/Plecak-Leather-Country_%5B6797%5D_1200.jpg,https://www.italy-shop.eu/images/ly453/6000-7000/Plecak-Leather-Country_%5B6795%5D_1200.jpg,https://www.italy-shop.eu/images/ly453/6000-7000/Plecak-Leather-Country_%5B6798%5D_1200.jpg,https://www.italy-shop.eu/images/ly453/6000-7000/Plecak-Leather-Country_%5B6799%5D_1200.jpg,https://www.italy-shop.eu/images/ly453/6000-7000/Plecak-Leather-Country_%5B6800%5D_1200.jpg,https://www.italy-shop.eu/images/ly453/6000-7000/Plecak-Leather-Country_%5B6801%5D_1200.jpg,https://www.italy-shop.eu/images/ly453/6000-7000/Plecak-Leather-Country_%5B6802%5D_1200.jpg	other
412_45	Pleciona skórzana torebka Leather Country	Pleciona skórzana torebka shopper Leather Country, ręczny splot. Pojemna, 3 kolory.	https://www.italy-shop.eu/Pleciona-skorzana-torebka-Leather-Country-p412	https://www.italy-shop.eu/images/ly453/6000-7000/Pleciona-skorzana-torebka-Leather-Country_%5B6821%5D_1200.jpg	Leather Country	890.00 PLN	in_stock	412	3032	Torebki	Czarny	Skóra gładka		new	female	adult			https://www.italy-shop.eu/images/ly453/6000-7000/Pleciona-skorzana-torebka-Leather-Country_%5B6818%5D_1200.jpg,https://www.italy-shop.eu/images/ly453/6000-7000/Pleciona-skorzana-torebka-Leather-Country_%5B6819%5D_1200.jpg,https://www.italy-shop.eu/images/ly453/6000-7000/Pleciona-skorzana-torebka-Leather-Country_%5B6820%5D_1200.jpg,https://www.italy-shop.eu/images/ly453/6000-7000/Pleciona-skorzana-torebka-Leather-Country_%5B6830%5D_1200.jpg,https://www.italy-shop.eu/images/ly453/6000-7000/Pleciona-skorzana-torebka-Leather-Country_%5B6831%5D_1200.jpg,https://www.italy-shop.eu/images/ly453/6000-7000/Pleciona-skorzana-torebka-Leather-Country_%5B6832%5D_1200.jpg,https://www.italy-shop.eu/images/ly453/6000-7000/Pleciona-skorzana-torebka-Leather-Country_%5B6821%5D_1200.jpg,https://www.italy-shop.eu/images/ly453/6000-7000/Pleciona-skorzana-torebka-Leather-Country_%5B6822%5D_1200.jpg	other
412_52	Pleciona skórzana torebka Leather Country	Pleciona skórzana torebka shopper Leather Country, ręczny splot. Pojemna, 3 kolory.	https://www.italy-shop.eu/Pleciona-skorzana-torebka-Leather-Country-p412	https://www.italy-shop.eu/images/ly453/6000-7000/Pleciona-skorzana-torebka-Leather-Country_%5B6818%5D_1200.jpg	Leather Country	890.00 PLN	in_stock	412	3032	Torebki	Brązowy	Skóra gładka		new	female	adult			https://www.italy-shop.eu/images/ly453/6000-7000/Pleciona-skorzana-torebka-Leather-Country_%5B6818%5D_1200.jpg,https://www.italy-shop.eu/images/ly453/6000-7000/Pleciona-skorzana-torebka-Leather-Country_%5B6819%5D_1200.jpg,https://www.italy-shop.eu/images/ly453/6000-7000/Pleciona-skorzana-torebka-Leather-Country_%5B6820%5D_1200.jpg,https://www.italy-shop.eu/images/ly453/6000-7000/Pleciona-skorzana-torebka-Leather-Country_%5B6830%5D_1200.jpg,https://www.italy-shop.eu/images/ly453/6000-7000/Pleciona-skorzana-torebka-Leather-Country_%5B6831%5D_1200.jpg,https://www.italy-shop.eu/images/ly453/6000-7000/Pleciona-skorzana-torebka-Leather-Country_%5B6832%5D_1200.jpg,https://www.italy-shop.eu/images/ly453/6000-7000/Pleciona-skorzana-torebka-Leather-Country_%5B6821%5D_1200.jpg,https://www.italy-shop.eu/images/ly453/6000-7000/Pleciona-skorzana-torebka-Leather-Country_%5B6822%5D_1200.jpg	other
412_68	Pleciona skórzana torebka Leather Country	Pleciona skórzana torebka shopper Leather Country, ręczny splot. Pojemna, 3 kolory.	https://www.italy-shop.eu/Pleciona-skorzana-torebka-Leather-Country-p412	https://www.italy-shop.eu/images/ly453/6000-7000/Pleciona-skorzana-torebka-Leather-Country_%5B6819%5D_1200.jpg	Leather Country	890.00 PLN	in_stock	412	3032	Torebki	Oliwkowy	Skóra gładka		new	female	adult			https://www.italy-shop.eu/images/ly453/6000-7000/Pleciona-skorzana-torebka-Leather-Country_%5B6818%5D_1200.jpg,https://www.italy-shop.eu/images/ly453/6000-7000/Pleciona-skorzana-torebka-Leather-Country_%5B6819%5D_1200.jpg,https://www.italy-shop.eu/images/ly453/6000-7000/Pleciona-skorzana-torebka-Leather-Country_%5B6820%5D_1200.jpg,https://www.italy-shop.eu/images/ly453/6000-7000/Pleciona-skorzana-torebka-Leather-Country_%5B6830%5D_1200.jpg,https://www.italy-shop.eu/images/ly453/6000-7000/Pleciona-skorzana-torebka-Leather-Country_%5B6831%5D_1200.jpg,https://www.italy-shop.eu/images/ly453/6000-7000/Pleciona-skorzana-torebka-Leather-Country_%5B6832%5D_1200.jpg,https://www.italy-shop.eu/images/ly453/6000-7000/Pleciona-skorzana-torebka-Leather-Country_%5B6821%5D_1200.jpg,https://www.italy-shop.eu/images/ly453/6000-7000/Pleciona-skorzana-torebka-Leather-Country_%5B6822%5D_1200.jpg	other
218_45	Portfel Leather Country	Portfel skórzany z ziarnistej natury w klasycznym formacie. Miękka skóra naturalna z subtelną fakturą, zamek dookoła i kompaktowe wymiary 20x11,5 cm.	https://www.italy-shop.eu/Portfel-Leather-Country-p218	https://www.italy-shop.eu/images/ly453/2000-3000/Portfel-Leather-Country_%5B2486%5D_1200.jpg	Leather Country	169.00 PLN	in_stock	218	3032	Portfele	Czarny			new	female	adult			https://www.italy-shop.eu/images/ly453/2000-3000/Portfel-Leather-Country_%5B2486%5D_1200.jpg,https://www.italy-shop.eu/images/ly453/2000-3000/Portfel-Leather-Country_%5B2487%5D_1200.jpg,https://www.italy-shop.eu/images/ly453/2000-3000/Portfel-Leather-Country_%5B2488%5D_1200.jpg	other
218_47	Portfel Leather Country	Portfel skórzany z ziarnistej natury w klasycznym formacie. Miękka skóra naturalna z subtelną fakturą, zamek dookoła i kompaktowe wymiary 20x11,5 cm.	https://www.italy-shop.eu/Portfel-Leather-Country-p218	https://www.italy-shop.eu/images/ly453/2000-3000/Portfel-Leather-Country_%5B2485%5D_1200.jpg	Leather Country	169.00 PLN	in_stock	218	3032	Portfele	Beżowy			new	female	adult			https://www.italy-shop.eu/images/ly453/2000-3000/Portfel-Leather-Country_%5B2486%5D_1200.jpg,https://www.italy-shop.eu/images/ly453/2000-3000/Portfel-Leather-Country_%5B2487%5D_1200.jpg,https://www.italy-shop.eu/images/ly453/2000-3000/Portfel-Leather-Country_%5B2488%5D_1200.jpg	other
218_49	Portfel Leather Country	Portfel skórzany z ziarnistej natury w klasycznym formacie. Miękka skóra naturalna z subtelną fakturą, zamek dookoła i kompaktowe wymiary 20x11,5 cm.	https://www.italy-shop.eu/Portfel-Leather-Country-p218	https://www.italy-shop.eu/images/ly453/2000-3000/Portfel-Leather-Country_%5B2488%5D_1200.jpg	Leather Country	169.00 PLN	in_stock	218	3032	Portfele	Czerwony			new	female	adult			https://www.italy-shop.eu/images/ly453/2000-3000/Portfel-Leather-Country_%5B2486%5D_1200.jpg,https://www.italy-shop.eu/images/ly453/2000-3000/Portfel-Leather-Country_%5B2487%5D_1200.jpg,https://www.italy-shop.eu/images/ly453/2000-3000/Portfel-Leather-Country_%5B2488%5D_1200.jpg	other
218_59	Portfel Leather Country	Portfel skórzany z ziarnistej natury w klasycznym formacie. Miękka skóra naturalna z subtelną fakturą, zamek dookoła i kompaktowe wymiary 20x11,5 cm.	https://www.italy-shop.eu/Portfel-Leather-Country-p218	https://www.italy-shop.eu/images/ly453/2000-3000/Portfel-Leather-Country_%5B2486%5D_1200.jpg	Leather Country	169.00 PLN	in_stock	218	3032	Portfele	Karmel			new	female	adult			https://www.italy-shop.eu/images/ly453/2000-3000/Portfel-Leather-Country_%5B2486%5D_1200.jpg,https://www.italy-shop.eu/images/ly453/2000-3000/Portfel-Leather-Country_%5B2487%5D_1200.jpg,https://www.italy-shop.eu/images/ly453/2000-3000/Portfel-Leather-Country_%5B2488%5D_1200.jpg	other
218_65	Portfel Leather Country	Portfel skórzany z ziarnistej natury w klasycznym formacie. Miękka skóra naturalna z subtelną fakturą, zamek dookoła i kompaktowe wymiary 20x11,5 cm.	https://www.italy-shop.eu/Portfel-Leather-Country-p218	https://www.italy-shop.eu/images/ly453/2000-3000/Portfel-Leather-Country_%5B2486%5D_1200.jpg	Leather Country	169.00 PLN	in_stock	218	3032	Portfele	Cappuccino			new	female	adult			https://www.italy-shop.eu/images/ly453/2000-3000/Portfel-Leather-Country_%5B2486%5D_1200.jpg,https://www.italy-shop.eu/images/ly453/2000-3000/Portfel-Leather-Country_%5B2487%5D_1200.jpg,https://www.italy-shop.eu/images/ly453/2000-3000/Portfel-Leather-Country_%5B2488%5D_1200.jpg	other
210_45	Portfel z paskiem Leather Country	Praktyczny portfel-torebka z ziarnistej skóry naturalnej. Złote okucia i regulowany pasek do noszenia przez ramię. Dostępny w pięciu klasycznych kolorach.	https://www.italy-shop.eu/Portfel-z-paskiem-Leather-Country-p210	https://www.italy-shop.eu/images/ly453/2000-3000/Portfel-z-paskiem-Leather-Country_%5B2535%5D_1200.jpg	Leather Country	249.00 PLN	in_stock	210	3032	Portfele	Czarny			new	female	adult			https://www.italy-shop.eu/images/ly453/2000-3000/Portfel-z-paskiem-Leather-Country_%5B2536%5D_1200.jpg,https://www.italy-shop.eu/images/ly453/2000-3000/Portfel-z-paskiem-Leather-Country_%5B2537%5D_1200.jpg,https://www.italy-shop.eu/images/ly453/2000-3000/Portfel-z-paskiem-Leather-Country_%5B2538%5D_1200.jpg,https://www.italy-shop.eu/images/ly453/2000-3000/Portfel-z-paskiem-Leather-Country_%5B2539%5D_1200.jpg	other
210_47	Portfel z paskiem Leather Country	Praktyczny portfel-torebka z ziarnistej skóry naturalnej. Złote okucia i regulowany pasek do noszenia przez ramię. Dostępny w pięciu klasycznych kolorach.	https://www.italy-shop.eu/Portfel-z-paskiem-Leather-Country-p210	https://www.italy-shop.eu/images/ly453/2000-3000/Portfel-z-paskiem-Leather-Country_%5B2535%5D_1200.jpg	Leather Country	249.00 PLN	in_stock	210	3032	Portfele	Beżowy			new	female	adult			https://www.italy-shop.eu/images/ly453/2000-3000/Portfel-z-paskiem-Leather-Country_%5B2536%5D_1200.jpg,https://www.italy-shop.eu/images/ly453/2000-3000/Portfel-z-paskiem-Leather-Country_%5B2537%5D_1200.jpg,https://www.italy-shop.eu/images/ly453/2000-3000/Portfel-z-paskiem-Leather-Country_%5B2538%5D_1200.jpg,https://www.italy-shop.eu/images/ly453/2000-3000/Portfel-z-paskiem-Leather-Country_%5B2539%5D_1200.jpg	other
210_49	Portfel z paskiem Leather Country	Praktyczny portfel-torebka z ziarnistej skóry naturalnej. Złote okucia i regulowany pasek do noszenia przez ramię. Dostępny w pięciu klasycznych kolorach.	https://www.italy-shop.eu/Portfel-z-paskiem-Leather-Country-p210	https://www.italy-shop.eu/images/ly453/2000-3000/Portfel-z-paskiem-Leather-Country_%5B2535%5D_1200.jpg	Leather Country	249.00 PLN	in_stock	210	3032	Portfele	Czerwony			new	female	adult			https://www.italy-shop.eu/images/ly453/2000-3000/Portfel-z-paskiem-Leather-Country_%5B2536%5D_1200.jpg,https://www.italy-shop.eu/images/ly453/2000-3000/Portfel-z-paskiem-Leather-Country_%5B2537%5D_1200.jpg,https://www.italy-shop.eu/images/ly453/2000-3000/Portfel-z-paskiem-Leather-Country_%5B2538%5D_1200.jpg,https://www.italy-shop.eu/images/ly453/2000-3000/Portfel-z-paskiem-Leather-Country_%5B2539%5D_1200.jpg	other
210_59	Portfel z paskiem Leather Country	Praktyczny portfel-torebka z ziarnistej skóry naturalnej. Złote okucia i regulowany pasek do noszenia przez ramię. Dostępny w pięciu klasycznych kolorach.	https://www.italy-shop.eu/Portfel-z-paskiem-Leather-Country-p210	https://www.italy-shop.eu/images/ly453/2000-3000/Portfel-z-paskiem-Leather-Country_%5B2537%5D_1200.jpg	Leather Country	249.00 PLN	in_stock	210	3032	Portfele	Karmel			new	female	adult			https://www.italy-shop.eu/images/ly453/2000-3000/Portfel-z-paskiem-Leather-Country_%5B2536%5D_1200.jpg,https://www.italy-shop.eu/images/ly453/2000-3000/Portfel-z-paskiem-Leather-Country_%5B2537%5D_1200.jpg,https://www.italy-shop.eu/images/ly453/2000-3000/Portfel-z-paskiem-Leather-Country_%5B2538%5D_1200.jpg,https://www.italy-shop.eu/images/ly453/2000-3000/Portfel-z-paskiem-Leather-Country_%5B2539%5D_1200.jpg	other
210_65	Portfel z paskiem Leather Country	Praktyczny portfel-torebka z ziarnistej skóry naturalnej. Złote okucia i regulowany pasek do noszenia przez ramię. Dostępny w pięciu klasycznych kolorach.	https://www.italy-shop.eu/Portfel-z-paskiem-Leather-Country-p210	https://www.italy-shop.eu/images/ly453/2000-3000/Portfel-z-paskiem-Leather-Country_%5B2535%5D_1200.jpg	Leather Country	249.00 PLN	in_stock	210	3032	Portfele	Cappuccino			new	female	adult			https://www.italy-shop.eu/images/ly453/2000-3000/Portfel-z-paskiem-Leather-Country_%5B2536%5D_1200.jpg,https://www.italy-shop.eu/images/ly453/2000-3000/Portfel-z-paskiem-Leather-Country_%5B2537%5D_1200.jpg,https://www.italy-shop.eu/images/ly453/2000-3000/Portfel-z-paskiem-Leather-Country_%5B2538%5D_1200.jpg,https://www.italy-shop.eu/images/ly453/2000-3000/Portfel-z-paskiem-Leather-Country_%5B2539%5D_1200.jpg	other
431_52_40	Skórzane botki Lestrosa Ambra — brązowe	Skórzane botki Lestrosa Ambra w brązie: ziarnista skóra, zaokrąglony nosek, wygięty słupek 7 cm.	https://www.italy-shop.eu/Skorzane-botki-Lestrosa-Ambra-brazowe-p431	https://www.italy-shop.eu/images/ly453/7000-8000/Skorzane-botki-Lestrosa-Ambra-brazowe_%5B7029%5D_1200.jpg	Lestrosa	1090.00 PLN	in_stock	431	187	Obuwie > Buty	Brązowy	Skóra groszkowa	36	new	female	adult			https://www.italy-shop.eu/images/ly453/7000-8000/Skorzane-botki-Lestrosa-Ambra-brazowe_%5B7028%5D_1200.jpg,https://www.italy-shop.eu/images/ly453/7000-8000/Skorzane-botki-Lestrosa-Ambra-brazowe_%5B7027%5D_1200.jpg,https://www.italy-shop.eu/images/ly453/7000-8000/Skorzane-botki-Lestrosa-Ambra-brazowe_%5B7030%5D_1200.jpg	jesen
431_52_41	Skórzane botki Lestrosa Ambra — brązowe	Skórzane botki Lestrosa Ambra w brązie: ziarnista skóra, zaokrąglony nosek, wygięty słupek 7 cm.	https://www.italy-shop.eu/Skorzane-botki-Lestrosa-Ambra-brazowe-p431	https://www.italy-shop.eu/images/ly453/7000-8000/Skorzane-botki-Lestrosa-Ambra-brazowe_%5B7029%5D_1200.jpg	Lestrosa	1090.00 PLN	in_stock	431	187	Obuwie > Buty	Brązowy	Skóra groszkowa	37	new	female	adult			https://www.italy-shop.eu/images/ly453/7000-8000/Skorzane-botki-Lestrosa-Ambra-brazowe_%5B7028%5D_1200.jpg,https://www.italy-shop.eu/images/ly453/7000-8000/Skorzane-botki-Lestrosa-Ambra-brazowe_%5B7027%5D_1200.jpg,https://www.italy-shop.eu/images/ly453/7000-8000/Skorzane-botki-Lestrosa-Ambra-brazowe_%5B7030%5D_1200.jpg	jesen
431_52_42	Skórzane botki Lestrosa Ambra — brązowe	Skórzane botki Lestrosa Ambra w brązie: ziarnista skóra, zaokrąglony nosek, wygięty słupek 7 cm.	https://www.italy-shop.eu/Skorzane-botki-Lestrosa-Ambra-brazowe-p431	https://www.italy-shop.eu/images/ly453/7000-8000/Skorzane-botki-Lestrosa-Ambra-brazowe_%5B7029%5D_1200.jpg	Lestrosa	1090.00 PLN	in_stock	431	187	Obuwie > Buty	Brązowy	Skóra groszkowa	38	new	female	adult			https://www.italy-shop.eu/images/ly453/7000-8000/Skorzane-botki-Lestrosa-Ambra-brazowe_%5B7028%5D_1200.jpg,https://www.italy-shop.eu/images/ly453/7000-8000/Skorzane-botki-Lestrosa-Ambra-brazowe_%5B7027%5D_1200.jpg,https://www.italy-shop.eu/images/ly453/7000-8000/Skorzane-botki-Lestrosa-Ambra-brazowe_%5B7030%5D_1200.jpg	jesen
431_52_43	Skórzane botki Lestrosa Ambra — brązowe	Skórzane botki Lestrosa Ambra w brązie: ziarnista skóra, zaokrąglony nosek, wygięty słupek 7 cm.	https://www.italy-shop.eu/Skorzane-botki-Lestrosa-Ambra-brazowe-p431	https://www.italy-shop.eu/images/ly453/7000-8000/Skorzane-botki-Lestrosa-Ambra-brazowe_%5B7029%5D_1200.jpg	Lestrosa	1090.00 PLN	in_stock	431	187	Obuwie > Buty	Brązowy	Skóra groszkowa	39	new	female	adult			https://www.italy-shop.eu/images/ly453/7000-8000/Skorzane-botki-Lestrosa-Ambra-brazowe_%5B7028%5D_1200.jpg,https://www.italy-shop.eu/images/ly453/7000-8000/Skorzane-botki-Lestrosa-Ambra-brazowe_%5B7027%5D_1200.jpg,https://www.italy-shop.eu/images/ly453/7000-8000/Skorzane-botki-Lestrosa-Ambra-brazowe_%5B7030%5D_1200.jpg	jesen
431_52_44	Skórzane botki Lestrosa Ambra — brązowe	Skórzane botki Lestrosa Ambra w brązie: ziarnista skóra, zaokrąglony nosek, wygięty słupek 7 cm.	https://www.italy-shop.eu/Skorzane-botki-Lestrosa-Ambra-brazowe-p431	https://www.italy-shop.eu/images/ly453/7000-8000/Skorzane-botki-Lestrosa-Ambra-brazowe_%5B7029%5D_1200.jpg	Lestrosa	1090.00 PLN	in_stock	431	187	Obuwie > Buty	Brązowy	Skóra groszkowa	40	new	female	adult			https://www.italy-shop.eu/images/ly453/7000-8000/Skorzane-botki-Lestrosa-Ambra-brazowe_%5B7028%5D_1200.jpg,https://www.italy-shop.eu/images/ly453/7000-8000/Skorzane-botki-Lestrosa-Ambra-brazowe_%5B7027%5D_1200.jpg,https://www.italy-shop.eu/images/ly453/7000-8000/Skorzane-botki-Lestrosa-Ambra-brazowe_%5B7030%5D_1200.jpg	jesen
430_45_40	Skórzane botki Lestrosa Ambra — czarne	Skórzane botki Lestrosa Ambra w czerni: zaokrąglony nosek, wysoka cholewka, wygięty słupek 7 cm.	https://www.italy-shop.eu/Skorzane-botki-Lestrosa-Ambra-czarne-p430	https://www.italy-shop.eu/images/ly453/7000-8000/Skorzane-botki-Lestrosa-Ambra-czarne_%5B7024%5D_1200.jpg	Lestrosa	1090.00 PLN	in_stock	430	187	Obuwie > Buty	Czarny	Skóra gładka	36	new	female	adult			https://www.italy-shop.eu/images/ly453/7000-8000/Skorzane-botki-Lestrosa-Ambra-czarne_%5B7026%5D_1200.jpg,https://www.italy-shop.eu/images/ly453/7000-8000/Skorzane-botki-Lestrosa-Ambra-czarne_%5B7023%5D_1200.jpg,https://www.italy-shop.eu/images/ly453/7000-8000/Skorzane-botki-Lestrosa-Ambra-czarne_%5B7025%5D_1200.jpg	jesen
430_45_41	Skórzane botki Lestrosa Ambra — czarne	Skórzane botki Lestrosa Ambra w czerni: zaokrąglony nosek, wysoka cholewka, wygięty słupek 7 cm.	https://www.italy-shop.eu/Skorzane-botki-Lestrosa-Ambra-czarne-p430	https://www.italy-shop.eu/images/ly453/7000-8000/Skorzane-botki-Lestrosa-Ambra-czarne_%5B7024%5D_1200.jpg	Lestrosa	1090.00 PLN	in_stock	430	187	Obuwie > Buty	Czarny	Skóra gładka	37	new	female	adult			https://www.italy-shop.eu/images/ly453/7000-8000/Skorzane-botki-Lestrosa-Ambra-czarne_%5B7026%5D_1200.jpg,https://www.italy-shop.eu/images/ly453/7000-8000/Skorzane-botki-Lestrosa-Ambra-czarne_%5B7023%5D_1200.jpg,https://www.italy-shop.eu/images/ly453/7000-8000/Skorzane-botki-Lestrosa-Ambra-czarne_%5B7025%5D_1200.jpg	jesen
430_45_42	Skórzane botki Lestrosa Ambra — czarne	Skórzane botki Lestrosa Ambra w czerni: zaokrąglony nosek, wysoka cholewka, wygięty słupek 7 cm.	https://www.italy-shop.eu/Skorzane-botki-Lestrosa-Ambra-czarne-p430	https://www.italy-shop.eu/images/ly453/7000-8000/Skorzane-botki-Lestrosa-Ambra-czarne_%5B7024%5D_1200.jpg	Lestrosa	1090.00 PLN	in_stock	430	187	Obuwie > Buty	Czarny	Skóra gładka	38	new	female	adult			https://www.italy-shop.eu/images/ly453/7000-8000/Skorzane-botki-Lestrosa-Ambra-czarne_%5B7026%5D_1200.jpg,https://www.italy-shop.eu/images/ly453/7000-8000/Skorzane-botki-Lestrosa-Ambra-czarne_%5B7023%5D_1200.jpg,https://www.italy-shop.eu/images/ly453/7000-8000/Skorzane-botki-Lestrosa-Ambra-czarne_%5B7025%5D_1200.jpg	jesen
430_45_43	Skórzane botki Lestrosa Ambra — czarne	Skórzane botki Lestrosa Ambra w czerni: zaokrąglony nosek, wysoka cholewka, wygięty słupek 7 cm.	https://www.italy-shop.eu/Skorzane-botki-Lestrosa-Ambra-czarne-p430	https://www.italy-shop.eu/images/ly453/7000-8000/Skorzane-botki-Lestrosa-Ambra-czarne_%5B7024%5D_1200.jpg	Lestrosa	1090.00 PLN	in_stock	430	187	Obuwie > Buty	Czarny	Skóra gładka	39	new	female	adult			https://www.italy-shop.eu/images/ly453/7000-8000/Skorzane-botki-Lestrosa-Ambra-czarne_%5B7026%5D_1200.jpg,https://www.italy-shop.eu/images/ly453/7000-8000/Skorzane-botki-Lestrosa-Ambra-czarne_%5B7023%5D_1200.jpg,https://www.italy-shop.eu/images/ly453/7000-8000/Skorzane-botki-Lestrosa-Ambra-czarne_%5B7025%5D_1200.jpg	jesen
430_45_44	Skórzane botki Lestrosa Ambra — czarne	Skórzane botki Lestrosa Ambra w czerni: zaokrąglony nosek, wysoka cholewka, wygięty słupek 7 cm.	https://www.italy-shop.eu/Skorzane-botki-Lestrosa-Ambra-czarne-p430	https://www.italy-shop.eu/images/ly453/7000-8000/Skorzane-botki-Lestrosa-Ambra-czarne_%5B7024%5D_1200.jpg	Lestrosa	1090.00 PLN	in_stock	430	187	Obuwie > Buty	Czarny	Skóra gładka	40	new	female	adult			https://www.italy-shop.eu/images/ly453/7000-8000/Skorzane-botki-Lestrosa-Ambra-czarne_%5B7026%5D_1200.jpg,https://www.italy-shop.eu/images/ly453/7000-8000/Skorzane-botki-Lestrosa-Ambra-czarne_%5B7023%5D_1200.jpg,https://www.italy-shop.eu/images/ly453/7000-8000/Skorzane-botki-Lestrosa-Ambra-czarne_%5B7025%5D_1200.jpg	jesen
449_45_40	Skórzane botki Lestrosa Elodie — czarne	Skórzane botki Lestrosa Elodie w czerni: mleczna wypustka, ostry szpic, słupek 7 cm.	https://www.italy-shop.eu/Skorzane-botki-Lestrosa-Elodie-czarne-p449	https://www.italy-shop.eu/images/ly453/7000-8000/Skorzane-botki-Lestrosa-Elodie-czarne_%5B7103%5D_1200.jpg	Lestrosa	1050.00 PLN	in_stock	449	187	Obuwie > Buty	Czarny	Skóra gładka	36	new	female	adult			https://www.italy-shop.eu/images/ly453/7000-8000/Skorzane-botki-Lestrosa-Elodie-czarne_%5B7102%5D_1200.jpg,https://www.italy-shop.eu/images/ly453/7000-8000/Skorzane-botki-Lestrosa-Elodie-czarne_%5B7104%5D_1200.jpg,https://www.italy-shop.eu/images/ly453/7000-8000/Skorzane-botki-Lestrosa-Elodie-czarne_%5B7105%5D_1200.jpg	jesen
449_45_41	Skórzane botki Lestrosa Elodie — czarne	Skórzane botki Lestrosa Elodie w czerni: mleczna wypustka, ostry szpic, słupek 7 cm.	https://www.italy-shop.eu/Skorzane-botki-Lestrosa-Elodie-czarne-p449	https://www.italy-shop.eu/images/ly453/7000-8000/Skorzane-botki-Lestrosa-Elodie-czarne_%5B7103%5D_1200.jpg	Lestrosa	1050.00 PLN	in_stock	449	187	Obuwie > Buty	Czarny	Skóra gładka	37	new	female	adult			https://www.italy-shop.eu/images/ly453/7000-8000/Skorzane-botki-Lestrosa-Elodie-czarne_%5B7102%5D_1200.jpg,https://www.italy-shop.eu/images/ly453/7000-8000/Skorzane-botki-Lestrosa-Elodie-czarne_%5B7104%5D_1200.jpg,https://www.italy-shop.eu/images/ly453/7000-8000/Skorzane-botki-Lestrosa-Elodie-czarne_%5B7105%5D_1200.jpg	jesen
449_45_42	Skórzane botki Lestrosa Elodie — czarne	Skórzane botki Lestrosa Elodie w czerni: mleczna wypustka, ostry szpic, słupek 7 cm.	https://www.italy-shop.eu/Skorzane-botki-Lestrosa-Elodie-czarne-p449	https://www.italy-shop.eu/images/ly453/7000-8000/Skorzane-botki-Lestrosa-Elodie-czarne_%5B7103%5D_1200.jpg	Lestrosa	1050.00 PLN	in_stock	449	187	Obuwie > Buty	Czarny	Skóra gładka	38	new	female	adult			https://www.italy-shop.eu/images/ly453/7000-8000/Skorzane-botki-Lestrosa-Elodie-czarne_%5B7102%5D_1200.jpg,https://www.italy-shop.eu/images/ly453/7000-8000/Skorzane-botki-Lestrosa-Elodie-czarne_%5B7104%5D_1200.jpg,https://www.italy-shop.eu/images/ly453/7000-8000/Skorzane-botki-Lestrosa-Elodie-czarne_%5B7105%5D_1200.jpg	jesen
449_45_43	Skórzane botki Lestrosa Elodie — czarne	Skórzane botki Lestrosa Elodie w czerni: mleczna wypustka, ostry szpic, słupek 7 cm.	https://www.italy-shop.eu/Skorzane-botki-Lestrosa-Elodie-czarne-p449	https://www.italy-shop.eu/images/ly453/7000-8000/Skorzane-botki-Lestrosa-Elodie-czarne_%5B7103%5D_1200.jpg	Lestrosa	1050.00 PLN	in_stock	449	187	Obuwie > Buty	Czarny	Skóra gładka	39	new	female	adult			https://www.italy-shop.eu/images/ly453/7000-8000/Skorzane-botki-Lestrosa-Elodie-czarne_%5B7102%5D_1200.jpg,https://www.italy-shop.eu/images/ly453/7000-8000/Skorzane-botki-Lestrosa-Elodie-czarne_%5B7104%5D_1200.jpg,https://www.italy-shop.eu/images/ly453/7000-8000/Skorzane-botki-Lestrosa-Elodie-czarne_%5B7105%5D_1200.jpg	jesen
449_45_44	Skórzane botki Lestrosa Elodie — czarne	Skórzane botki Lestrosa Elodie w czerni: mleczna wypustka, ostry szpic, słupek 7 cm.	https://www.italy-shop.eu/Skorzane-botki-Lestrosa-Elodie-czarne-p449	https://www.italy-shop.eu/images/ly453/7000-8000/Skorzane-botki-Lestrosa-Elodie-czarne_%5B7103%5D_1200.jpg	Lestrosa	1050.00 PLN	in_stock	449	187	Obuwie > Buty	Czarny	Skóra gładka	40	new	female	adult			https://www.italy-shop.eu/images/ly453/7000-8000/Skorzane-botki-Lestrosa-Elodie-czarne_%5B7102%5D_1200.jpg,https://www.italy-shop.eu/images/ly453/7000-8000/Skorzane-botki-Lestrosa-Elodie-czarne_%5B7104%5D_1200.jpg,https://www.italy-shop.eu/images/ly453/7000-8000/Skorzane-botki-Lestrosa-Elodie-czarne_%5B7105%5D_1200.jpg	jesen
448_52_40	Skórzane botki Lestrosa Elodie — czekolada	Skórzane botki Lestrosa Elodie w czekoladzie: mleczna wypustka, ostry szpic, słupek 7 cm.	https://www.italy-shop.eu/Skorzane-botki-Lestrosa-Elodie-czekolada-p448	https://www.italy-shop.eu/images/ly453/7000-8000/Skorzane-botki-Lestrosa-Elodie-czekolada_%5B7099%5D_1200.jpg	Lestrosa	1050.00 PLN	in_stock	448	187	Obuwie > Buty	Brązowy	Skóra groszkowa	36	new	female	adult			https://www.italy-shop.eu/images/ly453/7000-8000/Skorzane-botki-Lestrosa-Elodie-czekolada_%5B7098%5D_1200.jpg,https://www.italy-shop.eu/images/ly453/7000-8000/Skorzane-botki-Lestrosa-Elodie-czekolada_%5B7100%5D_1200.jpg,https://www.italy-shop.eu/images/ly453/7000-8000/Skorzane-botki-Lestrosa-Elodie-czekolada_%5B7101%5D_1200.jpg	jesen
448_52_41	Skórzane botki Lestrosa Elodie — czekolada	Skórzane botki Lestrosa Elodie w czekoladzie: mleczna wypustka, ostry szpic, słupek 7 cm.	https://www.italy-shop.eu/Skorzane-botki-Lestrosa-Elodie-czekolada-p448	https://www.italy-shop.eu/images/ly453/7000-8000/Skorzane-botki-Lestrosa-Elodie-czekolada_%5B7099%5D_1200.jpg	Lestrosa	1050.00 PLN	in_stock	448	187	Obuwie > Buty	Brązowy	Skóra groszkowa	37	new	female	adult			https://www.italy-shop.eu/images/ly453/7000-8000/Skorzane-botki-Lestrosa-Elodie-czekolada_%5B7098%5D_1200.jpg,https://www.italy-shop.eu/images/ly453/7000-8000/Skorzane-botki-Lestrosa-Elodie-czekolada_%5B7100%5D_1200.jpg,https://www.italy-shop.eu/images/ly453/7000-8000/Skorzane-botki-Lestrosa-Elodie-czekolada_%5B7101%5D_1200.jpg	jesen
448_52_42	Skórzane botki Lestrosa Elodie — czekolada	Skórzane botki Lestrosa Elodie w czekoladzie: mleczna wypustka, ostry szpic, słupek 7 cm.	https://www.italy-shop.eu/Skorzane-botki-Lestrosa-Elodie-czekolada-p448	https://www.italy-shop.eu/images/ly453/7000-8000/Skorzane-botki-Lestrosa-Elodie-czekolada_%5B7099%5D_1200.jpg	Lestrosa	1050.00 PLN	in_stock	448	187	Obuwie > Buty	Brązowy	Skóra groszkowa	38	new	female	adult			https://www.italy-shop.eu/images/ly453/7000-8000/Skorzane-botki-Lestrosa-Elodie-czekolada_%5B7098%5D_1200.jpg,https://www.italy-shop.eu/images/ly453/7000-8000/Skorzane-botki-Lestrosa-Elodie-czekolada_%5B7100%5D_1200.jpg,https://www.italy-shop.eu/images/ly453/7000-8000/Skorzane-botki-Lestrosa-Elodie-czekolada_%5B7101%5D_1200.jpg	jesen
448_52_43	Skórzane botki Lestrosa Elodie — czekolada	Skórzane botki Lestrosa Elodie w czekoladzie: mleczna wypustka, ostry szpic, słupek 7 cm.	https://www.italy-shop.eu/Skorzane-botki-Lestrosa-Elodie-czekolada-p448	https://www.italy-shop.eu/images/ly453/7000-8000/Skorzane-botki-Lestrosa-Elodie-czekolada_%5B7099%5D_1200.jpg	Lestrosa	1050.00 PLN	in_stock	448	187	Obuwie > Buty	Brązowy	Skóra groszkowa	39	new	female	adult			https://www.italy-shop.eu/images/ly453/7000-8000/Skorzane-botki-Lestrosa-Elodie-czekolada_%5B7098%5D_1200.jpg,https://www.italy-shop.eu/images/ly453/7000-8000/Skorzane-botki-Lestrosa-Elodie-czekolada_%5B7100%5D_1200.jpg,https://www.italy-shop.eu/images/ly453/7000-8000/Skorzane-botki-Lestrosa-Elodie-czekolada_%5B7101%5D_1200.jpg	jesen
448_52_44	Skórzane botki Lestrosa Elodie — czekolada	Skórzane botki Lestrosa Elodie w czekoladzie: mleczna wypustka, ostry szpic, słupek 7 cm.	https://www.italy-shop.eu/Skorzane-botki-Lestrosa-Elodie-czekolada-p448	https://www.italy-shop.eu/images/ly453/7000-8000/Skorzane-botki-Lestrosa-Elodie-czekolada_%5B7099%5D_1200.jpg	Lestrosa	1050.00 PLN	in_stock	448	187	Obuwie > Buty	Brązowy	Skóra groszkowa	40	new	female	adult			https://www.italy-shop.eu/images/ly453/7000-8000/Skorzane-botki-Lestrosa-Elodie-czekolada_%5B7098%5D_1200.jpg,https://www.italy-shop.eu/images/ly453/7000-8000/Skorzane-botki-Lestrosa-Elodie-czekolada_%5B7100%5D_1200.jpg,https://www.italy-shop.eu/images/ly453/7000-8000/Skorzane-botki-Lestrosa-Elodie-czekolada_%5B7101%5D_1200.jpg	jesen
447_66_40	Skórzane botki Lestrosa Elodie — mleczne	Skórzane botki Lestrosa Elodie w mleku: kontrastowa wypustka, ostry szpic, słupek 7 cm.	https://www.italy-shop.eu/Skorzane-botki-Lestrosa-Elodie-mleczne-p447	https://www.italy-shop.eu/images/ly453/7000-8000/Skorzane-botki-Lestrosa-Elodie-mleczne_%5B7095%5D_1200.jpg	Lestrosa	1050.00 PLN	in_stock	447	187	Obuwie > Buty	Mleczny	Skóra groszkowa	36	new	female	adult			https://www.italy-shop.eu/images/ly453/7000-8000/Skorzane-botki-Lestrosa-Elodie-mleczne_%5B7094%5D_1200.jpg,https://www.italy-shop.eu/images/ly453/7000-8000/Skorzane-botki-Lestrosa-Elodie-mleczne_%5B7096%5D_1200.jpg,https://www.italy-shop.eu/images/ly453/7000-8000/Skorzane-botki-Lestrosa-Elodie-mleczne_%5B7097%5D_1200.jpg	jesen
447_66_41	Skórzane botki Lestrosa Elodie — mleczne	Skórzane botki Lestrosa Elodie w mleku: kontrastowa wypustka, ostry szpic, słupek 7 cm.	https://www.italy-shop.eu/Skorzane-botki-Lestrosa-Elodie-mleczne-p447	https://www.italy-shop.eu/images/ly453/7000-8000/Skorzane-botki-Lestrosa-Elodie-mleczne_%5B7095%5D_1200.jpg	Lestrosa	1050.00 PLN	in_stock	447	187	Obuwie > Buty	Mleczny	Skóra groszkowa	37	new	female	adult			https://www.italy-shop.eu/images/ly453/7000-8000/Skorzane-botki-Lestrosa-Elodie-mleczne_%5B7094%5D_1200.jpg,https://www.italy-shop.eu/images/ly453/7000-8000/Skorzane-botki-Lestrosa-Elodie-mleczne_%5B7096%5D_1200.jpg,https://www.italy-shop.eu/images/ly453/7000-8000/Skorzane-botki-Lestrosa-Elodie-mleczne_%5B7097%5D_1200.jpg	jesen
447_66_42	Skórzane botki Lestrosa Elodie — mleczne	Skórzane botki Lestrosa Elodie w mleku: kontrastowa wypustka, ostry szpic, słupek 7 cm.	https://www.italy-shop.eu/Skorzane-botki-Lestrosa-Elodie-mleczne-p447	https://www.italy-shop.eu/images/ly453/7000-8000/Skorzane-botki-Lestrosa-Elodie-mleczne_%5B7095%5D_1200.jpg	Lestrosa	1050.00 PLN	in_stock	447	187	Obuwie > Buty	Mleczny	Skóra groszkowa	38	new	female	adult			https://www.italy-shop.eu/images/ly453/7000-8000/Skorzane-botki-Lestrosa-Elodie-mleczne_%5B7094%5D_1200.jpg,https://www.italy-shop.eu/images/ly453/7000-8000/Skorzane-botki-Lestrosa-Elodie-mleczne_%5B7096%5D_1200.jpg,https://www.italy-shop.eu/images/ly453/7000-8000/Skorzane-botki-Lestrosa-Elodie-mleczne_%5B7097%5D_1200.jpg	jesen
447_66_43	Skórzane botki Lestrosa Elodie — mleczne	Skórzane botki Lestrosa Elodie w mleku: kontrastowa wypustka, ostry szpic, słupek 7 cm.	https://www.italy-shop.eu/Skorzane-botki-Lestrosa-Elodie-mleczne-p447	https://www.italy-shop.eu/images/ly453/7000-8000/Skorzane-botki-Lestrosa-Elodie-mleczne_%5B7095%5D_1200.jpg	Lestrosa	1050.00 PLN	in_stock	447	187	Obuwie > Buty	Mleczny	Skóra groszkowa	39	new	female	adult			https://www.italy-shop.eu/images/ly453/7000-8000/Skorzane-botki-Lestrosa-Elodie-mleczne_%5B7094%5D_1200.jpg,https://www.italy-shop.eu/images/ly453/7000-8000/Skorzane-botki-Lestrosa-Elodie-mleczne_%5B7096%5D_1200.jpg,https://www.italy-shop.eu/images/ly453/7000-8000/Skorzane-botki-Lestrosa-Elodie-mleczne_%5B7097%5D_1200.jpg	jesen
447_66_44	Skórzane botki Lestrosa Elodie — mleczne	Skórzane botki Lestrosa Elodie w mleku: kontrastowa wypustka, ostry szpic, słupek 7 cm.	https://www.italy-shop.eu/Skorzane-botki-Lestrosa-Elodie-mleczne-p447	https://www.italy-shop.eu/images/ly453/7000-8000/Skorzane-botki-Lestrosa-Elodie-mleczne_%5B7095%5D_1200.jpg	Lestrosa	1050.00 PLN	in_stock	447	187	Obuwie > Buty	Mleczny	Skóra groszkowa	40	new	female	adult			https://www.italy-shop.eu/images/ly453/7000-8000/Skorzane-botki-Lestrosa-Elodie-mleczne_%5B7094%5D_1200.jpg,https://www.italy-shop.eu/images/ly453/7000-8000/Skorzane-botki-Lestrosa-Elodie-mleczne_%5B7096%5D_1200.jpg,https://www.italy-shop.eu/images/ly453/7000-8000/Skorzane-botki-Lestrosa-Elodie-mleczne_%5B7097%5D_1200.jpg	jesen
437_52_40	Skórzane botki Lestrosa Wiola — brązowe	Skórzane botki Lestrosa Wiola w brązie: ostry szpic, wysoka cholewka, wygięty słupek 7 cm.	https://www.italy-shop.eu/Skorzane-botki-Lestrosa-Wiola-brazowe-p437	https://www.italy-shop.eu/images/ly453/7000-8000/Skorzane-botki-Lestrosa-Wiola-brazowe_%5B7053%5D_1200.jpg	Lestrosa	1090.00 PLN	in_stock	437	187	Obuwie > Buty	Brązowy	Skóra gładka	36	new	female	adult			https://www.italy-shop.eu/images/ly453/7000-8000/Skorzane-botki-Lestrosa-Wiola-brazowe_%5B7055%5D_1200.jpg,https://www.italy-shop.eu/images/ly453/7000-8000/Skorzane-botki-Lestrosa-Wiola-brazowe_%5B7052%5D_1200.jpg,https://www.italy-shop.eu/images/ly453/7000-8000/Skorzane-botki-Lestrosa-Wiola-brazowe_%5B7054%5D_1200.jpg	jesen
437_52_41	Skórzane botki Lestrosa Wiola — brązowe	Skórzane botki Lestrosa Wiola w brązie: ostry szpic, wysoka cholewka, wygięty słupek 7 cm.	https://www.italy-shop.eu/Skorzane-botki-Lestrosa-Wiola-brazowe-p437	https://www.italy-shop.eu/images/ly453/7000-8000/Skorzane-botki-Lestrosa-Wiola-brazowe_%5B7053%5D_1200.jpg	Lestrosa	1090.00 PLN	in_stock	437	187	Obuwie > Buty	Brązowy	Skóra gładka	37	new	female	adult			https://www.italy-shop.eu/images/ly453/7000-8000/Skorzane-botki-Lestrosa-Wiola-brazowe_%5B7055%5D_1200.jpg,https://www.italy-shop.eu/images/ly453/7000-8000/Skorzane-botki-Lestrosa-Wiola-brazowe_%5B7052%5D_1200.jpg,https://www.italy-shop.eu/images/ly453/7000-8000/Skorzane-botki-Lestrosa-Wiola-brazowe_%5B7054%5D_1200.jpg	jesen
437_52_42	Skórzane botki Lestrosa Wiola — brązowe	Skórzane botki Lestrosa Wiola w brązie: ostry szpic, wysoka cholewka, wygięty słupek 7 cm.	https://www.italy-shop.eu/Skorzane-botki-Lestrosa-Wiola-brazowe-p437	https://www.italy-shop.eu/images/ly453/7000-8000/Skorzane-botki-Lestrosa-Wiola-brazowe_%5B7053%5D_1200.jpg	Lestrosa	1090.00 PLN	in_stock	437	187	Obuwie > Buty	Brązowy	Skóra gładka	38	new	female	adult			https://www.italy-shop.eu/images/ly453/7000-8000/Skorzane-botki-Lestrosa-Wiola-brazowe_%5B7055%5D_1200.jpg,https://www.italy-shop.eu/images/ly453/7000-8000/Skorzane-botki-Lestrosa-Wiola-brazowe_%5B7052%5D_1200.jpg,https://www.italy-shop.eu/images/ly453/7000-8000/Skorzane-botki-Lestrosa-Wiola-brazowe_%5B7054%5D_1200.jpg	jesen
437_52_43	Skórzane botki Lestrosa Wiola — brązowe	Skórzane botki Lestrosa Wiola w brązie: ostry szpic, wysoka cholewka, wygięty słupek 7 cm.	https://www.italy-shop.eu/Skorzane-botki-Lestrosa-Wiola-brazowe-p437	https://www.italy-shop.eu/images/ly453/7000-8000/Skorzane-botki-Lestrosa-Wiola-brazowe_%5B7053%5D_1200.jpg	Lestrosa	1090.00 PLN	in_stock	437	187	Obuwie > Buty	Brązowy	Skóra gładka	39	new	female	adult			https://www.italy-shop.eu/images/ly453/7000-8000/Skorzane-botki-Lestrosa-Wiola-brazowe_%5B7055%5D_1200.jpg,https://www.italy-shop.eu/images/ly453/7000-8000/Skorzane-botki-Lestrosa-Wiola-brazowe_%5B7052%5D_1200.jpg,https://www.italy-shop.eu/images/ly453/7000-8000/Skorzane-botki-Lestrosa-Wiola-brazowe_%5B7054%5D_1200.jpg	jesen
437_52_44	Skórzane botki Lestrosa Wiola — brązowe	Skórzane botki Lestrosa Wiola w brązie: ostry szpic, wysoka cholewka, wygięty słupek 7 cm.	https://www.italy-shop.eu/Skorzane-botki-Lestrosa-Wiola-brazowe-p437	https://www.italy-shop.eu/images/ly453/7000-8000/Skorzane-botki-Lestrosa-Wiola-brazowe_%5B7053%5D_1200.jpg	Lestrosa	1090.00 PLN	in_stock	437	187	Obuwie > Buty	Brązowy	Skóra gładka	40	new	female	adult			https://www.italy-shop.eu/images/ly453/7000-8000/Skorzane-botki-Lestrosa-Wiola-brazowe_%5B7055%5D_1200.jpg,https://www.italy-shop.eu/images/ly453/7000-8000/Skorzane-botki-Lestrosa-Wiola-brazowe_%5B7052%5D_1200.jpg,https://www.italy-shop.eu/images/ly453/7000-8000/Skorzane-botki-Lestrosa-Wiola-brazowe_%5B7054%5D_1200.jpg	jesen
436_45_40	Skórzane botki Lestrosa Wiola — czarne	Skórzane botki Lestrosa Wiola w czerni: ostry szpic, wysoka cholewka, wygięty słupek 7 cm.	https://www.italy-shop.eu/Skorzane-botki-Lestrosa-Wiola-czarne-p436	https://www.italy-shop.eu/images/ly453/7000-8000/Skorzane-botki-Lestrosa-Wiola-czarne_%5B7049%5D_1200.jpg	Lestrosa	1090.00 PLN	in_stock	436	187	Obuwie > Buty	Czarny	Skóra gładka	36	new	female	adult			https://www.italy-shop.eu/images/ly453/7000-8000/Skorzane-botki-Lestrosa-Wiola-czarne_%5B7051%5D_1200.jpg,https://www.italy-shop.eu/images/ly453/7000-8000/Skorzane-botki-Lestrosa-Wiola-czarne_%5B7048%5D_1200.jpg,https://www.italy-shop.eu/images/ly453/7000-8000/Skorzane-botki-Lestrosa-Wiola-czarne_%5B7050%5D_1200.jpg	jesen
436_45_41	Skórzane botki Lestrosa Wiola — czarne	Skórzane botki Lestrosa Wiola w czerni: ostry szpic, wysoka cholewka, wygięty słupek 7 cm.	https://www.italy-shop.eu/Skorzane-botki-Lestrosa-Wiola-czarne-p436	https://www.italy-shop.eu/images/ly453/7000-8000/Skorzane-botki-Lestrosa-Wiola-czarne_%5B7049%5D_1200.jpg	Lestrosa	1090.00 PLN	in_stock	436	187	Obuwie > Buty	Czarny	Skóra gładka	37	new	female	adult			https://www.italy-shop.eu/images/ly453/7000-8000/Skorzane-botki-Lestrosa-Wiola-czarne_%5B7051%5D_1200.jpg,https://www.italy-shop.eu/images/ly453/7000-8000/Skorzane-botki-Lestrosa-Wiola-czarne_%5B7048%5D_1200.jpg,https://www.italy-shop.eu/images/ly453/7000-8000/Skorzane-botki-Lestrosa-Wiola-czarne_%5B7050%5D_1200.jpg	jesen
436_45_42	Skórzane botki Lestrosa Wiola — czarne	Skórzane botki Lestrosa Wiola w czerni: ostry szpic, wysoka cholewka, wygięty słupek 7 cm.	https://www.italy-shop.eu/Skorzane-botki-Lestrosa-Wiola-czarne-p436	https://www.italy-shop.eu/images/ly453/7000-8000/Skorzane-botki-Lestrosa-Wiola-czarne_%5B7049%5D_1200.jpg	Lestrosa	1090.00 PLN	in_stock	436	187	Obuwie > Buty	Czarny	Skóra gładka	38	new	female	adult			https://www.italy-shop.eu/images/ly453/7000-8000/Skorzane-botki-Lestrosa-Wiola-czarne_%5B7051%5D_1200.jpg,https://www.italy-shop.eu/images/ly453/7000-8000/Skorzane-botki-Lestrosa-Wiola-czarne_%5B7048%5D_1200.jpg,https://www.italy-shop.eu/images/ly453/7000-8000/Skorzane-botki-Lestrosa-Wiola-czarne_%5B7050%5D_1200.jpg	jesen
436_45_43	Skórzane botki Lestrosa Wiola — czarne	Skórzane botki Lestrosa Wiola w czerni: ostry szpic, wysoka cholewka, wygięty słupek 7 cm.	https://www.italy-shop.eu/Skorzane-botki-Lestrosa-Wiola-czarne-p436	https://www.italy-shop.eu/images/ly453/7000-8000/Skorzane-botki-Lestrosa-Wiola-czarne_%5B7049%5D_1200.jpg	Lestrosa	1090.00 PLN	in_stock	436	187	Obuwie > Buty	Czarny	Skóra gładka	39	new	female	adult			https://www.italy-shop.eu/images/ly453/7000-8000/Skorzane-botki-Lestrosa-Wiola-czarne_%5B7051%5D_1200.jpg,https://www.italy-shop.eu/images/ly453/7000-8000/Skorzane-botki-Lestrosa-Wiola-czarne_%5B7048%5D_1200.jpg,https://www.italy-shop.eu/images/ly453/7000-8000/Skorzane-botki-Lestrosa-Wiola-czarne_%5B7050%5D_1200.jpg	jesen
436_45_44	Skórzane botki Lestrosa Wiola — czarne	Skórzane botki Lestrosa Wiola w czerni: ostry szpic, wysoka cholewka, wygięty słupek 7 cm.	https://www.italy-shop.eu/Skorzane-botki-Lestrosa-Wiola-czarne-p436	https://www.italy-shop.eu/images/ly453/7000-8000/Skorzane-botki-Lestrosa-Wiola-czarne_%5B7049%5D_1200.jpg	Lestrosa	1090.00 PLN	in_stock	436	187	Obuwie > Buty	Czarny	Skóra gładka	40	new	female	adult			https://www.italy-shop.eu/images/ly453/7000-8000/Skorzane-botki-Lestrosa-Wiola-czarne_%5B7051%5D_1200.jpg,https://www.italy-shop.eu/images/ly453/7000-8000/Skorzane-botki-Lestrosa-Wiola-czarne_%5B7048%5D_1200.jpg,https://www.italy-shop.eu/images/ly453/7000-8000/Skorzane-botki-Lestrosa-Wiola-czarne_%5B7050%5D_1200.jpg	jesen
442_52_40	Skórzane botki Lestrosa Wiola z paskiem — brązowe	Skórzane botki Lestrosa Wiola z paskiem w brązie: ziarnista skóra, odpinany pasek, ostry szpic, słupek 7 cm.	https://www.italy-shop.eu/Skorzane-botki-Lestrosa-Wiola-z-paskiem-brazowe-p442	https://www.italy-shop.eu/images/ly453/7000-8000/Skorzane-botki-Lestrosa-Wiola-z-paskiem-brazowe_%5B7072%5D_1200.jpg	Lestrosa	1090.00 PLN	in_stock	442	187	Obuwie > Buty	Brązowy	Skóra groszkowa	36	new	female	adult			https://www.italy-shop.eu/images/ly453/7000-8000/Skorzane-botki-Lestrosa-Wiola-z-paskiem-brazowe_%5B7073%5D_1200.jpg,https://www.italy-shop.eu/images/ly453/7000-8000/Skorzane-botki-Lestrosa-Wiola-z-paskiem-brazowe_%5B7074%5D_1200.jpg,https://www.italy-shop.eu/images/ly453/7000-8000/Skorzane-botki-Lestrosa-Wiola-z-paskiem-brazowe_%5B7075%5D_1200.jpg	jesen
442_52_41	Skórzane botki Lestrosa Wiola z paskiem — brązowe	Skórzane botki Lestrosa Wiola z paskiem w brązie: ziarnista skóra, odpinany pasek, ostry szpic, słupek 7 cm.	https://www.italy-shop.eu/Skorzane-botki-Lestrosa-Wiola-z-paskiem-brazowe-p442	https://www.italy-shop.eu/images/ly453/7000-8000/Skorzane-botki-Lestrosa-Wiola-z-paskiem-brazowe_%5B7072%5D_1200.jpg	Lestrosa	1090.00 PLN	in_stock	442	187	Obuwie > Buty	Brązowy	Skóra groszkowa	37	new	female	adult			https://www.italy-shop.eu/images/ly453/7000-8000/Skorzane-botki-Lestrosa-Wiola-z-paskiem-brazowe_%5B7073%5D_1200.jpg,https://www.italy-shop.eu/images/ly453/7000-8000/Skorzane-botki-Lestrosa-Wiola-z-paskiem-brazowe_%5B7074%5D_1200.jpg,https://www.italy-shop.eu/images/ly453/7000-8000/Skorzane-botki-Lestrosa-Wiola-z-paskiem-brazowe_%5B7075%5D_1200.jpg	jesen
442_52_42	Skórzane botki Lestrosa Wiola z paskiem — brązowe	Skórzane botki Lestrosa Wiola z paskiem w brązie: ziarnista skóra, odpinany pasek, ostry szpic, słupek 7 cm.	https://www.italy-shop.eu/Skorzane-botki-Lestrosa-Wiola-z-paskiem-brazowe-p442	https://www.italy-shop.eu/images/ly453/7000-8000/Skorzane-botki-Lestrosa-Wiola-z-paskiem-brazowe_%5B7072%5D_1200.jpg	Lestrosa	1090.00 PLN	in_stock	442	187	Obuwie > Buty	Brązowy	Skóra groszkowa	38	new	female	adult			https://www.italy-shop.eu/images/ly453/7000-8000/Skorzane-botki-Lestrosa-Wiola-z-paskiem-brazowe_%5B7073%5D_1200.jpg,https://www.italy-shop.eu/images/ly453/7000-8000/Skorzane-botki-Lestrosa-Wiola-z-paskiem-brazowe_%5B7074%5D_1200.jpg,https://www.italy-shop.eu/images/ly453/7000-8000/Skorzane-botki-Lestrosa-Wiola-z-paskiem-brazowe_%5B7075%5D_1200.jpg	jesen
442_52_43	Skórzane botki Lestrosa Wiola z paskiem — brązowe	Skórzane botki Lestrosa Wiola z paskiem w brązie: ziarnista skóra, odpinany pasek, ostry szpic, słupek 7 cm.	https://www.italy-shop.eu/Skorzane-botki-Lestrosa-Wiola-z-paskiem-brazowe-p442	https://www.italy-shop.eu/images/ly453/7000-8000/Skorzane-botki-Lestrosa-Wiola-z-paskiem-brazowe_%5B7072%5D_1200.jpg	Lestrosa	1090.00 PLN	in_stock	442	187	Obuwie > Buty	Brązowy	Skóra groszkowa	39	new	female	adult			https://www.italy-shop.eu/images/ly453/7000-8000/Skorzane-botki-Lestrosa-Wiola-z-paskiem-brazowe_%5B7073%5D_1200.jpg,https://www.italy-shop.eu/images/ly453/7000-8000/Skorzane-botki-Lestrosa-Wiola-z-paskiem-brazowe_%5B7074%5D_1200.jpg,https://www.italy-shop.eu/images/ly453/7000-8000/Skorzane-botki-Lestrosa-Wiola-z-paskiem-brazowe_%5B7075%5D_1200.jpg	jesen
442_52_44	Skórzane botki Lestrosa Wiola z paskiem — brązowe	Skórzane botki Lestrosa Wiola z paskiem w brązie: ziarnista skóra, odpinany pasek, ostry szpic, słupek 7 cm.	https://www.italy-shop.eu/Skorzane-botki-Lestrosa-Wiola-z-paskiem-brazowe-p442	https://www.italy-shop.eu/images/ly453/7000-8000/Skorzane-botki-Lestrosa-Wiola-z-paskiem-brazowe_%5B7072%5D_1200.jpg	Lestrosa	1090.00 PLN	in_stock	442	187	Obuwie > Buty	Brązowy	Skóra groszkowa	40	new	female	adult			https://www.italy-shop.eu/images/ly453/7000-8000/Skorzane-botki-Lestrosa-Wiola-z-paskiem-brazowe_%5B7073%5D_1200.jpg,https://www.italy-shop.eu/images/ly453/7000-8000/Skorzane-botki-Lestrosa-Wiola-z-paskiem-brazowe_%5B7074%5D_1200.jpg,https://www.italy-shop.eu/images/ly453/7000-8000/Skorzane-botki-Lestrosa-Wiola-z-paskiem-brazowe_%5B7075%5D_1200.jpg	jesen
443_65_40	Skórzane botki Lestrosa Wiola z paskiem — cappuccino	Skórzane botki Lestrosa Wiola z paskiem w cappuccino: ziarnista skóra, odpinany pasek, ostry szpic, słupek 7 cm.	https://www.italy-shop.eu/Skorzane-botki-Lestrosa-Wiola-z-paskiem-cappuccino-p443	https://www.italy-shop.eu/images/ly453/7000-8000/Skorzane-botki-Lestrosa-Wiola-z-paskiem-cappuccino_%5B7092%5D_1200.jpg	Lestrosa	1090.00 PLN	in_stock	443	187	Obuwie > Buty	Cappuccino	Skóra groszkowa	36	new	female	adult			https://www.italy-shop.eu/images/ly453/7000-8000/Skorzane-botki-Lestrosa-Wiola-z-paskiem-cappuccino_%5B7076%5D_1200.jpg,https://www.italy-shop.eu/images/ly453/7000-8000/Skorzane-botki-Lestrosa-Wiola-z-paskiem-cappuccino_%5B7093%5D_1200.jpg,https://www.italy-shop.eu/images/ly453/7000-8000/Skorzane-botki-Lestrosa-Wiola-z-paskiem-cappuccino_%5B7077%5D_1200.jpg,https://www.italy-shop.eu/images/ly453/7000-8000/Skorzane-botki-Lestrosa-Wiola-z-paskiem-cappuccino_%5B7078%5D_1200.jpg,https://www.italy-shop.eu/images/ly453/7000-8000/Skorzane-botki-Lestrosa-Wiola-z-paskiem-cappuccino_%5B7079%5D_1200.jpg	jesen
443_65_41	Skórzane botki Lestrosa Wiola z paskiem — cappuccino	Skórzane botki Lestrosa Wiola z paskiem w cappuccino: ziarnista skóra, odpinany pasek, ostry szpic, słupek 7 cm.	https://www.italy-shop.eu/Skorzane-botki-Lestrosa-Wiola-z-paskiem-cappuccino-p443	https://www.italy-shop.eu/images/ly453/7000-8000/Skorzane-botki-Lestrosa-Wiola-z-paskiem-cappuccino_%5B7092%5D_1200.jpg	Lestrosa	1090.00 PLN	in_stock	443	187	Obuwie > Buty	Cappuccino	Skóra groszkowa	37	new	female	adult			https://www.italy-shop.eu/images/ly453/7000-8000/Skorzane-botki-Lestrosa-Wiola-z-paskiem-cappuccino_%5B7076%5D_1200.jpg,https://www.italy-shop.eu/images/ly453/7000-8000/Skorzane-botki-Lestrosa-Wiola-z-paskiem-cappuccino_%5B7093%5D_1200.jpg,https://www.italy-shop.eu/images/ly453/7000-8000/Skorzane-botki-Lestrosa-Wiola-z-paskiem-cappuccino_%5B7077%5D_1200.jpg,https://www.italy-shop.eu/images/ly453/7000-8000/Skorzane-botki-Lestrosa-Wiola-z-paskiem-cappuccino_%5B7078%5D_1200.jpg,https://www.italy-shop.eu/images/ly453/7000-8000/Skorzane-botki-Lestrosa-Wiola-z-paskiem-cappuccino_%5B7079%5D_1200.jpg	jesen
443_65_42	Skórzane botki Lestrosa Wiola z paskiem — cappuccino	Skórzane botki Lestrosa Wiola z paskiem w cappuccino: ziarnista skóra, odpinany pasek, ostry szpic, słupek 7 cm.	https://www.italy-shop.eu/Skorzane-botki-Lestrosa-Wiola-z-paskiem-cappuccino-p443	https://www.italy-shop.eu/images/ly453/7000-8000/Skorzane-botki-Lestrosa-Wiola-z-paskiem-cappuccino_%5B7092%5D_1200.jpg	Lestrosa	1090.00 PLN	in_stock	443	187	Obuwie > Buty	Cappuccino	Skóra groszkowa	38	new	female	adult			https://www.italy-shop.eu/images/ly453/7000-8000/Skorzane-botki-Lestrosa-Wiola-z-paskiem-cappuccino_%5B7076%5D_1200.jpg,https://www.italy-shop.eu/images/ly453/7000-8000/Skorzane-botki-Lestrosa-Wiola-z-paskiem-cappuccino_%5B7093%5D_1200.jpg,https://www.italy-shop.eu/images/ly453/7000-8000/Skorzane-botki-Lestrosa-Wiola-z-paskiem-cappuccino_%5B7077%5D_1200.jpg,https://www.italy-shop.eu/images/ly453/7000-8000/Skorzane-botki-Lestrosa-Wiola-z-paskiem-cappuccino_%5B7078%5D_1200.jpg,https://www.italy-shop.eu/images/ly453/7000-8000/Skorzane-botki-Lestrosa-Wiola-z-paskiem-cappuccino_%5B7079%5D_1200.jpg	jesen
443_65_43	Skórzane botki Lestrosa Wiola z paskiem — cappuccino	Skórzane botki Lestrosa Wiola z paskiem w cappuccino: ziarnista skóra, odpinany pasek, ostry szpic, słupek 7 cm.	https://www.italy-shop.eu/Skorzane-botki-Lestrosa-Wiola-z-paskiem-cappuccino-p443	https://www.italy-shop.eu/images/ly453/7000-8000/Skorzane-botki-Lestrosa-Wiola-z-paskiem-cappuccino_%5B7092%5D_1200.jpg	Lestrosa	1090.00 PLN	in_stock	443	187	Obuwie > Buty	Cappuccino	Skóra groszkowa	39	new	female	adult			https://www.italy-shop.eu/images/ly453/7000-8000/Skorzane-botki-Lestrosa-Wiola-z-paskiem-cappuccino_%5B7076%5D_1200.jpg,https://www.italy-shop.eu/images/ly453/7000-8000/Skorzane-botki-Lestrosa-Wiola-z-paskiem-cappuccino_%5B7093%5D_1200.jpg,https://www.italy-shop.eu/images/ly453/7000-8000/Skorzane-botki-Lestrosa-Wiola-z-paskiem-cappuccino_%5B7077%5D_1200.jpg,https://www.italy-shop.eu/images/ly453/7000-8000/Skorzane-botki-Lestrosa-Wiola-z-paskiem-cappuccino_%5B7078%5D_1200.jpg,https://www.italy-shop.eu/images/ly453/7000-8000/Skorzane-botki-Lestrosa-Wiola-z-paskiem-cappuccino_%5B7079%5D_1200.jpg	jesen
443_65_44	Skórzane botki Lestrosa Wiola z paskiem — cappuccino	Skórzane botki Lestrosa Wiola z paskiem w cappuccino: ziarnista skóra, odpinany pasek, ostry szpic, słupek 7 cm.	https://www.italy-shop.eu/Skorzane-botki-Lestrosa-Wiola-z-paskiem-cappuccino-p443	https://www.italy-shop.eu/images/ly453/7000-8000/Skorzane-botki-Lestrosa-Wiola-z-paskiem-cappuccino_%5B7092%5D_1200.jpg	Lestrosa	1090.00 PLN	in_stock	443	187	Obuwie > Buty	Cappuccino	Skóra groszkowa	40	new	female	adult			https://www.italy-shop.eu/images/ly453/7000-8000/Skorzane-botki-Lestrosa-Wiola-z-paskiem-cappuccino_%5B7076%5D_1200.jpg,https://www.italy-shop.eu/images/ly453/7000-8000/Skorzane-botki-Lestrosa-Wiola-z-paskiem-cappuccino_%5B7093%5D_1200.jpg,https://www.italy-shop.eu/images/ly453/7000-8000/Skorzane-botki-Lestrosa-Wiola-z-paskiem-cappuccino_%5B7077%5D_1200.jpg,https://www.italy-shop.eu/images/ly453/7000-8000/Skorzane-botki-Lestrosa-Wiola-z-paskiem-cappuccino_%5B7078%5D_1200.jpg,https://www.italy-shop.eu/images/ly453/7000-8000/Skorzane-botki-Lestrosa-Wiola-z-paskiem-cappuccino_%5B7079%5D_1200.jpg	jesen
397_45_40	Skórzane botki Lestrosa Wiola z paskiem — czarne	Skórzane botki Lestrosa Wiola w czerni, ziarnista skóra. Odpinany pasek, ostry szpic, słupek 7 cm.	https://www.italy-shop.eu/Skorzane-botki-Lestrosa-Wiola-czarne-p397	https://www.italy-shop.eu/images/ly453/6000-7000/Skorzane-botki-Lestrosa-Wiola-czarne_%5B6698%5D_1200.jpg	Lestrosa	1090.00 PLN	in_stock	397	187	Obuwie > Buty	Czarny	Skóra groszkowa	36	new	female	adult			https://www.italy-shop.eu/images/ly453/6000-7000/Skorzane-botki-Lestrosa-Wiola-czarne_%5B6695%5D_1200.jpg,https://www.italy-shop.eu/images/ly453/6000-7000/Skorzane-botki-Lestrosa-Wiola-czarne_%5B6696%5D_1200.jpg,https://www.italy-shop.eu/images/ly453/6000-7000/Skorzane-botki-Lestrosa-Wiola-czarne_%5B6697%5D_1200.jpg	jesen
397_45_41	Skórzane botki Lestrosa Wiola z paskiem — czarne	Skórzane botki Lestrosa Wiola w czerni, ziarnista skóra. Odpinany pasek, ostry szpic, słupek 7 cm.	https://www.italy-shop.eu/Skorzane-botki-Lestrosa-Wiola-czarne-p397	https://www.italy-shop.eu/images/ly453/6000-7000/Skorzane-botki-Lestrosa-Wiola-czarne_%5B6698%5D_1200.jpg	Lestrosa	1090.00 PLN	in_stock	397	187	Obuwie > Buty	Czarny	Skóra groszkowa	37	new	female	adult			https://www.italy-shop.eu/images/ly453/6000-7000/Skorzane-botki-Lestrosa-Wiola-czarne_%5B6695%5D_1200.jpg,https://www.italy-shop.eu/images/ly453/6000-7000/Skorzane-botki-Lestrosa-Wiola-czarne_%5B6696%5D_1200.jpg,https://www.italy-shop.eu/images/ly453/6000-7000/Skorzane-botki-Lestrosa-Wiola-czarne_%5B6697%5D_1200.jpg	jesen
397_45_42	Skórzane botki Lestrosa Wiola z paskiem — czarne	Skórzane botki Lestrosa Wiola w czerni, ziarnista skóra. Odpinany pasek, ostry szpic, słupek 7 cm.	https://www.italy-shop.eu/Skorzane-botki-Lestrosa-Wiola-czarne-p397	https://www.italy-shop.eu/images/ly453/6000-7000/Skorzane-botki-Lestrosa-Wiola-czarne_%5B6698%5D_1200.jpg	Lestrosa	1090.00 PLN	in_stock	397	187	Obuwie > Buty	Czarny	Skóra groszkowa	38	new	female	adult			https://www.italy-shop.eu/images/ly453/6000-7000/Skorzane-botki-Lestrosa-Wiola-czarne_%5B6695%5D_1200.jpg,https://www.italy-shop.eu/images/ly453/6000-7000/Skorzane-botki-Lestrosa-Wiola-czarne_%5B6696%5D_1200.jpg,https://www.italy-shop.eu/images/ly453/6000-7000/Skorzane-botki-Lestrosa-Wiola-czarne_%5B6697%5D_1200.jpg	jesen
397_45_43	Skórzane botki Lestrosa Wiola z paskiem — czarne	Skórzane botki Lestrosa Wiola w czerni, ziarnista skóra. Odpinany pasek, ostry szpic, słupek 7 cm.	https://www.italy-shop.eu/Skorzane-botki-Lestrosa-Wiola-czarne-p397	https://www.italy-shop.eu/images/ly453/6000-7000/Skorzane-botki-Lestrosa-Wiola-czarne_%5B6698%5D_1200.jpg	Lestrosa	1090.00 PLN	in_stock	397	187	Obuwie > Buty	Czarny	Skóra groszkowa	39	new	female	adult			https://www.italy-shop.eu/images/ly453/6000-7000/Skorzane-botki-Lestrosa-Wiola-czarne_%5B6695%5D_1200.jpg,https://www.italy-shop.eu/images/ly453/6000-7000/Skorzane-botki-Lestrosa-Wiola-czarne_%5B6696%5D_1200.jpg,https://www.italy-shop.eu/images/ly453/6000-7000/Skorzane-botki-Lestrosa-Wiola-czarne_%5B6697%5D_1200.jpg	jesen
397_45_44	Skórzane botki Lestrosa Wiola z paskiem — czarne	Skórzane botki Lestrosa Wiola w czerni, ziarnista skóra. Odpinany pasek, ostry szpic, słupek 7 cm.	https://www.italy-shop.eu/Skorzane-botki-Lestrosa-Wiola-czarne-p397	https://www.italy-shop.eu/images/ly453/6000-7000/Skorzane-botki-Lestrosa-Wiola-czarne_%5B6698%5D_1200.jpg	Lestrosa	1090.00 PLN	in_stock	397	187	Obuwie > Buty	Czarny	Skóra groszkowa	40	new	female	adult			https://www.italy-shop.eu/images/ly453/6000-7000/Skorzane-botki-Lestrosa-Wiola-czarne_%5B6695%5D_1200.jpg,https://www.italy-shop.eu/images/ly453/6000-7000/Skorzane-botki-Lestrosa-Wiola-czarne_%5B6696%5D_1200.jpg,https://www.italy-shop.eu/images/ly453/6000-7000/Skorzane-botki-Lestrosa-Wiola-czarne_%5B6697%5D_1200.jpg	jesen
380_52_40	Skórzane czółenka Lancioni — brązowe	Skórzane czółenka Lancioni w brązie, ostry szpic z lakierowanym czubkiem. Gładka skóra, płaska podeszwa.	https://www.italy-shop.eu/Skorzane-czolenka-Lancioni-brazowe-p380	https://www.italy-shop.eu/images/ly453/6000-7000/Skorzane-czolenka-Lancioni-brazowe_%5B6628%5D_1200.jpg	Federica Lancioni	890.00 PLN	in_stock	380	187	Obuwie > Czółenka	Brązowy	Skóra gładka	36	new	female	adult			https://www.italy-shop.eu/images/ly453/6000-7000/Skorzane-czolenka-Lancioni-brazowe_%5B6629%5D_1200.jpg,https://www.italy-shop.eu/images/ly453/6000-7000/Skorzane-czolenka-Lancioni-brazowe_%5B6628%5D_1200.jpg,https://www.italy-shop.eu/images/ly453/6000-7000/Skorzane-czolenka-Lancioni-brazowe_%5B6630%5D_1200.jpg	jesen
380_52_41	Skórzane czółenka Lancioni — brązowe	Skórzane czółenka Lancioni w brązie, ostry szpic z lakierowanym czubkiem. Gładka skóra, płaska podeszwa.	https://www.italy-shop.eu/Skorzane-czolenka-Lancioni-brazowe-p380	https://www.italy-shop.eu/images/ly453/6000-7000/Skorzane-czolenka-Lancioni-brazowe_%5B6628%5D_1200.jpg	Federica Lancioni	890.00 PLN	in_stock	380	187	Obuwie > Czółenka	Brązowy	Skóra gładka	37	new	female	adult			https://www.italy-shop.eu/images/ly453/6000-7000/Skorzane-czolenka-Lancioni-brazowe_%5B6629%5D_1200.jpg,https://www.italy-shop.eu/images/ly453/6000-7000/Skorzane-czolenka-Lancioni-brazowe_%5B6628%5D_1200.jpg,https://www.italy-shop.eu/images/ly453/6000-7000/Skorzane-czolenka-Lancioni-brazowe_%5B6630%5D_1200.jpg	jesen
380_52_42	Skórzane czółenka Lancioni — brązowe	Skórzane czółenka Lancioni w brązie, ostry szpic z lakierowanym czubkiem. Gładka skóra, płaska podeszwa.	https://www.italy-shop.eu/Skorzane-czolenka-Lancioni-brazowe-p380	https://www.italy-shop.eu/images/ly453/6000-7000/Skorzane-czolenka-Lancioni-brazowe_%5B6628%5D_1200.jpg	Federica Lancioni	890.00 PLN	in_stock	380	187	Obuwie > Czółenka	Brązowy	Skóra gładka	38	new	female	adult			https://www.italy-shop.eu/images/ly453/6000-7000/Skorzane-czolenka-Lancioni-brazowe_%5B6629%5D_1200.jpg,https://www.italy-shop.eu/images/ly453/6000-7000/Skorzane-czolenka-Lancioni-brazowe_%5B6628%5D_1200.jpg,https://www.italy-shop.eu/images/ly453/6000-7000/Skorzane-czolenka-Lancioni-brazowe_%5B6630%5D_1200.jpg	jesen
380_52_43	Skórzane czółenka Lancioni — brązowe	Skórzane czółenka Lancioni w brązie, ostry szpic z lakierowanym czubkiem. Gładka skóra, płaska podeszwa.	https://www.italy-shop.eu/Skorzane-czolenka-Lancioni-brazowe-p380	https://www.italy-shop.eu/images/ly453/6000-7000/Skorzane-czolenka-Lancioni-brazowe_%5B6628%5D_1200.jpg	Federica Lancioni	890.00 PLN	in_stock	380	187	Obuwie > Czółenka	Brązowy	Skóra gładka	39	new	female	adult			https://www.italy-shop.eu/images/ly453/6000-7000/Skorzane-czolenka-Lancioni-brazowe_%5B6629%5D_1200.jpg,https://www.italy-shop.eu/images/ly453/6000-7000/Skorzane-czolenka-Lancioni-brazowe_%5B6628%5D_1200.jpg,https://www.italy-shop.eu/images/ly453/6000-7000/Skorzane-czolenka-Lancioni-brazowe_%5B6630%5D_1200.jpg	jesen
380_52_44	Skórzane czółenka Lancioni — brązowe	Skórzane czółenka Lancioni w brązie, ostry szpic z lakierowanym czubkiem. Gładka skóra, płaska podeszwa.	https://www.italy-shop.eu/Skorzane-czolenka-Lancioni-brazowe-p380	https://www.italy-shop.eu/images/ly453/6000-7000/Skorzane-czolenka-Lancioni-brazowe_%5B6628%5D_1200.jpg	Federica Lancioni	890.00 PLN	in_stock	380	187	Obuwie > Czółenka	Brązowy	Skóra gładka	40	new	female	adult			https://www.italy-shop.eu/images/ly453/6000-7000/Skorzane-czolenka-Lancioni-brazowe_%5B6629%5D_1200.jpg,https://www.italy-shop.eu/images/ly453/6000-7000/Skorzane-czolenka-Lancioni-brazowe_%5B6628%5D_1200.jpg,https://www.italy-shop.eu/images/ly453/6000-7000/Skorzane-czolenka-Lancioni-brazowe_%5B6630%5D_1200.jpg	jesen
381_45_40	Skórzane czółenka Lancioni — czarne	Skórzane czółenka Lancioni w czerni, ostry szpic z lakierowanym czubkiem. Gładka skóra, płaska podeszwa.	https://www.italy-shop.eu/Skorzane-czolenka-Lancioni-czarne-p381	https://www.italy-shop.eu/images/ly453/6000-7000/Skorzane-czolenka-Lancioni-czarne_%5B6672%5D_1200.jpg	Lancioni	890.00 PLN	in_stock	381	187	Obuwie > Czółenka	Czarny	Skóra gładka	36	new	female	adult			https://www.italy-shop.eu/images/ly453/6000-7000/Skorzane-czolenka-Lancioni-czarne_%5B6632%5D_1200.jpg,https://www.italy-shop.eu/images/ly453/6000-7000/Skorzane-czolenka-Lancioni-czarne_%5B6631%5D_1200.jpg	jesen
381_45_41	Skórzane czółenka Lancioni — czarne	Skórzane czółenka Lancioni w czerni, ostry szpic z lakierowanym czubkiem. Gładka skóra, płaska podeszwa.	https://www.italy-shop.eu/Skorzane-czolenka-Lancioni-czarne-p381	https://www.italy-shop.eu/images/ly453/6000-7000/Skorzane-czolenka-Lancioni-czarne_%5B6672%5D_1200.jpg	Lancioni	890.00 PLN	in_stock	381	187	Obuwie > Czółenka	Czarny	Skóra gładka	37	new	female	adult			https://www.italy-shop.eu/images/ly453/6000-7000/Skorzane-czolenka-Lancioni-czarne_%5B6632%5D_1200.jpg,https://www.italy-shop.eu/images/ly453/6000-7000/Skorzane-czolenka-Lancioni-czarne_%5B6631%5D_1200.jpg	jesen
381_45_42	Skórzane czółenka Lancioni — czarne	Skórzane czółenka Lancioni w czerni, ostry szpic z lakierowanym czubkiem. Gładka skóra, płaska podeszwa.	https://www.italy-shop.eu/Skorzane-czolenka-Lancioni-czarne-p381	https://www.italy-shop.eu/images/ly453/6000-7000/Skorzane-czolenka-Lancioni-czarne_%5B6672%5D_1200.jpg	Lancioni	890.00 PLN	in_stock	381	187	Obuwie > Czółenka	Czarny	Skóra gładka	38	new	female	adult			https://www.italy-shop.eu/images/ly453/6000-7000/Skorzane-czolenka-Lancioni-czarne_%5B6632%5D_1200.jpg,https://www.italy-shop.eu/images/ly453/6000-7000/Skorzane-czolenka-Lancioni-czarne_%5B6631%5D_1200.jpg	jesen
381_45_43	Skórzane czółenka Lancioni — czarne	Skórzane czółenka Lancioni w czerni, ostry szpic z lakierowanym czubkiem. Gładka skóra, płaska podeszwa.	https://www.italy-shop.eu/Skorzane-czolenka-Lancioni-czarne-p381	https://www.italy-shop.eu/images/ly453/6000-7000/Skorzane-czolenka-Lancioni-czarne_%5B6672%5D_1200.jpg	Lancioni	890.00 PLN	in_stock	381	187	Obuwie > Czółenka	Czarny	Skóra gładka	39	new	female	adult			https://www.italy-shop.eu/images/ly453/6000-7000/Skorzane-czolenka-Lancioni-czarne_%5B6632%5D_1200.jpg,https://www.italy-shop.eu/images/ly453/6000-7000/Skorzane-czolenka-Lancioni-czarne_%5B6631%5D_1200.jpg	jesen
381_45_44	Skórzane czółenka Lancioni — czarne	Skórzane czółenka Lancioni w czerni, ostry szpic z lakierowanym czubkiem. Gładka skóra, płaska podeszwa.	https://www.italy-shop.eu/Skorzane-czolenka-Lancioni-czarne-p381	https://www.italy-shop.eu/images/ly453/6000-7000/Skorzane-czolenka-Lancioni-czarne_%5B6672%5D_1200.jpg	Lancioni	890.00 PLN	in_stock	381	187	Obuwie > Czółenka	Czarny	Skóra gładka	40	new	female	adult			https://www.italy-shop.eu/images/ly453/6000-7000/Skorzane-czolenka-Lancioni-czarne_%5B6632%5D_1200.jpg,https://www.italy-shop.eu/images/ly453/6000-7000/Skorzane-czolenka-Lancioni-czarne_%5B6631%5D_1200.jpg	jesen
382_52_40	Skórzane kowbojki Lancioni — brązowe	Skórzane kowbojki Lancioni w brązie z zamszowymi frędzlami i ćwiekami. Ostry nosek, kowbojski obcas.	https://www.italy-shop.eu/Skorzane-kowbojki-Lancioni-brazowe-p382	https://www.italy-shop.eu/images/ly453/6000-7000/Skorzane-kowbojki-Lancioni-brazowe_%5B6634%5D_1200.jpg	Federica Lancioni	1530.00 PLN	in_stock	382	187	Obuwie	Brązowy	Skóra gładka	36	new	female	adult			https://www.italy-shop.eu/images/ly453/6000-7000/Skorzane-kowbojki-Lancioni-brazowe_%5B6635%5D_1200.jpg,https://www.italy-shop.eu/images/ly453/6000-7000/Skorzane-kowbojki-Lancioni-brazowe_%5B6636%5D_1200.jpg,https://www.italy-shop.eu/images/ly453/6000-7000/Skorzane-kowbojki-Lancioni-brazowe_%5B6637%5D_1200.jpg	jesen
382_52_41	Skórzane kowbojki Lancioni — brązowe	Skórzane kowbojki Lancioni w brązie z zamszowymi frędzlami i ćwiekami. Ostry nosek, kowbojski obcas.	https://www.italy-shop.eu/Skorzane-kowbojki-Lancioni-brazowe-p382	https://www.italy-shop.eu/images/ly453/6000-7000/Skorzane-kowbojki-Lancioni-brazowe_%5B6634%5D_1200.jpg	Federica Lancioni	1530.00 PLN	in_stock	382	187	Obuwie	Brązowy	Skóra gładka	37	new	female	adult			https://www.italy-shop.eu/images/ly453/6000-7000/Skorzane-kowbojki-Lancioni-brazowe_%5B6635%5D_1200.jpg,https://www.italy-shop.eu/images/ly453/6000-7000/Skorzane-kowbojki-Lancioni-brazowe_%5B6636%5D_1200.jpg,https://www.italy-shop.eu/images/ly453/6000-7000/Skorzane-kowbojki-Lancioni-brazowe_%5B6637%5D_1200.jpg	jesen
382_52_42	Skórzane kowbojki Lancioni — brązowe	Skórzane kowbojki Lancioni w brązie z zamszowymi frędzlami i ćwiekami. Ostry nosek, kowbojski obcas.	https://www.italy-shop.eu/Skorzane-kowbojki-Lancioni-brazowe-p382	https://www.italy-shop.eu/images/ly453/6000-7000/Skorzane-kowbojki-Lancioni-brazowe_%5B6634%5D_1200.jpg	Federica Lancioni	1530.00 PLN	in_stock	382	187	Obuwie	Brązowy	Skóra gładka	38	new	female	adult			https://www.italy-shop.eu/images/ly453/6000-7000/Skorzane-kowbojki-Lancioni-brazowe_%5B6635%5D_1200.jpg,https://www.italy-shop.eu/images/ly453/6000-7000/Skorzane-kowbojki-Lancioni-brazowe_%5B6636%5D_1200.jpg,https://www.italy-shop.eu/images/ly453/6000-7000/Skorzane-kowbojki-Lancioni-brazowe_%5B6637%5D_1200.jpg	jesen
382_52_43	Skórzane kowbojki Lancioni — brązowe	Skórzane kowbojki Lancioni w brązie z zamszowymi frędzlami i ćwiekami. Ostry nosek, kowbojski obcas.	https://www.italy-shop.eu/Skorzane-kowbojki-Lancioni-brazowe-p382	https://www.italy-shop.eu/images/ly453/6000-7000/Skorzane-kowbojki-Lancioni-brazowe_%5B6634%5D_1200.jpg	Federica Lancioni	1530.00 PLN	in_stock	382	187	Obuwie	Brązowy	Skóra gładka	39	new	female	adult			https://www.italy-shop.eu/images/ly453/6000-7000/Skorzane-kowbojki-Lancioni-brazowe_%5B6635%5D_1200.jpg,https://www.italy-shop.eu/images/ly453/6000-7000/Skorzane-kowbojki-Lancioni-brazowe_%5B6636%5D_1200.jpg,https://www.italy-shop.eu/images/ly453/6000-7000/Skorzane-kowbojki-Lancioni-brazowe_%5B6637%5D_1200.jpg	jesen
382_52_44	Skórzane kowbojki Lancioni — brązowe	Skórzane kowbojki Lancioni w brązie z zamszowymi frędzlami i ćwiekami. Ostry nosek, kowbojski obcas.	https://www.italy-shop.eu/Skorzane-kowbojki-Lancioni-brazowe-p382	https://www.italy-shop.eu/images/ly453/6000-7000/Skorzane-kowbojki-Lancioni-brazowe_%5B6634%5D_1200.jpg	Federica Lancioni	1530.00 PLN	in_stock	382	187	Obuwie	Brązowy	Skóra gładka	40	new	female	adult			https://www.italy-shop.eu/images/ly453/6000-7000/Skorzane-kowbojki-Lancioni-brazowe_%5B6635%5D_1200.jpg,https://www.italy-shop.eu/images/ly453/6000-7000/Skorzane-kowbojki-Lancioni-brazowe_%5B6636%5D_1200.jpg,https://www.italy-shop.eu/images/ly453/6000-7000/Skorzane-kowbojki-Lancioni-brazowe_%5B6637%5D_1200.jpg	jesen
382_52_63	Skórzane kowbojki Lancioni — brązowe	Skórzane kowbojki Lancioni w brązie z zamszowymi frędzlami i ćwiekami. Ostry nosek, kowbojski obcas.	https://www.italy-shop.eu/Skorzane-kowbojki-Lancioni-brazowe-p382	https://www.italy-shop.eu/images/ly453/6000-7000/Skorzane-kowbojki-Lancioni-brazowe_%5B6634%5D_1200.jpg	Federica Lancioni	1530.00 PLN	in_stock	382	187	Obuwie	Brązowy	Skóra gładka	41	new	female	adult			https://www.italy-shop.eu/images/ly453/6000-7000/Skorzane-kowbojki-Lancioni-brazowe_%5B6635%5D_1200.jpg,https://www.italy-shop.eu/images/ly453/6000-7000/Skorzane-kowbojki-Lancioni-brazowe_%5B6636%5D_1200.jpg,https://www.italy-shop.eu/images/ly453/6000-7000/Skorzane-kowbojki-Lancioni-brazowe_%5B6637%5D_1200.jpg	jesen
383_48_40	Skórzane kowbojki Lancioni — zielone	Skórzane kowbojki Lancioni z zielonymi zamszowymi frędzlami na czarnej skórze. Ćwieki, ostry nosek.	https://www.italy-shop.eu/Skorzane-kowbojki-Lancioni-zielone-p383	https://www.italy-shop.eu/images/ly453/6000-7000/Skorzane-kowbojki-Lancioni-zielone_%5B6679%5D_1200.jpg	Federica Lancioni	1530.00 PLN	in_stock	383	187	Obuwie	Zielony	Skóra gładka	36	new	female	adult			https://www.italy-shop.eu/images/ly453/6000-7000/Skorzane-kowbojki-Lancioni-zielone_%5B6638%5D_1200.jpg,https://www.italy-shop.eu/images/ly453/6000-7000/Skorzane-kowbojki-Lancioni-zielone_%5B6639%5D_1200.jpg	jesen
383_48_41	Skórzane kowbojki Lancioni — zielone	Skórzane kowbojki Lancioni z zielonymi zamszowymi frędzlami na czarnej skórze. Ćwieki, ostry nosek.	https://www.italy-shop.eu/Skorzane-kowbojki-Lancioni-zielone-p383	https://www.italy-shop.eu/images/ly453/6000-7000/Skorzane-kowbojki-Lancioni-zielone_%5B6679%5D_1200.jpg	Federica Lancioni	1530.00 PLN	in_stock	383	187	Obuwie	Zielony	Skóra gładka	37	new	female	adult			https://www.italy-shop.eu/images/ly453/6000-7000/Skorzane-kowbojki-Lancioni-zielone_%5B6638%5D_1200.jpg,https://www.italy-shop.eu/images/ly453/6000-7000/Skorzane-kowbojki-Lancioni-zielone_%5B6639%5D_1200.jpg	jesen
383_48_42	Skórzane kowbojki Lancioni — zielone	Skórzane kowbojki Lancioni z zielonymi zamszowymi frędzlami na czarnej skórze. Ćwieki, ostry nosek.	https://www.italy-shop.eu/Skorzane-kowbojki-Lancioni-zielone-p383	https://www.italy-shop.eu/images/ly453/6000-7000/Skorzane-kowbojki-Lancioni-zielone_%5B6679%5D_1200.jpg	Federica Lancioni	1530.00 PLN	in_stock	383	187	Obuwie	Zielony	Skóra gładka	38	new	female	adult			https://www.italy-shop.eu/images/ly453/6000-7000/Skorzane-kowbojki-Lancioni-zielone_%5B6638%5D_1200.jpg,https://www.italy-shop.eu/images/ly453/6000-7000/Skorzane-kowbojki-Lancioni-zielone_%5B6639%5D_1200.jpg	jesen
383_48_43	Skórzane kowbojki Lancioni — zielone	Skórzane kowbojki Lancioni z zielonymi zamszowymi frędzlami na czarnej skórze. Ćwieki, ostry nosek.	https://www.italy-shop.eu/Skorzane-kowbojki-Lancioni-zielone-p383	https://www.italy-shop.eu/images/ly453/6000-7000/Skorzane-kowbojki-Lancioni-zielone_%5B6679%5D_1200.jpg	Federica Lancioni	1530.00 PLN	in_stock	383	187	Obuwie	Zielony	Skóra gładka	39	new	female	adult			https://www.italy-shop.eu/images/ly453/6000-7000/Skorzane-kowbojki-Lancioni-zielone_%5B6638%5D_1200.jpg,https://www.italy-shop.eu/images/ly453/6000-7000/Skorzane-kowbojki-Lancioni-zielone_%5B6639%5D_1200.jpg	jesen
383_48_44	Skórzane kowbojki Lancioni — zielone	Skórzane kowbojki Lancioni z zielonymi zamszowymi frędzlami na czarnej skórze. Ćwieki, ostry nosek.	https://www.italy-shop.eu/Skorzane-kowbojki-Lancioni-zielone-p383	https://www.italy-shop.eu/images/ly453/6000-7000/Skorzane-kowbojki-Lancioni-zielone_%5B6679%5D_1200.jpg	Federica Lancioni	1530.00 PLN	in_stock	383	187	Obuwie	Zielony	Skóra gładka	40	new	female	adult			https://www.italy-shop.eu/images/ly453/6000-7000/Skorzane-kowbojki-Lancioni-zielone_%5B6638%5D_1200.jpg,https://www.italy-shop.eu/images/ly453/6000-7000/Skorzane-kowbojki-Lancioni-zielone_%5B6639%5D_1200.jpg	jesen
383_48_63	Skórzane kowbojki Lancioni — zielone	Skórzane kowbojki Lancioni z zielonymi zamszowymi frędzlami na czarnej skórze. Ćwieki, ostry nosek.	https://www.italy-shop.eu/Skorzane-kowbojki-Lancioni-zielone-p383	https://www.italy-shop.eu/images/ly453/6000-7000/Skorzane-kowbojki-Lancioni-zielone_%5B6679%5D_1200.jpg	Federica Lancioni	1530.00 PLN	in_stock	383	187	Obuwie	Zielony	Skóra gładka	41	new	female	adult			https://www.italy-shop.eu/images/ly453/6000-7000/Skorzane-kowbojki-Lancioni-zielone_%5B6638%5D_1200.jpg,https://www.italy-shop.eu/images/ly453/6000-7000/Skorzane-kowbojki-Lancioni-zielone_%5B6639%5D_1200.jpg	jesen
438_45_40	Skórzane kozaki Lestrosa Ambra — czarne	Skórzane kozaki Lestrosa Ambra w czerni: zaokrąglony nosek, wysoka cholewka do kolana, wygięty słupek 7 cm.	https://www.italy-shop.eu/Skorzane-kozaki-Lestrosa-Ambra-czarne-p438	https://www.italy-shop.eu/images/ly453/7000-8000/Skorzane-kozaki-Lestrosa-Ambra-czarne_%5B7057%5D_1200.jpg	Lestrosa	1200.00 PLN	in_stock	438	187	Obuwie	Czarny	Skóra gładka	36	new	female	adult			https://www.italy-shop.eu/images/ly453/7000-8000/Skorzane-kozaki-Lestrosa-Ambra-czarne_%5B7056%5D_1200.jpg,https://www.italy-shop.eu/images/ly453/7000-8000/Skorzane-kozaki-Lestrosa-Ambra-czarne_%5B7059%5D_1200.jpg,https://www.italy-shop.eu/images/ly453/7000-8000/Skorzane-kozaki-Lestrosa-Ambra-czarne_%5B7058%5D_1200.jpg	jesen
438_45_41	Skórzane kozaki Lestrosa Ambra — czarne	Skórzane kozaki Lestrosa Ambra w czerni: zaokrąglony nosek, wysoka cholewka do kolana, wygięty słupek 7 cm.	https://www.italy-shop.eu/Skorzane-kozaki-Lestrosa-Ambra-czarne-p438	https://www.italy-shop.eu/images/ly453/7000-8000/Skorzane-kozaki-Lestrosa-Ambra-czarne_%5B7057%5D_1200.jpg	Lestrosa	1200.00 PLN	in_stock	438	187	Obuwie	Czarny	Skóra gładka	37	new	female	adult			https://www.italy-shop.eu/images/ly453/7000-8000/Skorzane-kozaki-Lestrosa-Ambra-czarne_%5B7056%5D_1200.jpg,https://www.italy-shop.eu/images/ly453/7000-8000/Skorzane-kozaki-Lestrosa-Ambra-czarne_%5B7059%5D_1200.jpg,https://www.italy-shop.eu/images/ly453/7000-8000/Skorzane-kozaki-Lestrosa-Ambra-czarne_%5B7058%5D_1200.jpg	jesen
438_45_42	Skórzane kozaki Lestrosa Ambra — czarne	Skórzane kozaki Lestrosa Ambra w czerni: zaokrąglony nosek, wysoka cholewka do kolana, wygięty słupek 7 cm.	https://www.italy-shop.eu/Skorzane-kozaki-Lestrosa-Ambra-czarne-p438	https://www.italy-shop.eu/images/ly453/7000-8000/Skorzane-kozaki-Lestrosa-Ambra-czarne_%5B7057%5D_1200.jpg	Lestrosa	1200.00 PLN	in_stock	438	187	Obuwie	Czarny	Skóra gładka	38	new	female	adult			https://www.italy-shop.eu/images/ly453/7000-8000/Skorzane-kozaki-Lestrosa-Ambra-czarne_%5B7056%5D_1200.jpg,https://www.italy-shop.eu/images/ly453/7000-8000/Skorzane-kozaki-Lestrosa-Ambra-czarne_%5B7059%5D_1200.jpg,https://www.italy-shop.eu/images/ly453/7000-8000/Skorzane-kozaki-Lestrosa-Ambra-czarne_%5B7058%5D_1200.jpg	jesen
438_45_43	Skórzane kozaki Lestrosa Ambra — czarne	Skórzane kozaki Lestrosa Ambra w czerni: zaokrąglony nosek, wysoka cholewka do kolana, wygięty słupek 7 cm.	https://www.italy-shop.eu/Skorzane-kozaki-Lestrosa-Ambra-czarne-p438	https://www.italy-shop.eu/images/ly453/7000-8000/Skorzane-kozaki-Lestrosa-Ambra-czarne_%5B7057%5D_1200.jpg	Lestrosa	1200.00 PLN	in_stock	438	187	Obuwie	Czarny	Skóra gładka	39	new	female	adult			https://www.italy-shop.eu/images/ly453/7000-8000/Skorzane-kozaki-Lestrosa-Ambra-czarne_%5B7056%5D_1200.jpg,https://www.italy-shop.eu/images/ly453/7000-8000/Skorzane-kozaki-Lestrosa-Ambra-czarne_%5B7059%5D_1200.jpg,https://www.italy-shop.eu/images/ly453/7000-8000/Skorzane-kozaki-Lestrosa-Ambra-czarne_%5B7058%5D_1200.jpg	jesen
438_45_44	Skórzane kozaki Lestrosa Ambra — czarne	Skórzane kozaki Lestrosa Ambra w czerni: zaokrąglony nosek, wysoka cholewka do kolana, wygięty słupek 7 cm.	https://www.italy-shop.eu/Skorzane-kozaki-Lestrosa-Ambra-czarne-p438	https://www.italy-shop.eu/images/ly453/7000-8000/Skorzane-kozaki-Lestrosa-Ambra-czarne_%5B7057%5D_1200.jpg	Lestrosa	1200.00 PLN	in_stock	438	187	Obuwie	Czarny	Skóra gładka	40	new	female	adult			https://www.italy-shop.eu/images/ly453/7000-8000/Skorzane-kozaki-Lestrosa-Ambra-czarne_%5B7056%5D_1200.jpg,https://www.italy-shop.eu/images/ly453/7000-8000/Skorzane-kozaki-Lestrosa-Ambra-czarne_%5B7059%5D_1200.jpg,https://www.italy-shop.eu/images/ly453/7000-8000/Skorzane-kozaki-Lestrosa-Ambra-czarne_%5B7058%5D_1200.jpg	jesen
439_52_40	Skórzane kozaki Lestrosa Elodie — czekolada	Skórzane kozaki Lestrosa Elodie w czekoladzie z kontrastową, mleczną wypustką. Ostry szpic, wygięty słupek 7 cm.	https://www.italy-shop.eu/Skorzane-kozaki-Lestrosa-Elodie-czekolada-p439	https://www.italy-shop.eu/images/ly453/7000-8000/Skorzane-kozaki-Lestrosa-Elodie-czekolada_%5B7060%5D_1200.jpg	Lestrosa	1190.00 PLN	in_stock	439	187	Obuwie	Brązowy	Skóra gładka	36	new	female	adult			https://www.italy-shop.eu/images/ly453/7000-8000/Skorzane-kozaki-Lestrosa-Elodie-czekolada_%5B7061%5D_1200.jpg,https://www.italy-shop.eu/images/ly453/7000-8000/Skorzane-kozaki-Lestrosa-Elodie-czekolada_%5B7062%5D_1200.jpg,https://www.italy-shop.eu/images/ly453/7000-8000/Skorzane-kozaki-Lestrosa-Elodie-czekolada_%5B7063%5D_1200.jpg	jesen
439_52_41	Skórzane kozaki Lestrosa Elodie — czekolada	Skórzane kozaki Lestrosa Elodie w czekoladzie z kontrastową, mleczną wypustką. Ostry szpic, wygięty słupek 7 cm.	https://www.italy-shop.eu/Skorzane-kozaki-Lestrosa-Elodie-czekolada-p439	https://www.italy-shop.eu/images/ly453/7000-8000/Skorzane-kozaki-Lestrosa-Elodie-czekolada_%5B7060%5D_1200.jpg	Lestrosa	1190.00 PLN	in_stock	439	187	Obuwie	Brązowy	Skóra gładka	37	new	female	adult			https://www.italy-shop.eu/images/ly453/7000-8000/Skorzane-kozaki-Lestrosa-Elodie-czekolada_%5B7061%5D_1200.jpg,https://www.italy-shop.eu/images/ly453/7000-8000/Skorzane-kozaki-Lestrosa-Elodie-czekolada_%5B7062%5D_1200.jpg,https://www.italy-shop.eu/images/ly453/7000-8000/Skorzane-kozaki-Lestrosa-Elodie-czekolada_%5B7063%5D_1200.jpg	jesen
439_52_42	Skórzane kozaki Lestrosa Elodie — czekolada	Skórzane kozaki Lestrosa Elodie w czekoladzie z kontrastową, mleczną wypustką. Ostry szpic, wygięty słupek 7 cm.	https://www.italy-shop.eu/Skorzane-kozaki-Lestrosa-Elodie-czekolada-p439	https://www.italy-shop.eu/images/ly453/7000-8000/Skorzane-kozaki-Lestrosa-Elodie-czekolada_%5B7060%5D_1200.jpg	Lestrosa	1190.00 PLN	in_stock	439	187	Obuwie	Brązowy	Skóra gładka	38	new	female	adult			https://www.italy-shop.eu/images/ly453/7000-8000/Skorzane-kozaki-Lestrosa-Elodie-czekolada_%5B7061%5D_1200.jpg,https://www.italy-shop.eu/images/ly453/7000-8000/Skorzane-kozaki-Lestrosa-Elodie-czekolada_%5B7062%5D_1200.jpg,https://www.italy-shop.eu/images/ly453/7000-8000/Skorzane-kozaki-Lestrosa-Elodie-czekolada_%5B7063%5D_1200.jpg	jesen
439_52_43	Skórzane kozaki Lestrosa Elodie — czekolada	Skórzane kozaki Lestrosa Elodie w czekoladzie z kontrastową, mleczną wypustką. Ostry szpic, wygięty słupek 7 cm.	https://www.italy-shop.eu/Skorzane-kozaki-Lestrosa-Elodie-czekolada-p439	https://www.italy-shop.eu/images/ly453/7000-8000/Skorzane-kozaki-Lestrosa-Elodie-czekolada_%5B7060%5D_1200.jpg	Lestrosa	1190.00 PLN	in_stock	439	187	Obuwie	Brązowy	Skóra gładka	39	new	female	adult			https://www.italy-shop.eu/images/ly453/7000-8000/Skorzane-kozaki-Lestrosa-Elodie-czekolada_%5B7061%5D_1200.jpg,https://www.italy-shop.eu/images/ly453/7000-8000/Skorzane-kozaki-Lestrosa-Elodie-czekolada_%5B7062%5D_1200.jpg,https://www.italy-shop.eu/images/ly453/7000-8000/Skorzane-kozaki-Lestrosa-Elodie-czekolada_%5B7063%5D_1200.jpg	jesen
439_52_44	Skórzane kozaki Lestrosa Elodie — czekolada	Skórzane kozaki Lestrosa Elodie w czekoladzie z kontrastową, mleczną wypustką. Ostry szpic, wygięty słupek 7 cm.	https://www.italy-shop.eu/Skorzane-kozaki-Lestrosa-Elodie-czekolada-p439	https://www.italy-shop.eu/images/ly453/7000-8000/Skorzane-kozaki-Lestrosa-Elodie-czekolada_%5B7060%5D_1200.jpg	Lestrosa	1190.00 PLN	in_stock	439	187	Obuwie	Brązowy	Skóra gładka	40	new	female	adult			https://www.italy-shop.eu/images/ly453/7000-8000/Skorzane-kozaki-Lestrosa-Elodie-czekolada_%5B7061%5D_1200.jpg,https://www.italy-shop.eu/images/ly453/7000-8000/Skorzane-kozaki-Lestrosa-Elodie-czekolada_%5B7062%5D_1200.jpg,https://www.italy-shop.eu/images/ly453/7000-8000/Skorzane-kozaki-Lestrosa-Elodie-czekolada_%5B7063%5D_1200.jpg	jesen
450_66_40	Skórzane kozaki Lestrosa Elodie — mleczne	Skórzane kozaki Lestrosa Elodie w mleku: kontrastowa wypustka, ostry szpic, słupek 7 cm.	https://www.italy-shop.eu/Skorzane-kozaki-Lestrosa-Elodie-mleczne-p450	https://www.italy-shop.eu/images/ly453/7000-8000/Skorzane-kozaki-Lestrosa-Elodie-mleczne_%5B7107%5D_1200.jpg	Lestrosa	1190.00 PLN	in_stock	450	187	Obuwie	Mleczny	Skóra groszkowa	36	new	female	adult			https://www.italy-shop.eu/images/ly453/7000-8000/Skorzane-kozaki-Lestrosa-Elodie-mleczne_%5B7106%5D_1200.jpg,https://www.italy-shop.eu/images/ly453/7000-8000/Skorzane-kozaki-Lestrosa-Elodie-mleczne_%5B7108%5D_1200.jpg,https://www.italy-shop.eu/images/ly453/7000-8000/Skorzane-kozaki-Lestrosa-Elodie-mleczne_%5B7109%5D_1200.jpg	jesen
450_66_41	Skórzane kozaki Lestrosa Elodie — mleczne	Skórzane kozaki Lestrosa Elodie w mleku: kontrastowa wypustka, ostry szpic, słupek 7 cm.	https://www.italy-shop.eu/Skorzane-kozaki-Lestrosa-Elodie-mleczne-p450	https://www.italy-shop.eu/images/ly453/7000-8000/Skorzane-kozaki-Lestrosa-Elodie-mleczne_%5B7107%5D_1200.jpg	Lestrosa	1190.00 PLN	in_stock	450	187	Obuwie	Mleczny	Skóra groszkowa	37	new	female	adult			https://www.italy-shop.eu/images/ly453/7000-8000/Skorzane-kozaki-Lestrosa-Elodie-mleczne_%5B7106%5D_1200.jpg,https://www.italy-shop.eu/images/ly453/7000-8000/Skorzane-kozaki-Lestrosa-Elodie-mleczne_%5B7108%5D_1200.jpg,https://www.italy-shop.eu/images/ly453/7000-8000/Skorzane-kozaki-Lestrosa-Elodie-mleczne_%5B7109%5D_1200.jpg	jesen
450_66_42	Skórzane kozaki Lestrosa Elodie — mleczne	Skórzane kozaki Lestrosa Elodie w mleku: kontrastowa wypustka, ostry szpic, słupek 7 cm.	https://www.italy-shop.eu/Skorzane-kozaki-Lestrosa-Elodie-mleczne-p450	https://www.italy-shop.eu/images/ly453/7000-8000/Skorzane-kozaki-Lestrosa-Elodie-mleczne_%5B7107%5D_1200.jpg	Lestrosa	1190.00 PLN	in_stock	450	187	Obuwie	Mleczny	Skóra groszkowa	38	new	female	adult			https://www.italy-shop.eu/images/ly453/7000-8000/Skorzane-kozaki-Lestrosa-Elodie-mleczne_%5B7106%5D_1200.jpg,https://www.italy-shop.eu/images/ly453/7000-8000/Skorzane-kozaki-Lestrosa-Elodie-mleczne_%5B7108%5D_1200.jpg,https://www.italy-shop.eu/images/ly453/7000-8000/Skorzane-kozaki-Lestrosa-Elodie-mleczne_%5B7109%5D_1200.jpg	jesen
450_66_43	Skórzane kozaki Lestrosa Elodie — mleczne	Skórzane kozaki Lestrosa Elodie w mleku: kontrastowa wypustka, ostry szpic, słupek 7 cm.	https://www.italy-shop.eu/Skorzane-kozaki-Lestrosa-Elodie-mleczne-p450	https://www.italy-shop.eu/images/ly453/7000-8000/Skorzane-kozaki-Lestrosa-Elodie-mleczne_%5B7107%5D_1200.jpg	Lestrosa	1190.00 PLN	in_stock	450	187	Obuwie	Mleczny	Skóra groszkowa	39	new	female	adult			https://www.italy-shop.eu/images/ly453/7000-8000/Skorzane-kozaki-Lestrosa-Elodie-mleczne_%5B7106%5D_1200.jpg,https://www.italy-shop.eu/images/ly453/7000-8000/Skorzane-kozaki-Lestrosa-Elodie-mleczne_%5B7108%5D_1200.jpg,https://www.italy-shop.eu/images/ly453/7000-8000/Skorzane-kozaki-Lestrosa-Elodie-mleczne_%5B7109%5D_1200.jpg	jesen
450_66_44	Skórzane kozaki Lestrosa Elodie — mleczne	Skórzane kozaki Lestrosa Elodie w mleku: kontrastowa wypustka, ostry szpic, słupek 7 cm.	https://www.italy-shop.eu/Skorzane-kozaki-Lestrosa-Elodie-mleczne-p450	https://www.italy-shop.eu/images/ly453/7000-8000/Skorzane-kozaki-Lestrosa-Elodie-mleczne_%5B7107%5D_1200.jpg	Lestrosa	1190.00 PLN	in_stock	450	187	Obuwie	Mleczny	Skóra groszkowa	40	new	female	adult			https://www.italy-shop.eu/images/ly453/7000-8000/Skorzane-kozaki-Lestrosa-Elodie-mleczne_%5B7106%5D_1200.jpg,https://www.italy-shop.eu/images/ly453/7000-8000/Skorzane-kozaki-Lestrosa-Elodie-mleczne_%5B7108%5D_1200.jpg,https://www.italy-shop.eu/images/ly453/7000-8000/Skorzane-kozaki-Lestrosa-Elodie-mleczne_%5B7109%5D_1200.jpg	jesen
401_52_40	Skórzane kozaki Lestrosa na platformie — brązowe	Skórzane kozaki Lestrosa w brązie na traktorowej platformie. Ziarnista skóra, wysoka cholewka, okrągły nosek.	https://www.italy-shop.eu/Skorzane-kozaki-Lestrosa-na-platformie-brazowe-p401	https://www.italy-shop.eu/images/ly453/6000-7000/Skorzane-kozaki-Lestrosa-na-platformie-brazowe_%5B6949%5D_1200.jpg	Lestrosa	1250.00 PLN	in_stock	401	187	Obuwie	Brązowy	Skóra groszkowa	36	new	female	adult			https://www.italy-shop.eu/images/ly453/7000-8000/Skorzane-kozaki-Lestrosa-na-platformie-brazowe_%5B7130%5D_1200.jpg,https://www.italy-shop.eu/images/ly453/7000-8000/Skorzane-kozaki-Lestrosa-na-platformie-brazowe_%5B7131%5D_1200.jpg,https://www.italy-shop.eu/images/ly453/6000-7000/Skorzane-kozaki-Lestrosa-na-platformie-brazowe_%5B6950%5D_1200.jpg,https://www.italy-shop.eu/images/ly453/6000-7000/Skorzane-kozaki-Lestrosa-na-platformie-brazowe_%5B6951%5D_1200.jpg,https://www.italy-shop.eu/images/ly453/7000-8000/Skorzane-kozaki-Lestrosa-na-platformie-brazowe_%5B7132%5D_1200.jpg,https://www.italy-shop.eu/images/ly453/6000-7000/Skorzane-kozaki-Lestrosa-na-platformie-brazowe_%5B6952%5D_1200.jpg,https://www.italy-shop.eu/images/ly453/6000-7000/Skorzane-kozaki-Lestrosa-na-platformie-brazowe_%5B6953%5D_1200.jpg,https://www.italy-shop.eu/images/ly453/6000-7000/Skorzane-kozaki-Lestrosa-na-platformie-brazowe_%5B6954%5D_1200.jpg,https://www.italy-shop.eu/images/ly453/6000-7000/Skorzane-kozaki-Lestrosa-na-platformie-brazowe_%5B6715%5D_1200.jpg,https://www.italy-shop.eu/images/ly453/7000-8000/Skorzane-kozaki-Lestrosa-na-platformie-brazowe_%5B7008%5D_1200.jpg	jesen
401_52_41	Skórzane kozaki Lestrosa na platformie — brązowe	Skórzane kozaki Lestrosa w brązie na traktorowej platformie. Ziarnista skóra, wysoka cholewka, okrągły nosek.	https://www.italy-shop.eu/Skorzane-kozaki-Lestrosa-na-platformie-brazowe-p401	https://www.italy-shop.eu/images/ly453/6000-7000/Skorzane-kozaki-Lestrosa-na-platformie-brazowe_%5B6949%5D_1200.jpg	Lestrosa	1250.00 PLN	in_stock	401	187	Obuwie	Brązowy	Skóra groszkowa	37	new	female	adult			https://www.italy-shop.eu/images/ly453/7000-8000/Skorzane-kozaki-Lestrosa-na-platformie-brazowe_%5B7130%5D_1200.jpg,https://www.italy-shop.eu/images/ly453/7000-8000/Skorzane-kozaki-Lestrosa-na-platformie-brazowe_%5B7131%5D_1200.jpg,https://www.italy-shop.eu/images/ly453/6000-7000/Skorzane-kozaki-Lestrosa-na-platformie-brazowe_%5B6950%5D_1200.jpg,https://www.italy-shop.eu/images/ly453/6000-7000/Skorzane-kozaki-Lestrosa-na-platformie-brazowe_%5B6951%5D_1200.jpg,https://www.italy-shop.eu/images/ly453/7000-8000/Skorzane-kozaki-Lestrosa-na-platformie-brazowe_%5B7132%5D_1200.jpg,https://www.italy-shop.eu/images/ly453/6000-7000/Skorzane-kozaki-Lestrosa-na-platformie-brazowe_%5B6952%5D_1200.jpg,https://www.italy-shop.eu/images/ly453/6000-7000/Skorzane-kozaki-Lestrosa-na-platformie-brazowe_%5B6953%5D_1200.jpg,https://www.italy-shop.eu/images/ly453/6000-7000/Skorzane-kozaki-Lestrosa-na-platformie-brazowe_%5B6954%5D_1200.jpg,https://www.italy-shop.eu/images/ly453/6000-7000/Skorzane-kozaki-Lestrosa-na-platformie-brazowe_%5B6715%5D_1200.jpg,https://www.italy-shop.eu/images/ly453/7000-8000/Skorzane-kozaki-Lestrosa-na-platformie-brazowe_%5B7008%5D_1200.jpg	jesen
401_52_42	Skórzane kozaki Lestrosa na platformie — brązowe	Skórzane kozaki Lestrosa w brązie na traktorowej platformie. Ziarnista skóra, wysoka cholewka, okrągły nosek.	https://www.italy-shop.eu/Skorzane-kozaki-Lestrosa-na-platformie-brazowe-p401	https://www.italy-shop.eu/images/ly453/6000-7000/Skorzane-kozaki-Lestrosa-na-platformie-brazowe_%5B6949%5D_1200.jpg	Lestrosa	1250.00 PLN	in_stock	401	187	Obuwie	Brązowy	Skóra groszkowa	38	new	female	adult			https://www.italy-shop.eu/images/ly453/7000-8000/Skorzane-kozaki-Lestrosa-na-platformie-brazowe_%5B7130%5D_1200.jpg,https://www.italy-shop.eu/images/ly453/7000-8000/Skorzane-kozaki-Lestrosa-na-platformie-brazowe_%5B7131%5D_1200.jpg,https://www.italy-shop.eu/images/ly453/6000-7000/Skorzane-kozaki-Lestrosa-na-platformie-brazowe_%5B6950%5D_1200.jpg,https://www.italy-shop.eu/images/ly453/6000-7000/Skorzane-kozaki-Lestrosa-na-platformie-brazowe_%5B6951%5D_1200.jpg,https://www.italy-shop.eu/images/ly453/7000-8000/Skorzane-kozaki-Lestrosa-na-platformie-brazowe_%5B7132%5D_1200.jpg,https://www.italy-shop.eu/images/ly453/6000-7000/Skorzane-kozaki-Lestrosa-na-platformie-brazowe_%5B6952%5D_1200.jpg,https://www.italy-shop.eu/images/ly453/6000-7000/Skorzane-kozaki-Lestrosa-na-platformie-brazowe_%5B6953%5D_1200.jpg,https://www.italy-shop.eu/images/ly453/6000-7000/Skorzane-kozaki-Lestrosa-na-platformie-brazowe_%5B6954%5D_1200.jpg,https://www.italy-shop.eu/images/ly453/6000-7000/Skorzane-kozaki-Lestrosa-na-platformie-brazowe_%5B6715%5D_1200.jpg,https://www.italy-shop.eu/images/ly453/7000-8000/Skorzane-kozaki-Lestrosa-na-platformie-brazowe_%5B7008%5D_1200.jpg	jesen
401_52_43	Skórzane kozaki Lestrosa na platformie — brązowe	Skórzane kozaki Lestrosa w brązie na traktorowej platformie. Ziarnista skóra, wysoka cholewka, okrągły nosek.	https://www.italy-shop.eu/Skorzane-kozaki-Lestrosa-na-platformie-brazowe-p401	https://www.italy-shop.eu/images/ly453/6000-7000/Skorzane-kozaki-Lestrosa-na-platformie-brazowe_%5B6949%5D_1200.jpg	Lestrosa	1250.00 PLN	in_stock	401	187	Obuwie	Brązowy	Skóra groszkowa	39	new	female	adult			https://www.italy-shop.eu/images/ly453/7000-8000/Skorzane-kozaki-Lestrosa-na-platformie-brazowe_%5B7130%5D_1200.jpg,https://www.italy-shop.eu/images/ly453/7000-8000/Skorzane-kozaki-Lestrosa-na-platformie-brazowe_%5B7131%5D_1200.jpg,https://www.italy-shop.eu/images/ly453/6000-7000/Skorzane-kozaki-Lestrosa-na-platformie-brazowe_%5B6950%5D_1200.jpg,https://www.italy-shop.eu/images/ly453/6000-7000/Skorzane-kozaki-Lestrosa-na-platformie-brazowe_%5B6951%5D_1200.jpg,https://www.italy-shop.eu/images/ly453/7000-8000/Skorzane-kozaki-Lestrosa-na-platformie-brazowe_%5B7132%5D_1200.jpg,https://www.italy-shop.eu/images/ly453/6000-7000/Skorzane-kozaki-Lestrosa-na-platformie-brazowe_%5B6952%5D_1200.jpg,https://www.italy-shop.eu/images/ly453/6000-7000/Skorzane-kozaki-Lestrosa-na-platformie-brazowe_%5B6953%5D_1200.jpg,https://www.italy-shop.eu/images/ly453/6000-7000/Skorzane-kozaki-Lestrosa-na-platformie-brazowe_%5B6954%5D_1200.jpg,https://www.italy-shop.eu/images/ly453/6000-7000/Skorzane-kozaki-Lestrosa-na-platformie-brazowe_%5B6715%5D_1200.jpg,https://www.italy-shop.eu/images/ly453/7000-8000/Skorzane-kozaki-Lestrosa-na-platformie-brazowe_%5B7008%5D_1200.jpg	jesen
402_65_40	Skórzane kozaki Lestrosa na platformie — cappuccino	Skórzane kozaki Lestrosa w cappuccino na traktorowej platformie. Ziarnista skóra, wysoka cholewka, okrągły nosek.	https://www.italy-shop.eu/Skorzane-kozaki-Lestrosa-na-platformie-cappuccino-p402	https://www.italy-shop.eu/images/ly453/6000-7000/Skorzane-kozaki-Lestrosa-na-platformie-cappuccino_%5B6717%5D_1200.jpg	Lestrosa	1250.00 PLN	in_stock	402	187	Obuwie	Cappuccino	Skóra groszkowa	36	new	female	adult			https://www.italy-shop.eu/images/ly453/6000-7000/Skorzane-kozaki-Lestrosa-na-platformie-cappuccino_%5B6943%5D_1200.jpg,https://www.italy-shop.eu/images/ly453/6000-7000/Skorzane-kozaki-Lestrosa-na-platformie-cappuccino_%5B6718%5D_1200.jpg,https://www.italy-shop.eu/images/ly453/6000-7000/Skorzane-kozaki-Lestrosa-na-platformie-cappuccino_%5B6944%5D_1200.jpg,https://www.italy-shop.eu/images/ly453/6000-7000/Skorzane-kozaki-Lestrosa-na-platformie-cappuccino_%5B6945%5D_1200.jpg,https://www.italy-shop.eu/images/ly453/6000-7000/Skorzane-kozaki-Lestrosa-na-platformie-cappuccino_%5B6946%5D_1200.jpg,https://www.italy-shop.eu/images/ly453/6000-7000/Skorzane-kozaki-Lestrosa-na-platformie-cappuccino_%5B6947%5D_1200.jpg,https://www.italy-shop.eu/images/ly453/6000-7000/Skorzane-kozaki-Lestrosa-na-platformie-cappuccino_%5B6948%5D_1200.jpg,https://www.italy-shop.eu/images/ly453/7000-8000/Skorzane-kozaki-Lestrosa-na-platformie-cappuccino_%5B7007%5D_1200.jpg	jesen
402_65_41	Skórzane kozaki Lestrosa na platformie — cappuccino	Skórzane kozaki Lestrosa w cappuccino na traktorowej platformie. Ziarnista skóra, wysoka cholewka, okrągły nosek.	https://www.italy-shop.eu/Skorzane-kozaki-Lestrosa-na-platformie-cappuccino-p402	https://www.italy-shop.eu/images/ly453/6000-7000/Skorzane-kozaki-Lestrosa-na-platformie-cappuccino_%5B6717%5D_1200.jpg	Lestrosa	1250.00 PLN	in_stock	402	187	Obuwie	Cappuccino	Skóra groszkowa	37	new	female	adult			https://www.italy-shop.eu/images/ly453/6000-7000/Skorzane-kozaki-Lestrosa-na-platformie-cappuccino_%5B6943%5D_1200.jpg,https://www.italy-shop.eu/images/ly453/6000-7000/Skorzane-kozaki-Lestrosa-na-platformie-cappuccino_%5B6718%5D_1200.jpg,https://www.italy-shop.eu/images/ly453/6000-7000/Skorzane-kozaki-Lestrosa-na-platformie-cappuccino_%5B6944%5D_1200.jpg,https://www.italy-shop.eu/images/ly453/6000-7000/Skorzane-kozaki-Lestrosa-na-platformie-cappuccino_%5B6945%5D_1200.jpg,https://www.italy-shop.eu/images/ly453/6000-7000/Skorzane-kozaki-Lestrosa-na-platformie-cappuccino_%5B6946%5D_1200.jpg,https://www.italy-shop.eu/images/ly453/6000-7000/Skorzane-kozaki-Lestrosa-na-platformie-cappuccino_%5B6947%5D_1200.jpg,https://www.italy-shop.eu/images/ly453/6000-7000/Skorzane-kozaki-Lestrosa-na-platformie-cappuccino_%5B6948%5D_1200.jpg,https://www.italy-shop.eu/images/ly453/7000-8000/Skorzane-kozaki-Lestrosa-na-platformie-cappuccino_%5B7007%5D_1200.jpg	jesen
402_65_42	Skórzane kozaki Lestrosa na platformie — cappuccino	Skórzane kozaki Lestrosa w cappuccino na traktorowej platformie. Ziarnista skóra, wysoka cholewka, okrągły nosek.	https://www.italy-shop.eu/Skorzane-kozaki-Lestrosa-na-platformie-cappuccino-p402	https://www.italy-shop.eu/images/ly453/6000-7000/Skorzane-kozaki-Lestrosa-na-platformie-cappuccino_%5B6717%5D_1200.jpg	Lestrosa	1250.00 PLN	in_stock	402	187	Obuwie	Cappuccino	Skóra groszkowa	38	new	female	adult			https://www.italy-shop.eu/images/ly453/6000-7000/Skorzane-kozaki-Lestrosa-na-platformie-cappuccino_%5B6943%5D_1200.jpg,https://www.italy-shop.eu/images/ly453/6000-7000/Skorzane-kozaki-Lestrosa-na-platformie-cappuccino_%5B6718%5D_1200.jpg,https://www.italy-shop.eu/images/ly453/6000-7000/Skorzane-kozaki-Lestrosa-na-platformie-cappuccino_%5B6944%5D_1200.jpg,https://www.italy-shop.eu/images/ly453/6000-7000/Skorzane-kozaki-Lestrosa-na-platformie-cappuccino_%5B6945%5D_1200.jpg,https://www.italy-shop.eu/images/ly453/6000-7000/Skorzane-kozaki-Lestrosa-na-platformie-cappuccino_%5B6946%5D_1200.jpg,https://www.italy-shop.eu/images/ly453/6000-7000/Skorzane-kozaki-Lestrosa-na-platformie-cappuccino_%5B6947%5D_1200.jpg,https://www.italy-shop.eu/images/ly453/6000-7000/Skorzane-kozaki-Lestrosa-na-platformie-cappuccino_%5B6948%5D_1200.jpg,https://www.italy-shop.eu/images/ly453/7000-8000/Skorzane-kozaki-Lestrosa-na-platformie-cappuccino_%5B7007%5D_1200.jpg	jesen
402_65_43	Skórzane kozaki Lestrosa na platformie — cappuccino	Skórzane kozaki Lestrosa w cappuccino na traktorowej platformie. Ziarnista skóra, wysoka cholewka, okrągły nosek.	https://www.italy-shop.eu/Skorzane-kozaki-Lestrosa-na-platformie-cappuccino-p402	https://www.italy-shop.eu/images/ly453/6000-7000/Skorzane-kozaki-Lestrosa-na-platformie-cappuccino_%5B6717%5D_1200.jpg	Lestrosa	1250.00 PLN	in_stock	402	187	Obuwie	Cappuccino	Skóra groszkowa	39	new	female	adult			https://www.italy-shop.eu/images/ly453/6000-7000/Skorzane-kozaki-Lestrosa-na-platformie-cappuccino_%5B6943%5D_1200.jpg,https://www.italy-shop.eu/images/ly453/6000-7000/Skorzane-kozaki-Lestrosa-na-platformie-cappuccino_%5B6718%5D_1200.jpg,https://www.italy-shop.eu/images/ly453/6000-7000/Skorzane-kozaki-Lestrosa-na-platformie-cappuccino_%5B6944%5D_1200.jpg,https://www.italy-shop.eu/images/ly453/6000-7000/Skorzane-kozaki-Lestrosa-na-platformie-cappuccino_%5B6945%5D_1200.jpg,https://www.italy-shop.eu/images/ly453/6000-7000/Skorzane-kozaki-Lestrosa-na-platformie-cappuccino_%5B6946%5D_1200.jpg,https://www.italy-shop.eu/images/ly453/6000-7000/Skorzane-kozaki-Lestrosa-na-platformie-cappuccino_%5B6947%5D_1200.jpg,https://www.italy-shop.eu/images/ly453/6000-7000/Skorzane-kozaki-Lestrosa-na-platformie-cappuccino_%5B6948%5D_1200.jpg,https://www.italy-shop.eu/images/ly453/7000-8000/Skorzane-kozaki-Lestrosa-na-platformie-cappuccino_%5B7007%5D_1200.jpg	jesen
400_45_40	Skórzane kozaki Lestrosa na platformie — czarne	Skórzane kozaki Lestrosa w czerni na traktorowej platformie. Ziarnista skóra, wysoka cholewka, okrągły nosek.	https://www.italy-shop.eu/Skorzane-kozaki-Lestrosa-na-platformie-czarne-p400	https://www.italy-shop.eu/images/ly453/6000-7000/Skorzane-kozaki-Lestrosa-na-platformie-czarne_%5B6937%5D_1200.jpg	Lestrosa	1250.00 PLN	in_stock	400	187	Obuwie	Czarny	Skóra groszkowa	36	new	female	adult			https://www.italy-shop.eu/images/ly453/6000-7000/Skorzane-kozaki-Lestrosa-na-platformie-czarne_%5B6938%5D_1200.jpg,https://www.italy-shop.eu/images/ly453/6000-7000/Skorzane-kozaki-Lestrosa-na-platformie-czarne_%5B6939%5D_1200.jpg,https://www.italy-shop.eu/images/ly453/6000-7000/Skorzane-kozaki-Lestrosa-na-platformie-czarne_%5B6940%5D_1200.jpg,https://www.italy-shop.eu/images/ly453/6000-7000/Skorzane-kozaki-Lestrosa-na-platformie-czarne_%5B6941%5D_1200.jpg,https://www.italy-shop.eu/images/ly453/6000-7000/Skorzane-kozaki-Lestrosa-na-platformie-czarne_%5B6942%5D_1200.jpg,https://www.italy-shop.eu/images/ly453/6000-7000/Skorzane-kozaki-Lestrosa-na-platformie-czarne_%5B6721%5D_1200.jpg,https://www.italy-shop.eu/images/ly453/6000-7000/Skorzane-kozaki-Lestrosa-na-platformie-czarne_%5B6713%5D_1200.jpg,https://www.italy-shop.eu/images/ly453/6000-7000/Skorzane-kozaki-Lestrosa-na-platformie-czarne_%5B6714%5D_1200.jpg,https://www.italy-shop.eu/images/ly453/7000-8000/Skorzane-kozaki-Lestrosa-na-platformie-czarne_%5B7009%5D_1200.jpg	jesen
400_45_41	Skórzane kozaki Lestrosa na platformie — czarne	Skórzane kozaki Lestrosa w czerni na traktorowej platformie. Ziarnista skóra, wysoka cholewka, okrągły nosek.	https://www.italy-shop.eu/Skorzane-kozaki-Lestrosa-na-platformie-czarne-p400	https://www.italy-shop.eu/images/ly453/6000-7000/Skorzane-kozaki-Lestrosa-na-platformie-czarne_%5B6937%5D_1200.jpg	Lestrosa	1250.00 PLN	in_stock	400	187	Obuwie	Czarny	Skóra groszkowa	37	new	female	adult			https://www.italy-shop.eu/images/ly453/6000-7000/Skorzane-kozaki-Lestrosa-na-platformie-czarne_%5B6938%5D_1200.jpg,https://www.italy-shop.eu/images/ly453/6000-7000/Skorzane-kozaki-Lestrosa-na-platformie-czarne_%5B6939%5D_1200.jpg,https://www.italy-shop.eu/images/ly453/6000-7000/Skorzane-kozaki-Lestrosa-na-platformie-czarne_%5B6940%5D_1200.jpg,https://www.italy-shop.eu/images/ly453/6000-7000/Skorzane-kozaki-Lestrosa-na-platformie-czarne_%5B6941%5D_1200.jpg,https://www.italy-shop.eu/images/ly453/6000-7000/Skorzane-kozaki-Lestrosa-na-platformie-czarne_%5B6942%5D_1200.jpg,https://www.italy-shop.eu/images/ly453/6000-7000/Skorzane-kozaki-Lestrosa-na-platformie-czarne_%5B6721%5D_1200.jpg,https://www.italy-shop.eu/images/ly453/6000-7000/Skorzane-kozaki-Lestrosa-na-platformie-czarne_%5B6713%5D_1200.jpg,https://www.italy-shop.eu/images/ly453/6000-7000/Skorzane-kozaki-Lestrosa-na-platformie-czarne_%5B6714%5D_1200.jpg,https://www.italy-shop.eu/images/ly453/7000-8000/Skorzane-kozaki-Lestrosa-na-platformie-czarne_%5B7009%5D_1200.jpg	jesen
400_45_42	Skórzane kozaki Lestrosa na platformie — czarne	Skórzane kozaki Lestrosa w czerni na traktorowej platformie. Ziarnista skóra, wysoka cholewka, okrągły nosek.	https://www.italy-shop.eu/Skorzane-kozaki-Lestrosa-na-platformie-czarne-p400	https://www.italy-shop.eu/images/ly453/6000-7000/Skorzane-kozaki-Lestrosa-na-platformie-czarne_%5B6937%5D_1200.jpg	Lestrosa	1250.00 PLN	in_stock	400	187	Obuwie	Czarny	Skóra groszkowa	38	new	female	adult			https://www.italy-shop.eu/images/ly453/6000-7000/Skorzane-kozaki-Lestrosa-na-platformie-czarne_%5B6938%5D_1200.jpg,https://www.italy-shop.eu/images/ly453/6000-7000/Skorzane-kozaki-Lestrosa-na-platformie-czarne_%5B6939%5D_1200.jpg,https://www.italy-shop.eu/images/ly453/6000-7000/Skorzane-kozaki-Lestrosa-na-platformie-czarne_%5B6940%5D_1200.jpg,https://www.italy-shop.eu/images/ly453/6000-7000/Skorzane-kozaki-Lestrosa-na-platformie-czarne_%5B6941%5D_1200.jpg,https://www.italy-shop.eu/images/ly453/6000-7000/Skorzane-kozaki-Lestrosa-na-platformie-czarne_%5B6942%5D_1200.jpg,https://www.italy-shop.eu/images/ly453/6000-7000/Skorzane-kozaki-Lestrosa-na-platformie-czarne_%5B6721%5D_1200.jpg,https://www.italy-shop.eu/images/ly453/6000-7000/Skorzane-kozaki-Lestrosa-na-platformie-czarne_%5B6713%5D_1200.jpg,https://www.italy-shop.eu/images/ly453/6000-7000/Skorzane-kozaki-Lestrosa-na-platformie-czarne_%5B6714%5D_1200.jpg,https://www.italy-shop.eu/images/ly453/7000-8000/Skorzane-kozaki-Lestrosa-na-platformie-czarne_%5B7009%5D_1200.jpg	jesen
400_45_43	Skórzane kozaki Lestrosa na platformie — czarne	Skórzane kozaki Lestrosa w czerni na traktorowej platformie. Ziarnista skóra, wysoka cholewka, okrągły nosek.	https://www.italy-shop.eu/Skorzane-kozaki-Lestrosa-na-platformie-czarne-p400	https://www.italy-shop.eu/images/ly453/6000-7000/Skorzane-kozaki-Lestrosa-na-platformie-czarne_%5B6937%5D_1200.jpg	Lestrosa	1250.00 PLN	in_stock	400	187	Obuwie	Czarny	Skóra groszkowa	39	new	female	adult			https://www.italy-shop.eu/images/ly453/6000-7000/Skorzane-kozaki-Lestrosa-na-platformie-czarne_%5B6938%5D_1200.jpg,https://www.italy-shop.eu/images/ly453/6000-7000/Skorzane-kozaki-Lestrosa-na-platformie-czarne_%5B6939%5D_1200.jpg,https://www.italy-shop.eu/images/ly453/6000-7000/Skorzane-kozaki-Lestrosa-na-platformie-czarne_%5B6940%5D_1200.jpg,https://www.italy-shop.eu/images/ly453/6000-7000/Skorzane-kozaki-Lestrosa-na-platformie-czarne_%5B6941%5D_1200.jpg,https://www.italy-shop.eu/images/ly453/6000-7000/Skorzane-kozaki-Lestrosa-na-platformie-czarne_%5B6942%5D_1200.jpg,https://www.italy-shop.eu/images/ly453/6000-7000/Skorzane-kozaki-Lestrosa-na-platformie-czarne_%5B6721%5D_1200.jpg,https://www.italy-shop.eu/images/ly453/6000-7000/Skorzane-kozaki-Lestrosa-na-platformie-czarne_%5B6713%5D_1200.jpg,https://www.italy-shop.eu/images/ly453/6000-7000/Skorzane-kozaki-Lestrosa-na-platformie-czarne_%5B6714%5D_1200.jpg,https://www.italy-shop.eu/images/ly453/7000-8000/Skorzane-kozaki-Lestrosa-na-platformie-czarne_%5B7009%5D_1200.jpg	jesen
452_58_40	Skórzane kozaki Lestrosa na platformie — szare	Skórzane kozaki Lestrosa na platformie w szarości: masywna traktorowa platforma, okrągły nosek, wysokie do kolana.	https://www.italy-shop.eu/Skorzane-kozaki-Lestrosa-na-platformie-szare-p452	https://www.italy-shop.eu/images/ly453/7000-8000/Skorzane-kozaki-Lestrosa-na-platformie-szare_%5B7113%5D_1200.jpg	Lestrosa	1250.00 PLN	in_stock	452	187	Obuwie	Szary	Skóra groszkowa	36	new	female	adult			https://www.italy-shop.eu/images/ly453/7000-8000/Skorzane-kozaki-Lestrosa-na-platformie-szare_%5B7114%5D_1200.jpg,https://www.italy-shop.eu/images/ly453/7000-8000/Skorzane-kozaki-Lestrosa-na-platformie-szare_%5B7115%5D_1200.jpg,https://www.italy-shop.eu/images/ly453/7000-8000/Skorzane-kozaki-Lestrosa-na-platformie-szare_%5B7116%5D_1200.jpg	jesen
452_58_41	Skórzane kozaki Lestrosa na platformie — szare	Skórzane kozaki Lestrosa na platformie w szarości: masywna traktorowa platforma, okrągły nosek, wysokie do kolana.	https://www.italy-shop.eu/Skorzane-kozaki-Lestrosa-na-platformie-szare-p452	https://www.italy-shop.eu/images/ly453/7000-8000/Skorzane-kozaki-Lestrosa-na-platformie-szare_%5B7113%5D_1200.jpg	Lestrosa	1250.00 PLN	in_stock	452	187	Obuwie	Szary	Skóra groszkowa	37	new	female	adult			https://www.italy-shop.eu/images/ly453/7000-8000/Skorzane-kozaki-Lestrosa-na-platformie-szare_%5B7114%5D_1200.jpg,https://www.italy-shop.eu/images/ly453/7000-8000/Skorzane-kozaki-Lestrosa-na-platformie-szare_%5B7115%5D_1200.jpg,https://www.italy-shop.eu/images/ly453/7000-8000/Skorzane-kozaki-Lestrosa-na-platformie-szare_%5B7116%5D_1200.jpg	jesen
452_58_42	Skórzane kozaki Lestrosa na platformie — szare	Skórzane kozaki Lestrosa na platformie w szarości: masywna traktorowa platforma, okrągły nosek, wysokie do kolana.	https://www.italy-shop.eu/Skorzane-kozaki-Lestrosa-na-platformie-szare-p452	https://www.italy-shop.eu/images/ly453/7000-8000/Skorzane-kozaki-Lestrosa-na-platformie-szare_%5B7113%5D_1200.jpg	Lestrosa	1250.00 PLN	in_stock	452	187	Obuwie	Szary	Skóra groszkowa	38	new	female	adult			https://www.italy-shop.eu/images/ly453/7000-8000/Skorzane-kozaki-Lestrosa-na-platformie-szare_%5B7114%5D_1200.jpg,https://www.italy-shop.eu/images/ly453/7000-8000/Skorzane-kozaki-Lestrosa-na-platformie-szare_%5B7115%5D_1200.jpg,https://www.italy-shop.eu/images/ly453/7000-8000/Skorzane-kozaki-Lestrosa-na-platformie-szare_%5B7116%5D_1200.jpg	jesen
452_58_43	Skórzane kozaki Lestrosa na platformie — szare	Skórzane kozaki Lestrosa na platformie w szarości: masywna traktorowa platforma, okrągły nosek, wysokie do kolana.	https://www.italy-shop.eu/Skorzane-kozaki-Lestrosa-na-platformie-szare-p452	https://www.italy-shop.eu/images/ly453/7000-8000/Skorzane-kozaki-Lestrosa-na-platformie-szare_%5B7113%5D_1200.jpg	Lestrosa	1250.00 PLN	in_stock	452	187	Obuwie	Szary	Skóra groszkowa	39	new	female	adult			https://www.italy-shop.eu/images/ly453/7000-8000/Skorzane-kozaki-Lestrosa-na-platformie-szare_%5B7114%5D_1200.jpg,https://www.italy-shop.eu/images/ly453/7000-8000/Skorzane-kozaki-Lestrosa-na-platformie-szare_%5B7115%5D_1200.jpg,https://www.italy-shop.eu/images/ly453/7000-8000/Skorzane-kozaki-Lestrosa-na-platformie-szare_%5B7116%5D_1200.jpg	jesen
396_52_40	Skórzane kozaki Lestrosa Wiola — brązowe	Skórzane kozaki Lestrosa Wiola w brązie, ziarnista skóra. Odpinany pasek, ostry szpic, słupek 7 cm.	https://www.italy-shop.eu/Skorzane-kozaki-Lestrosa-Wiola-brazowe-p396	https://www.italy-shop.eu/images/ly453/6000-7000/Skorzane-kozaki-Lestrosa-Wiola-brazowe_%5B6692%5D_1200.jpg	Lestrosa	1200.00 PLN	in_stock	396	187	Obuwie	Brązowy	Skóra groszkowa	36	new	female	adult			https://www.italy-shop.eu/images/ly453/6000-7000/Skorzane-kozaki-Lestrosa-Wiola-brazowe_%5B6693%5D_1200.jpg,https://www.italy-shop.eu/images/ly453/6000-7000/Skorzane-kozaki-Lestrosa-Wiola-brazowe_%5B6694%5D_1200.jpg,https://www.italy-shop.eu/images/ly453/7000-8000/Skorzane-kozaki-Lestrosa-Wiola-brazowe_%5B7134%5D_1200.jpg,https://www.italy-shop.eu/images/ly453/6000-7000/Skorzane-kozaki-Lestrosa-Wiola-brazowe_%5B6707%5D_1200.jpg,https://www.italy-shop.eu/images/ly453/7000-8000/Skorzane-kozaki-Lestrosa-Wiola-brazowe_%5B7135%5D_1200.jpg,https://www.italy-shop.eu/images/ly453/6000-7000/Skorzane-kozaki-Lestrosa-Wiola-brazowe_%5B6706%5D_1200.jpg,https://www.italy-shop.eu/images/ly453/7000-8000/Skorzane-kozaki-Lestrosa-Wiola-brazowe_%5B7133%5D_1200.jpg,https://www.italy-shop.eu/images/ly453/7000-8000/Skorzane-kozaki-Lestrosa-Wiola-brazowe_%5B7139%5D_1200.jpg,https://www.italy-shop.eu/images/ly453/7000-8000/Skorzane-kozaki-Lestrosa-Wiola-brazowe_%5B7140%5D_1200.jpg,https://www.italy-shop.eu/images/ly453/7000-8000/Skorzane-kozaki-Lestrosa-Wiola-brazowe_%5B7010%5D_1200.jpg	jesen
396_52_41	Skórzane kozaki Lestrosa Wiola — brązowe	Skórzane kozaki Lestrosa Wiola w brązie, ziarnista skóra. Odpinany pasek, ostry szpic, słupek 7 cm.	https://www.italy-shop.eu/Skorzane-kozaki-Lestrosa-Wiola-brazowe-p396	https://www.italy-shop.eu/images/ly453/6000-7000/Skorzane-kozaki-Lestrosa-Wiola-brazowe_%5B6692%5D_1200.jpg	Lestrosa	1200.00 PLN	in_stock	396	187	Obuwie	Brązowy	Skóra groszkowa	37	new	female	adult			https://www.italy-shop.eu/images/ly453/6000-7000/Skorzane-kozaki-Lestrosa-Wiola-brazowe_%5B6693%5D_1200.jpg,https://www.italy-shop.eu/images/ly453/6000-7000/Skorzane-kozaki-Lestrosa-Wiola-brazowe_%5B6694%5D_1200.jpg,https://www.italy-shop.eu/images/ly453/7000-8000/Skorzane-kozaki-Lestrosa-Wiola-brazowe_%5B7134%5D_1200.jpg,https://www.italy-shop.eu/images/ly453/6000-7000/Skorzane-kozaki-Lestrosa-Wiola-brazowe_%5B6707%5D_1200.jpg,https://www.italy-shop.eu/images/ly453/7000-8000/Skorzane-kozaki-Lestrosa-Wiola-brazowe_%5B7135%5D_1200.jpg,https://www.italy-shop.eu/images/ly453/6000-7000/Skorzane-kozaki-Lestrosa-Wiola-brazowe_%5B6706%5D_1200.jpg,https://www.italy-shop.eu/images/ly453/7000-8000/Skorzane-kozaki-Lestrosa-Wiola-brazowe_%5B7133%5D_1200.jpg,https://www.italy-shop.eu/images/ly453/7000-8000/Skorzane-kozaki-Lestrosa-Wiola-brazowe_%5B7139%5D_1200.jpg,https://www.italy-shop.eu/images/ly453/7000-8000/Skorzane-kozaki-Lestrosa-Wiola-brazowe_%5B7140%5D_1200.jpg,https://www.italy-shop.eu/images/ly453/7000-8000/Skorzane-kozaki-Lestrosa-Wiola-brazowe_%5B7010%5D_1200.jpg	jesen
396_52_42	Skórzane kozaki Lestrosa Wiola — brązowe	Skórzane kozaki Lestrosa Wiola w brązie, ziarnista skóra. Odpinany pasek, ostry szpic, słupek 7 cm.	https://www.italy-shop.eu/Skorzane-kozaki-Lestrosa-Wiola-brazowe-p396	https://www.italy-shop.eu/images/ly453/6000-7000/Skorzane-kozaki-Lestrosa-Wiola-brazowe_%5B6692%5D_1200.jpg	Lestrosa	1200.00 PLN	in_stock	396	187	Obuwie	Brązowy	Skóra groszkowa	38	new	female	adult			https://www.italy-shop.eu/images/ly453/6000-7000/Skorzane-kozaki-Lestrosa-Wiola-brazowe_%5B6693%5D_1200.jpg,https://www.italy-shop.eu/images/ly453/6000-7000/Skorzane-kozaki-Lestrosa-Wiola-brazowe_%5B6694%5D_1200.jpg,https://www.italy-shop.eu/images/ly453/7000-8000/Skorzane-kozaki-Lestrosa-Wiola-brazowe_%5B7134%5D_1200.jpg,https://www.italy-shop.eu/images/ly453/6000-7000/Skorzane-kozaki-Lestrosa-Wiola-brazowe_%5B6707%5D_1200.jpg,https://www.italy-shop.eu/images/ly453/7000-8000/Skorzane-kozaki-Lestrosa-Wiola-brazowe_%5B7135%5D_1200.jpg,https://www.italy-shop.eu/images/ly453/6000-7000/Skorzane-kozaki-Lestrosa-Wiola-brazowe_%5B6706%5D_1200.jpg,https://www.italy-shop.eu/images/ly453/7000-8000/Skorzane-kozaki-Lestrosa-Wiola-brazowe_%5B7133%5D_1200.jpg,https://www.italy-shop.eu/images/ly453/7000-8000/Skorzane-kozaki-Lestrosa-Wiola-brazowe_%5B7139%5D_1200.jpg,https://www.italy-shop.eu/images/ly453/7000-8000/Skorzane-kozaki-Lestrosa-Wiola-brazowe_%5B7140%5D_1200.jpg,https://www.italy-shop.eu/images/ly453/7000-8000/Skorzane-kozaki-Lestrosa-Wiola-brazowe_%5B7010%5D_1200.jpg	jesen
396_52_43	Skórzane kozaki Lestrosa Wiola — brązowe	Skórzane kozaki Lestrosa Wiola w brązie, ziarnista skóra. Odpinany pasek, ostry szpic, słupek 7 cm.	https://www.italy-shop.eu/Skorzane-kozaki-Lestrosa-Wiola-brazowe-p396	https://www.italy-shop.eu/images/ly453/6000-7000/Skorzane-kozaki-Lestrosa-Wiola-brazowe_%5B6692%5D_1200.jpg	Lestrosa	1200.00 PLN	in_stock	396	187	Obuwie	Brązowy	Skóra groszkowa	39	new	female	adult			https://www.italy-shop.eu/images/ly453/6000-7000/Skorzane-kozaki-Lestrosa-Wiola-brazowe_%5B6693%5D_1200.jpg,https://www.italy-shop.eu/images/ly453/6000-7000/Skorzane-kozaki-Lestrosa-Wiola-brazowe_%5B6694%5D_1200.jpg,https://www.italy-shop.eu/images/ly453/7000-8000/Skorzane-kozaki-Lestrosa-Wiola-brazowe_%5B7134%5D_1200.jpg,https://www.italy-shop.eu/images/ly453/6000-7000/Skorzane-kozaki-Lestrosa-Wiola-brazowe_%5B6707%5D_1200.jpg,https://www.italy-shop.eu/images/ly453/7000-8000/Skorzane-kozaki-Lestrosa-Wiola-brazowe_%5B7135%5D_1200.jpg,https://www.italy-shop.eu/images/ly453/6000-7000/Skorzane-kozaki-Lestrosa-Wiola-brazowe_%5B6706%5D_1200.jpg,https://www.italy-shop.eu/images/ly453/7000-8000/Skorzane-kozaki-Lestrosa-Wiola-brazowe_%5B7133%5D_1200.jpg,https://www.italy-shop.eu/images/ly453/7000-8000/Skorzane-kozaki-Lestrosa-Wiola-brazowe_%5B7139%5D_1200.jpg,https://www.italy-shop.eu/images/ly453/7000-8000/Skorzane-kozaki-Lestrosa-Wiola-brazowe_%5B7140%5D_1200.jpg,https://www.italy-shop.eu/images/ly453/7000-8000/Skorzane-kozaki-Lestrosa-Wiola-brazowe_%5B7010%5D_1200.jpg	jesen
396_52_44	Skórzane kozaki Lestrosa Wiola — brązowe	Skórzane kozaki Lestrosa Wiola w brązie, ziarnista skóra. Odpinany pasek, ostry szpic, słupek 7 cm.	https://www.italy-shop.eu/Skorzane-kozaki-Lestrosa-Wiola-brazowe-p396	https://www.italy-shop.eu/images/ly453/6000-7000/Skorzane-kozaki-Lestrosa-Wiola-brazowe_%5B6692%5D_1200.jpg	Lestrosa	1200.00 PLN	in_stock	396	187	Obuwie	Brązowy	Skóra groszkowa	40	new	female	adult			https://www.italy-shop.eu/images/ly453/6000-7000/Skorzane-kozaki-Lestrosa-Wiola-brazowe_%5B6693%5D_1200.jpg,https://www.italy-shop.eu/images/ly453/6000-7000/Skorzane-kozaki-Lestrosa-Wiola-brazowe_%5B6694%5D_1200.jpg,https://www.italy-shop.eu/images/ly453/7000-8000/Skorzane-kozaki-Lestrosa-Wiola-brazowe_%5B7134%5D_1200.jpg,https://www.italy-shop.eu/images/ly453/6000-7000/Skorzane-kozaki-Lestrosa-Wiola-brazowe_%5B6707%5D_1200.jpg,https://www.italy-shop.eu/images/ly453/7000-8000/Skorzane-kozaki-Lestrosa-Wiola-brazowe_%5B7135%5D_1200.jpg,https://www.italy-shop.eu/images/ly453/6000-7000/Skorzane-kozaki-Lestrosa-Wiola-brazowe_%5B6706%5D_1200.jpg,https://www.italy-shop.eu/images/ly453/7000-8000/Skorzane-kozaki-Lestrosa-Wiola-brazowe_%5B7133%5D_1200.jpg,https://www.italy-shop.eu/images/ly453/7000-8000/Skorzane-kozaki-Lestrosa-Wiola-brazowe_%5B7139%5D_1200.jpg,https://www.italy-shop.eu/images/ly453/7000-8000/Skorzane-kozaki-Lestrosa-Wiola-brazowe_%5B7140%5D_1200.jpg,https://www.italy-shop.eu/images/ly453/7000-8000/Skorzane-kozaki-Lestrosa-Wiola-brazowe_%5B7010%5D_1200.jpg	jesen
410_45_40	Skórzane kozaki Lestrosa Wiola — czarne	Skórzane kozaki Lestrosa Wiola w czerni, ziarnista skóra. Odpinany pasek, ostry szpic, słupek 7 cm.	https://www.italy-shop.eu/Skorzane-kozaki-Lestrosa-Wiola-czarne-p410	https://www.italy-shop.eu/images/ly453/6000-7000/Skorzane-kozaki-Lestrosa-Wiola-czarne_%5B6753%5D_1200.jpg	Lestrosa	1200.00 PLN	in_stock	410	187	Obuwie	Czarny	Skóra groszkowa	36	new	female	adult			https://www.italy-shop.eu/images/ly453/6000-7000/Skorzane-kozaki-Lestrosa-Wiola-czarne_%5B6754%5D_1200.jpg,https://www.italy-shop.eu/images/ly453/6000-7000/Skorzane-kozaki-Lestrosa-Wiola-czarne_%5B6755%5D_1200.jpg,https://www.italy-shop.eu/images/ly453/7000-8000/Skorzane-kozaki-Lestrosa-Wiola-czarne_%5B7011%5D_1200.jpg	jesen
410_45_41	Skórzane kozaki Lestrosa Wiola — czarne	Skórzane kozaki Lestrosa Wiola w czerni, ziarnista skóra. Odpinany pasek, ostry szpic, słupek 7 cm.	https://www.italy-shop.eu/Skorzane-kozaki-Lestrosa-Wiola-czarne-p410	https://www.italy-shop.eu/images/ly453/6000-7000/Skorzane-kozaki-Lestrosa-Wiola-czarne_%5B6753%5D_1200.jpg	Lestrosa	1200.00 PLN	in_stock	410	187	Obuwie	Czarny	Skóra groszkowa	37	new	female	adult			https://www.italy-shop.eu/images/ly453/6000-7000/Skorzane-kozaki-Lestrosa-Wiola-czarne_%5B6754%5D_1200.jpg,https://www.italy-shop.eu/images/ly453/6000-7000/Skorzane-kozaki-Lestrosa-Wiola-czarne_%5B6755%5D_1200.jpg,https://www.italy-shop.eu/images/ly453/7000-8000/Skorzane-kozaki-Lestrosa-Wiola-czarne_%5B7011%5D_1200.jpg	jesen
410_45_42	Skórzane kozaki Lestrosa Wiola — czarne	Skórzane kozaki Lestrosa Wiola w czerni, ziarnista skóra. Odpinany pasek, ostry szpic, słupek 7 cm.	https://www.italy-shop.eu/Skorzane-kozaki-Lestrosa-Wiola-czarne-p410	https://www.italy-shop.eu/images/ly453/6000-7000/Skorzane-kozaki-Lestrosa-Wiola-czarne_%5B6753%5D_1200.jpg	Lestrosa	1200.00 PLN	in_stock	410	187	Obuwie	Czarny	Skóra groszkowa	38	new	female	adult			https://www.italy-shop.eu/images/ly453/6000-7000/Skorzane-kozaki-Lestrosa-Wiola-czarne_%5B6754%5D_1200.jpg,https://www.italy-shop.eu/images/ly453/6000-7000/Skorzane-kozaki-Lestrosa-Wiola-czarne_%5B6755%5D_1200.jpg,https://www.italy-shop.eu/images/ly453/7000-8000/Skorzane-kozaki-Lestrosa-Wiola-czarne_%5B7011%5D_1200.jpg	jesen
410_45_43	Skórzane kozaki Lestrosa Wiola — czarne	Skórzane kozaki Lestrosa Wiola w czerni, ziarnista skóra. Odpinany pasek, ostry szpic, słupek 7 cm.	https://www.italy-shop.eu/Skorzane-kozaki-Lestrosa-Wiola-czarne-p410	https://www.italy-shop.eu/images/ly453/6000-7000/Skorzane-kozaki-Lestrosa-Wiola-czarne_%5B6753%5D_1200.jpg	Lestrosa	1200.00 PLN	in_stock	410	187	Obuwie	Czarny	Skóra groszkowa	39	new	female	adult			https://www.italy-shop.eu/images/ly453/6000-7000/Skorzane-kozaki-Lestrosa-Wiola-czarne_%5B6754%5D_1200.jpg,https://www.italy-shop.eu/images/ly453/6000-7000/Skorzane-kozaki-Lestrosa-Wiola-czarne_%5B6755%5D_1200.jpg,https://www.italy-shop.eu/images/ly453/7000-8000/Skorzane-kozaki-Lestrosa-Wiola-czarne_%5B7011%5D_1200.jpg	jesen
410_45_44	Skórzane kozaki Lestrosa Wiola — czarne	Skórzane kozaki Lestrosa Wiola w czerni, ziarnista skóra. Odpinany pasek, ostry szpic, słupek 7 cm.	https://www.italy-shop.eu/Skorzane-kozaki-Lestrosa-Wiola-czarne-p410	https://www.italy-shop.eu/images/ly453/6000-7000/Skorzane-kozaki-Lestrosa-Wiola-czarne_%5B6753%5D_1200.jpg	Lestrosa	1200.00 PLN	in_stock	410	187	Obuwie	Czarny	Skóra groszkowa	40	new	female	adult			https://www.italy-shop.eu/images/ly453/6000-7000/Skorzane-kozaki-Lestrosa-Wiola-czarne_%5B6754%5D_1200.jpg,https://www.italy-shop.eu/images/ly453/6000-7000/Skorzane-kozaki-Lestrosa-Wiola-czarne_%5B6755%5D_1200.jpg,https://www.italy-shop.eu/images/ly453/7000-8000/Skorzane-kozaki-Lestrosa-Wiola-czarne_%5B7011%5D_1200.jpg	jesen
453_58_40	Skórzane kozaki Lestrosa Wiola — szare	Skórzane kozaki Lestrosa Wiola w szarości: ziarnista skóra, odpinany pasek, ostry szpic, słupek 7 cm.	https://www.italy-shop.eu/Skorzane-kozaki-Lestrosa-Wiola-szare-p453	https://www.italy-shop.eu/images/ly453/7000-8000/Skorzane-kozaki-Lestrosa-Wiola-szare_%5B7117%5D_1200.jpg	Lestrosa	1200.00 PLN	in_stock	453	187	Obuwie	Szary	Skóra groszkowa	36	new	female	adult			https://www.italy-shop.eu/images/ly453/7000-8000/Skorzane-kozaki-Lestrosa-Wiola-szare_%5B7129%5D_1200.jpg,https://www.italy-shop.eu/images/ly453/7000-8000/Skorzane-kozaki-Lestrosa-Wiola-szare_%5B7118%5D_1200.jpg,https://www.italy-shop.eu/images/ly453/7000-8000/Skorzane-kozaki-Lestrosa-Wiola-szare_%5B7119%5D_1200.jpg,https://www.italy-shop.eu/images/ly453/7000-8000/Skorzane-kozaki-Lestrosa-Wiola-szare_%5B7120%5D_1200.jpg	jesen
453_58_41	Skórzane kozaki Lestrosa Wiola — szare	Skórzane kozaki Lestrosa Wiola w szarości: ziarnista skóra, odpinany pasek, ostry szpic, słupek 7 cm.	https://www.italy-shop.eu/Skorzane-kozaki-Lestrosa-Wiola-szare-p453	https://www.italy-shop.eu/images/ly453/7000-8000/Skorzane-kozaki-Lestrosa-Wiola-szare_%5B7117%5D_1200.jpg	Lestrosa	1200.00 PLN	in_stock	453	187	Obuwie	Szary	Skóra groszkowa	37	new	female	adult			https://www.italy-shop.eu/images/ly453/7000-8000/Skorzane-kozaki-Lestrosa-Wiola-szare_%5B7129%5D_1200.jpg,https://www.italy-shop.eu/images/ly453/7000-8000/Skorzane-kozaki-Lestrosa-Wiola-szare_%5B7118%5D_1200.jpg,https://www.italy-shop.eu/images/ly453/7000-8000/Skorzane-kozaki-Lestrosa-Wiola-szare_%5B7119%5D_1200.jpg,https://www.italy-shop.eu/images/ly453/7000-8000/Skorzane-kozaki-Lestrosa-Wiola-szare_%5B7120%5D_1200.jpg	jesen
453_58_42	Skórzane kozaki Lestrosa Wiola — szare	Skórzane kozaki Lestrosa Wiola w szarości: ziarnista skóra, odpinany pasek, ostry szpic, słupek 7 cm.	https://www.italy-shop.eu/Skorzane-kozaki-Lestrosa-Wiola-szare-p453	https://www.italy-shop.eu/images/ly453/7000-8000/Skorzane-kozaki-Lestrosa-Wiola-szare_%5B7117%5D_1200.jpg	Lestrosa	1200.00 PLN	in_stock	453	187	Obuwie	Szary	Skóra groszkowa	38	new	female	adult			https://www.italy-shop.eu/images/ly453/7000-8000/Skorzane-kozaki-Lestrosa-Wiola-szare_%5B7129%5D_1200.jpg,https://www.italy-shop.eu/images/ly453/7000-8000/Skorzane-kozaki-Lestrosa-Wiola-szare_%5B7118%5D_1200.jpg,https://www.italy-shop.eu/images/ly453/7000-8000/Skorzane-kozaki-Lestrosa-Wiola-szare_%5B7119%5D_1200.jpg,https://www.italy-shop.eu/images/ly453/7000-8000/Skorzane-kozaki-Lestrosa-Wiola-szare_%5B7120%5D_1200.jpg	jesen
453_58_43	Skórzane kozaki Lestrosa Wiola — szare	Skórzane kozaki Lestrosa Wiola w szarości: ziarnista skóra, odpinany pasek, ostry szpic, słupek 7 cm.	https://www.italy-shop.eu/Skorzane-kozaki-Lestrosa-Wiola-szare-p453	https://www.italy-shop.eu/images/ly453/7000-8000/Skorzane-kozaki-Lestrosa-Wiola-szare_%5B7117%5D_1200.jpg	Lestrosa	1200.00 PLN	in_stock	453	187	Obuwie	Szary	Skóra groszkowa	39	new	female	adult			https://www.italy-shop.eu/images/ly453/7000-8000/Skorzane-kozaki-Lestrosa-Wiola-szare_%5B7129%5D_1200.jpg,https://www.italy-shop.eu/images/ly453/7000-8000/Skorzane-kozaki-Lestrosa-Wiola-szare_%5B7118%5D_1200.jpg,https://www.italy-shop.eu/images/ly453/7000-8000/Skorzane-kozaki-Lestrosa-Wiola-szare_%5B7119%5D_1200.jpg,https://www.italy-shop.eu/images/ly453/7000-8000/Skorzane-kozaki-Lestrosa-Wiola-szare_%5B7120%5D_1200.jpg	jesen
453_58_44	Skórzane kozaki Lestrosa Wiola — szare	Skórzane kozaki Lestrosa Wiola w szarości: ziarnista skóra, odpinany pasek, ostry szpic, słupek 7 cm.	https://www.italy-shop.eu/Skorzane-kozaki-Lestrosa-Wiola-szare-p453	https://www.italy-shop.eu/images/ly453/7000-8000/Skorzane-kozaki-Lestrosa-Wiola-szare_%5B7117%5D_1200.jpg	Lestrosa	1200.00 PLN	in_stock	453	187	Obuwie	Szary	Skóra groszkowa	40	new	female	adult			https://www.italy-shop.eu/images/ly453/7000-8000/Skorzane-kozaki-Lestrosa-Wiola-szare_%5B7129%5D_1200.jpg,https://www.italy-shop.eu/images/ly453/7000-8000/Skorzane-kozaki-Lestrosa-Wiola-szare_%5B7118%5D_1200.jpg,https://www.italy-shop.eu/images/ly453/7000-8000/Skorzane-kozaki-Lestrosa-Wiola-szare_%5B7119%5D_1200.jpg,https://www.italy-shop.eu/images/ly453/7000-8000/Skorzane-kozaki-Lestrosa-Wiola-szare_%5B7120%5D_1200.jpg	jesen
451_52_40	Skórzane loafersy Lestrosa na platformie — brązowe	Skórzane loafersy Lestrosa w brązie na grubej, protektorowanej platformie 4 cm, sznurowane.	https://www.italy-shop.eu/Skorzane-loafersy-Lestrosa-na-platformie-brazowe-p451	https://www.italy-shop.eu/images/ly453/7000-8000/Skorzane-loafersy-Lestrosa-na-platformie-brazowe_%5B7112%5D_1200.jpg	Lestrosa	750.00 PLN	in_stock	451	187	Obuwie	Brązowy	Skóra gładka	36	new	female	adult			https://www.italy-shop.eu/images/ly453/7000-8000/Skorzane-loafersy-Lestrosa-na-platformie-brazowe_%5B7110%5D_1200.jpg,https://www.italy-shop.eu/images/ly453/7000-8000/Skorzane-loafersy-Lestrosa-na-platformie-brazowe_%5B7111%5D_1200.jpg	jesen
451_52_41	Skórzane loafersy Lestrosa na platformie — brązowe	Skórzane loafersy Lestrosa w brązie na grubej, protektorowanej platformie 4 cm, sznurowane.	https://www.italy-shop.eu/Skorzane-loafersy-Lestrosa-na-platformie-brazowe-p451	https://www.italy-shop.eu/images/ly453/7000-8000/Skorzane-loafersy-Lestrosa-na-platformie-brazowe_%5B7112%5D_1200.jpg	Lestrosa	750.00 PLN	in_stock	451	187	Obuwie	Brązowy	Skóra gładka	37	new	female	adult			https://www.italy-shop.eu/images/ly453/7000-8000/Skorzane-loafersy-Lestrosa-na-platformie-brazowe_%5B7110%5D_1200.jpg,https://www.italy-shop.eu/images/ly453/7000-8000/Skorzane-loafersy-Lestrosa-na-platformie-brazowe_%5B7111%5D_1200.jpg	jesen
451_52_42	Skórzane loafersy Lestrosa na platformie — brązowe	Skórzane loafersy Lestrosa w brązie na grubej, protektorowanej platformie 4 cm, sznurowane.	https://www.italy-shop.eu/Skorzane-loafersy-Lestrosa-na-platformie-brazowe-p451	https://www.italy-shop.eu/images/ly453/7000-8000/Skorzane-loafersy-Lestrosa-na-platformie-brazowe_%5B7112%5D_1200.jpg	Lestrosa	750.00 PLN	in_stock	451	187	Obuwie	Brązowy	Skóra gładka	38	new	female	adult			https://www.italy-shop.eu/images/ly453/7000-8000/Skorzane-loafersy-Lestrosa-na-platformie-brazowe_%5B7110%5D_1200.jpg,https://www.italy-shop.eu/images/ly453/7000-8000/Skorzane-loafersy-Lestrosa-na-platformie-brazowe_%5B7111%5D_1200.jpg	jesen
451_52_43	Skórzane loafersy Lestrosa na platformie — brązowe	Skórzane loafersy Lestrosa w brązie na grubej, protektorowanej platformie 4 cm, sznurowane.	https://www.italy-shop.eu/Skorzane-loafersy-Lestrosa-na-platformie-brazowe-p451	https://www.italy-shop.eu/images/ly453/7000-8000/Skorzane-loafersy-Lestrosa-na-platformie-brazowe_%5B7112%5D_1200.jpg	Lestrosa	750.00 PLN	in_stock	451	187	Obuwie	Brązowy	Skóra gładka	39	new	female	adult			https://www.italy-shop.eu/images/ly453/7000-8000/Skorzane-loafersy-Lestrosa-na-platformie-brazowe_%5B7110%5D_1200.jpg,https://www.italy-shop.eu/images/ly453/7000-8000/Skorzane-loafersy-Lestrosa-na-platformie-brazowe_%5B7111%5D_1200.jpg	jesen
451_52_44	Skórzane loafersy Lestrosa na platformie — brązowe	Skórzane loafersy Lestrosa w brązie na grubej, protektorowanej platformie 4 cm, sznurowane.	https://www.italy-shop.eu/Skorzane-loafersy-Lestrosa-na-platformie-brazowe-p451	https://www.italy-shop.eu/images/ly453/7000-8000/Skorzane-loafersy-Lestrosa-na-platformie-brazowe_%5B7112%5D_1200.jpg	Lestrosa	750.00 PLN	in_stock	451	187	Obuwie	Brązowy	Skóra gładka	40	new	female	adult			https://www.italy-shop.eu/images/ly453/7000-8000/Skorzane-loafersy-Lestrosa-na-platformie-brazowe_%5B7110%5D_1200.jpg,https://www.italy-shop.eu/images/ly453/7000-8000/Skorzane-loafersy-Lestrosa-na-platformie-brazowe_%5B7111%5D_1200.jpg	jesen
444_45_40	Skórzane loafersy Lestrosa na platformie — czarne	Skórzane loafersy Lestrosa w czerni na grubej, protektorowanej platformie 4 cm, sznurowane.	https://www.italy-shop.eu/Skorzane-loafersy-Lestrosa-na-platformie-czarne-p444	https://www.italy-shop.eu/images/ly453/7000-8000/Skorzane-loafersy-Lestrosa-na-platformie-czarne_%5B7080%5D_1200.jpg	Lestrosa	750.00 PLN	in_stock	444	187	Obuwie	Czarny	Skóra gładka	36	new	female	adult			https://www.italy-shop.eu/images/ly453/7000-8000/Skorzane-loafersy-Lestrosa-na-platformie-czarne_%5B7081%5D_1200.jpg,https://www.italy-shop.eu/images/ly453/7000-8000/Skorzane-loafersy-Lestrosa-na-platformie-czarne_%5B7082%5D_1200.jpg,https://www.italy-shop.eu/images/ly453/7000-8000/Skorzane-loafersy-Lestrosa-na-platformie-czarne_%5B7083%5D_1200.jpg	jesen
444_45_41	Skórzane loafersy Lestrosa na platformie — czarne	Skórzane loafersy Lestrosa w czerni na grubej, protektorowanej platformie 4 cm, sznurowane.	https://www.italy-shop.eu/Skorzane-loafersy-Lestrosa-na-platformie-czarne-p444	https://www.italy-shop.eu/images/ly453/7000-8000/Skorzane-loafersy-Lestrosa-na-platformie-czarne_%5B7080%5D_1200.jpg	Lestrosa	750.00 PLN	in_stock	444	187	Obuwie	Czarny	Skóra gładka	37	new	female	adult			https://www.italy-shop.eu/images/ly453/7000-8000/Skorzane-loafersy-Lestrosa-na-platformie-czarne_%5B7081%5D_1200.jpg,https://www.italy-shop.eu/images/ly453/7000-8000/Skorzane-loafersy-Lestrosa-na-platformie-czarne_%5B7082%5D_1200.jpg,https://www.italy-shop.eu/images/ly453/7000-8000/Skorzane-loafersy-Lestrosa-na-platformie-czarne_%5B7083%5D_1200.jpg	jesen
444_45_42	Skórzane loafersy Lestrosa na platformie — czarne	Skórzane loafersy Lestrosa w czerni na grubej, protektorowanej platformie 4 cm, sznurowane.	https://www.italy-shop.eu/Skorzane-loafersy-Lestrosa-na-platformie-czarne-p444	https://www.italy-shop.eu/images/ly453/7000-8000/Skorzane-loafersy-Lestrosa-na-platformie-czarne_%5B7080%5D_1200.jpg	Lestrosa	750.00 PLN	in_stock	444	187	Obuwie	Czarny	Skóra gładka	38	new	female	adult			https://www.italy-shop.eu/images/ly453/7000-8000/Skorzane-loafersy-Lestrosa-na-platformie-czarne_%5B7081%5D_1200.jpg,https://www.italy-shop.eu/images/ly453/7000-8000/Skorzane-loafersy-Lestrosa-na-platformie-czarne_%5B7082%5D_1200.jpg,https://www.italy-shop.eu/images/ly453/7000-8000/Skorzane-loafersy-Lestrosa-na-platformie-czarne_%5B7083%5D_1200.jpg	jesen
444_45_43	Skórzane loafersy Lestrosa na platformie — czarne	Skórzane loafersy Lestrosa w czerni na grubej, protektorowanej platformie 4 cm, sznurowane.	https://www.italy-shop.eu/Skorzane-loafersy-Lestrosa-na-platformie-czarne-p444	https://www.italy-shop.eu/images/ly453/7000-8000/Skorzane-loafersy-Lestrosa-na-platformie-czarne_%5B7080%5D_1200.jpg	Lestrosa	750.00 PLN	in_stock	444	187	Obuwie	Czarny	Skóra gładka	39	new	female	adult			https://www.italy-shop.eu/images/ly453/7000-8000/Skorzane-loafersy-Lestrosa-na-platformie-czarne_%5B7081%5D_1200.jpg,https://www.italy-shop.eu/images/ly453/7000-8000/Skorzane-loafersy-Lestrosa-na-platformie-czarne_%5B7082%5D_1200.jpg,https://www.italy-shop.eu/images/ly453/7000-8000/Skorzane-loafersy-Lestrosa-na-platformie-czarne_%5B7083%5D_1200.jpg	jesen
444_45_44	Skórzane loafersy Lestrosa na platformie — czarne	Skórzane loafersy Lestrosa w czerni na grubej, protektorowanej platformie 4 cm, sznurowane.	https://www.italy-shop.eu/Skorzane-loafersy-Lestrosa-na-platformie-czarne-p444	https://www.italy-shop.eu/images/ly453/7000-8000/Skorzane-loafersy-Lestrosa-na-platformie-czarne_%5B7080%5D_1200.jpg	Lestrosa	750.00 PLN	in_stock	444	187	Obuwie	Czarny	Skóra gładka	40	new	female	adult			https://www.italy-shop.eu/images/ly453/7000-8000/Skorzane-loafersy-Lestrosa-na-platformie-czarne_%5B7081%5D_1200.jpg,https://www.italy-shop.eu/images/ly453/7000-8000/Skorzane-loafersy-Lestrosa-na-platformie-czarne_%5B7082%5D_1200.jpg,https://www.italy-shop.eu/images/ly453/7000-8000/Skorzane-loafersy-Lestrosa-na-platformie-czarne_%5B7083%5D_1200.jpg	jesen
404_52_40	Skórzane mokasyny Spaziomoda — brązowe	Skórzane mokasyny Spaziomoda w bordo ze złotą ozdobą. Gładka skóra, na platformie, zaokrąglony nosek.	https://www.italy-shop.eu/Skorzane-mokasyny-Spaziomoda-bordowe-p404	https://www.italy-shop.eu/images/ly453/6000-7000/Skorzane-mokasyny-Spaziomoda-bordowe_%5B6728%5D_1200.jpg	Spaziomoda	990.00 PLN	in_stock	404	187	Obuwie	Brązowy	Skóra gładka	36	new	female	adult			https://www.italy-shop.eu/images/ly453/6000-7000/Skorzane-mokasyny-Spaziomoda-bordowe_%5B6726%5D_1200.jpg,https://www.italy-shop.eu/images/ly453/6000-7000/Skorzane-mokasyny-Spaziomoda-bordowe_%5B6739%5D_1200.jpg,https://www.italy-shop.eu/images/ly453/6000-7000/Skorzane-mokasyny-Spaziomoda-bordowe_%5B6727%5D_1200.jpg,https://www.italy-shop.eu/images/ly453/6000-7000/Skorzane-mokasyny-Spaziomoda-bordowe_%5B6740%5D_1200.jpg,https://www.italy-shop.eu/images/ly453/6000-7000/Skorzane-mokasyny-Spaziomoda-bordowe_%5B6849%5D_1200.jpg	jesen
404_52_41	Skórzane mokasyny Spaziomoda — brązowe	Skórzane mokasyny Spaziomoda w bordo ze złotą ozdobą. Gładka skóra, na platformie, zaokrąglony nosek.	https://www.italy-shop.eu/Skorzane-mokasyny-Spaziomoda-bordowe-p404	https://www.italy-shop.eu/images/ly453/6000-7000/Skorzane-mokasyny-Spaziomoda-bordowe_%5B6728%5D_1200.jpg	Spaziomoda	990.00 PLN	in_stock	404	187	Obuwie	Brązowy	Skóra gładka	37	new	female	adult			https://www.italy-shop.eu/images/ly453/6000-7000/Skorzane-mokasyny-Spaziomoda-bordowe_%5B6726%5D_1200.jpg,https://www.italy-shop.eu/images/ly453/6000-7000/Skorzane-mokasyny-Spaziomoda-bordowe_%5B6739%5D_1200.jpg,https://www.italy-shop.eu/images/ly453/6000-7000/Skorzane-mokasyny-Spaziomoda-bordowe_%5B6727%5D_1200.jpg,https://www.italy-shop.eu/images/ly453/6000-7000/Skorzane-mokasyny-Spaziomoda-bordowe_%5B6740%5D_1200.jpg,https://www.italy-shop.eu/images/ly453/6000-7000/Skorzane-mokasyny-Spaziomoda-bordowe_%5B6849%5D_1200.jpg	jesen
404_52_42	Skórzane mokasyny Spaziomoda — brązowe	Skórzane mokasyny Spaziomoda w bordo ze złotą ozdobą. Gładka skóra, na platformie, zaokrąglony nosek.	https://www.italy-shop.eu/Skorzane-mokasyny-Spaziomoda-bordowe-p404	https://www.italy-shop.eu/images/ly453/6000-7000/Skorzane-mokasyny-Spaziomoda-bordowe_%5B6728%5D_1200.jpg	Spaziomoda	990.00 PLN	in_stock	404	187	Obuwie	Brązowy	Skóra gładka	38	new	female	adult			https://www.italy-shop.eu/images/ly453/6000-7000/Skorzane-mokasyny-Spaziomoda-bordowe_%5B6726%5D_1200.jpg,https://www.italy-shop.eu/images/ly453/6000-7000/Skorzane-mokasyny-Spaziomoda-bordowe_%5B6739%5D_1200.jpg,https://www.italy-shop.eu/images/ly453/6000-7000/Skorzane-mokasyny-Spaziomoda-bordowe_%5B6727%5D_1200.jpg,https://www.italy-shop.eu/images/ly453/6000-7000/Skorzane-mokasyny-Spaziomoda-bordowe_%5B6740%5D_1200.jpg,https://www.italy-shop.eu/images/ly453/6000-7000/Skorzane-mokasyny-Spaziomoda-bordowe_%5B6849%5D_1200.jpg	jesen
404_52_43	Skórzane mokasyny Spaziomoda — brązowe	Skórzane mokasyny Spaziomoda w bordo ze złotą ozdobą. Gładka skóra, na platformie, zaokrąglony nosek.	https://www.italy-shop.eu/Skorzane-mokasyny-Spaziomoda-bordowe-p404	https://www.italy-shop.eu/images/ly453/6000-7000/Skorzane-mokasyny-Spaziomoda-bordowe_%5B6728%5D_1200.jpg	Spaziomoda	990.00 PLN	in_stock	404	187	Obuwie	Brązowy	Skóra gładka	39	new	female	adult			https://www.italy-shop.eu/images/ly453/6000-7000/Skorzane-mokasyny-Spaziomoda-bordowe_%5B6726%5D_1200.jpg,https://www.italy-shop.eu/images/ly453/6000-7000/Skorzane-mokasyny-Spaziomoda-bordowe_%5B6739%5D_1200.jpg,https://www.italy-shop.eu/images/ly453/6000-7000/Skorzane-mokasyny-Spaziomoda-bordowe_%5B6727%5D_1200.jpg,https://www.italy-shop.eu/images/ly453/6000-7000/Skorzane-mokasyny-Spaziomoda-bordowe_%5B6740%5D_1200.jpg,https://www.italy-shop.eu/images/ly453/6000-7000/Skorzane-mokasyny-Spaziomoda-bordowe_%5B6849%5D_1200.jpg	jesen
404_52_44	Skórzane mokasyny Spaziomoda — brązowe	Skórzane mokasyny Spaziomoda w bordo ze złotą ozdobą. Gładka skóra, na platformie, zaokrąglony nosek.	https://www.italy-shop.eu/Skorzane-mokasyny-Spaziomoda-bordowe-p404	https://www.italy-shop.eu/images/ly453/6000-7000/Skorzane-mokasyny-Spaziomoda-bordowe_%5B6728%5D_1200.jpg	Spaziomoda	990.00 PLN	in_stock	404	187	Obuwie	Brązowy	Skóra gładka	40	new	female	adult			https://www.italy-shop.eu/images/ly453/6000-7000/Skorzane-mokasyny-Spaziomoda-bordowe_%5B6726%5D_1200.jpg,https://www.italy-shop.eu/images/ly453/6000-7000/Skorzane-mokasyny-Spaziomoda-bordowe_%5B6739%5D_1200.jpg,https://www.italy-shop.eu/images/ly453/6000-7000/Skorzane-mokasyny-Spaziomoda-bordowe_%5B6727%5D_1200.jpg,https://www.italy-shop.eu/images/ly453/6000-7000/Skorzane-mokasyny-Spaziomoda-bordowe_%5B6740%5D_1200.jpg,https://www.italy-shop.eu/images/ly453/6000-7000/Skorzane-mokasyny-Spaziomoda-bordowe_%5B6849%5D_1200.jpg	jesen
404_52_63	Skórzane mokasyny Spaziomoda — brązowe	Skórzane mokasyny Spaziomoda w bordo ze złotą ozdobą. Gładka skóra, na platformie, zaokrąglony nosek.	https://www.italy-shop.eu/Skorzane-mokasyny-Spaziomoda-bordowe-p404	https://www.italy-shop.eu/images/ly453/6000-7000/Skorzane-mokasyny-Spaziomoda-bordowe_%5B6728%5D_1200.jpg	Spaziomoda	990.00 PLN	in_stock	404	187	Obuwie	Brązowy	Skóra gładka	41	new	female	adult			https://www.italy-shop.eu/images/ly453/6000-7000/Skorzane-mokasyny-Spaziomoda-bordowe_%5B6726%5D_1200.jpg,https://www.italy-shop.eu/images/ly453/6000-7000/Skorzane-mokasyny-Spaziomoda-bordowe_%5B6739%5D_1200.jpg,https://www.italy-shop.eu/images/ly453/6000-7000/Skorzane-mokasyny-Spaziomoda-bordowe_%5B6727%5D_1200.jpg,https://www.italy-shop.eu/images/ly453/6000-7000/Skorzane-mokasyny-Spaziomoda-bordowe_%5B6740%5D_1200.jpg,https://www.italy-shop.eu/images/ly453/6000-7000/Skorzane-mokasyny-Spaziomoda-bordowe_%5B6849%5D_1200.jpg	jesen
403_45_40	Skórzane mokasyny Spaziomoda — czarne	Skórzane mokasyny Spaziomoda w czerni ze złotą ozdobą. Gładka skóra, na platformie, zaokrąglony nosek.	https://www.italy-shop.eu/Skorzane-mokasyny-Spaziomoda-czarne-p403	https://www.italy-shop.eu/images/ly453/6000-7000/Skorzane-mokasyny-Spaziomoda-czarne_%5B6724%5D_1200.jpg	Spaziomoda	990.00 PLN	in_stock	403	187	Obuwie	Czarny	Skóra gładka	36	new	female	adult			https://www.italy-shop.eu/images/ly453/6000-7000/Skorzane-mokasyny-Spaziomoda-czarne_%5B6723%5D_1200.jpg,https://www.italy-shop.eu/images/ly453/6000-7000/Skorzane-mokasyny-Spaziomoda-czarne_%5B6741%5D_1200.jpg,https://www.italy-shop.eu/images/ly453/6000-7000/Skorzane-mokasyny-Spaziomoda-czarne_%5B6724%5D_1200.jpg,https://www.italy-shop.eu/images/ly453/6000-7000/Skorzane-mokasyny-Spaziomoda-czarne_%5B6742%5D_1200.jpg,https://www.italy-shop.eu/images/ly453/6000-7000/Skorzane-mokasyny-Spaziomoda-czarne_%5B6850%5D_1200.jpg	jesen
403_45_41	Skórzane mokasyny Spaziomoda — czarne	Skórzane mokasyny Spaziomoda w czerni ze złotą ozdobą. Gładka skóra, na platformie, zaokrąglony nosek.	https://www.italy-shop.eu/Skorzane-mokasyny-Spaziomoda-czarne-p403	https://www.italy-shop.eu/images/ly453/6000-7000/Skorzane-mokasyny-Spaziomoda-czarne_%5B6724%5D_1200.jpg	Spaziomoda	990.00 PLN	in_stock	403	187	Obuwie	Czarny	Skóra gładka	37	new	female	adult			https://www.italy-shop.eu/images/ly453/6000-7000/Skorzane-mokasyny-Spaziomoda-czarne_%5B6723%5D_1200.jpg,https://www.italy-shop.eu/images/ly453/6000-7000/Skorzane-mokasyny-Spaziomoda-czarne_%5B6741%5D_1200.jpg,https://www.italy-shop.eu/images/ly453/6000-7000/Skorzane-mokasyny-Spaziomoda-czarne_%5B6724%5D_1200.jpg,https://www.italy-shop.eu/images/ly453/6000-7000/Skorzane-mokasyny-Spaziomoda-czarne_%5B6742%5D_1200.jpg,https://www.italy-shop.eu/images/ly453/6000-7000/Skorzane-mokasyny-Spaziomoda-czarne_%5B6850%5D_1200.jpg	jesen
403_45_42	Skórzane mokasyny Spaziomoda — czarne	Skórzane mokasyny Spaziomoda w czerni ze złotą ozdobą. Gładka skóra, na platformie, zaokrąglony nosek.	https://www.italy-shop.eu/Skorzane-mokasyny-Spaziomoda-czarne-p403	https://www.italy-shop.eu/images/ly453/6000-7000/Skorzane-mokasyny-Spaziomoda-czarne_%5B6724%5D_1200.jpg	Spaziomoda	990.00 PLN	in_stock	403	187	Obuwie	Czarny	Skóra gładka	38	new	female	adult			https://www.italy-shop.eu/images/ly453/6000-7000/Skorzane-mokasyny-Spaziomoda-czarne_%5B6723%5D_1200.jpg,https://www.italy-shop.eu/images/ly453/6000-7000/Skorzane-mokasyny-Spaziomoda-czarne_%5B6741%5D_1200.jpg,https://www.italy-shop.eu/images/ly453/6000-7000/Skorzane-mokasyny-Spaziomoda-czarne_%5B6724%5D_1200.jpg,https://www.italy-shop.eu/images/ly453/6000-7000/Skorzane-mokasyny-Spaziomoda-czarne_%5B6742%5D_1200.jpg,https://www.italy-shop.eu/images/ly453/6000-7000/Skorzane-mokasyny-Spaziomoda-czarne_%5B6850%5D_1200.jpg	jesen
403_45_43	Skórzane mokasyny Spaziomoda — czarne	Skórzane mokasyny Spaziomoda w czerni ze złotą ozdobą. Gładka skóra, na platformie, zaokrąglony nosek.	https://www.italy-shop.eu/Skorzane-mokasyny-Spaziomoda-czarne-p403	https://www.italy-shop.eu/images/ly453/6000-7000/Skorzane-mokasyny-Spaziomoda-czarne_%5B6724%5D_1200.jpg	Spaziomoda	990.00 PLN	in_stock	403	187	Obuwie	Czarny	Skóra gładka	39	new	female	adult			https://www.italy-shop.eu/images/ly453/6000-7000/Skorzane-mokasyny-Spaziomoda-czarne_%5B6723%5D_1200.jpg,https://www.italy-shop.eu/images/ly453/6000-7000/Skorzane-mokasyny-Spaziomoda-czarne_%5B6741%5D_1200.jpg,https://www.italy-shop.eu/images/ly453/6000-7000/Skorzane-mokasyny-Spaziomoda-czarne_%5B6724%5D_1200.jpg,https://www.italy-shop.eu/images/ly453/6000-7000/Skorzane-mokasyny-Spaziomoda-czarne_%5B6742%5D_1200.jpg,https://www.italy-shop.eu/images/ly453/6000-7000/Skorzane-mokasyny-Spaziomoda-czarne_%5B6850%5D_1200.jpg	jesen
403_45_44	Skórzane mokasyny Spaziomoda — czarne	Skórzane mokasyny Spaziomoda w czerni ze złotą ozdobą. Gładka skóra, na platformie, zaokrąglony nosek.	https://www.italy-shop.eu/Skorzane-mokasyny-Spaziomoda-czarne-p403	https://www.italy-shop.eu/images/ly453/6000-7000/Skorzane-mokasyny-Spaziomoda-czarne_%5B6724%5D_1200.jpg	Spaziomoda	990.00 PLN	in_stock	403	187	Obuwie	Czarny	Skóra gładka	40	new	female	adult			https://www.italy-shop.eu/images/ly453/6000-7000/Skorzane-mokasyny-Spaziomoda-czarne_%5B6723%5D_1200.jpg,https://www.italy-shop.eu/images/ly453/6000-7000/Skorzane-mokasyny-Spaziomoda-czarne_%5B6741%5D_1200.jpg,https://www.italy-shop.eu/images/ly453/6000-7000/Skorzane-mokasyny-Spaziomoda-czarne_%5B6724%5D_1200.jpg,https://www.italy-shop.eu/images/ly453/6000-7000/Skorzane-mokasyny-Spaziomoda-czarne_%5B6742%5D_1200.jpg,https://www.italy-shop.eu/images/ly453/6000-7000/Skorzane-mokasyny-Spaziomoda-czarne_%5B6850%5D_1200.jpg	jesen
403_45_63	Skórzane mokasyny Spaziomoda — czarne	Skórzane mokasyny Spaziomoda w czerni ze złotą ozdobą. Gładka skóra, na platformie, zaokrąglony nosek.	https://www.italy-shop.eu/Skorzane-mokasyny-Spaziomoda-czarne-p403	https://www.italy-shop.eu/images/ly453/6000-7000/Skorzane-mokasyny-Spaziomoda-czarne_%5B6724%5D_1200.jpg	Spaziomoda	990.00 PLN	in_stock	403	187	Obuwie	Czarny	Skóra gładka	41	new	female	adult			https://www.italy-shop.eu/images/ly453/6000-7000/Skorzane-mokasyny-Spaziomoda-czarne_%5B6723%5D_1200.jpg,https://www.italy-shop.eu/images/ly453/6000-7000/Skorzane-mokasyny-Spaziomoda-czarne_%5B6741%5D_1200.jpg,https://www.italy-shop.eu/images/ly453/6000-7000/Skorzane-mokasyny-Spaziomoda-czarne_%5B6724%5D_1200.jpg,https://www.italy-shop.eu/images/ly453/6000-7000/Skorzane-mokasyny-Spaziomoda-czarne_%5B6742%5D_1200.jpg,https://www.italy-shop.eu/images/ly453/6000-7000/Skorzane-mokasyny-Spaziomoda-czarne_%5B6850%5D_1200.jpg	jesen
454_52_40	Skórzane oficerki Lestrosa — brązowe	Skórzane oficerki Lestrosa w brązie: ziarnista skóra, płaska podeszwa, nakładka w stylu jeździeckim.	https://www.italy-shop.eu/Skorzane-oficerki-Lestrosa-brazowe-p454	https://www.italy-shop.eu/images/ly453/7000-8000/Skorzane-oficerki-Lestrosa-brazowe_%5B7121%5D_1200.jpg	Lestrosa	1200.00 PLN	in_stock	454	187	Obuwie	Brązowy	Skóra groszkowa	36	new	female	adult			https://www.italy-shop.eu/images/ly453/7000-8000/Skorzane-oficerki-Lestrosa-brazowe_%5B7122%5D_1200.jpg,https://www.italy-shop.eu/images/ly453/7000-8000/Skorzane-oficerki-Lestrosa-brazowe_%5B7123%5D_1200.jpg,https://www.italy-shop.eu/images/ly453/7000-8000/Skorzane-oficerki-Lestrosa-brazowe_%5B7124%5D_1200.jpg	jesen
454_52_41	Skórzane oficerki Lestrosa — brązowe	Skórzane oficerki Lestrosa w brązie: ziarnista skóra, płaska podeszwa, nakładka w stylu jeździeckim.	https://www.italy-shop.eu/Skorzane-oficerki-Lestrosa-brazowe-p454	https://www.italy-shop.eu/images/ly453/7000-8000/Skorzane-oficerki-Lestrosa-brazowe_%5B7121%5D_1200.jpg	Lestrosa	1200.00 PLN	in_stock	454	187	Obuwie	Brązowy	Skóra groszkowa	37	new	female	adult			https://www.italy-shop.eu/images/ly453/7000-8000/Skorzane-oficerki-Lestrosa-brazowe_%5B7122%5D_1200.jpg,https://www.italy-shop.eu/images/ly453/7000-8000/Skorzane-oficerki-Lestrosa-brazowe_%5B7123%5D_1200.jpg,https://www.italy-shop.eu/images/ly453/7000-8000/Skorzane-oficerki-Lestrosa-brazowe_%5B7124%5D_1200.jpg	jesen
454_52_42	Skórzane oficerki Lestrosa — brązowe	Skórzane oficerki Lestrosa w brązie: ziarnista skóra, płaska podeszwa, nakładka w stylu jeździeckim.	https://www.italy-shop.eu/Skorzane-oficerki-Lestrosa-brazowe-p454	https://www.italy-shop.eu/images/ly453/7000-8000/Skorzane-oficerki-Lestrosa-brazowe_%5B7121%5D_1200.jpg	Lestrosa	1200.00 PLN	in_stock	454	187	Obuwie	Brązowy	Skóra groszkowa	38	new	female	adult			https://www.italy-shop.eu/images/ly453/7000-8000/Skorzane-oficerki-Lestrosa-brazowe_%5B7122%5D_1200.jpg,https://www.italy-shop.eu/images/ly453/7000-8000/Skorzane-oficerki-Lestrosa-brazowe_%5B7123%5D_1200.jpg,https://www.italy-shop.eu/images/ly453/7000-8000/Skorzane-oficerki-Lestrosa-brazowe_%5B7124%5D_1200.jpg	jesen
454_52_43	Skórzane oficerki Lestrosa — brązowe	Skórzane oficerki Lestrosa w brązie: ziarnista skóra, płaska podeszwa, nakładka w stylu jeździeckim.	https://www.italy-shop.eu/Skorzane-oficerki-Lestrosa-brazowe-p454	https://www.italy-shop.eu/images/ly453/7000-8000/Skorzane-oficerki-Lestrosa-brazowe_%5B7121%5D_1200.jpg	Lestrosa	1200.00 PLN	in_stock	454	187	Obuwie	Brązowy	Skóra groszkowa	39	new	female	adult			https://www.italy-shop.eu/images/ly453/7000-8000/Skorzane-oficerki-Lestrosa-brazowe_%5B7122%5D_1200.jpg,https://www.italy-shop.eu/images/ly453/7000-8000/Skorzane-oficerki-Lestrosa-brazowe_%5B7123%5D_1200.jpg,https://www.italy-shop.eu/images/ly453/7000-8000/Skorzane-oficerki-Lestrosa-brazowe_%5B7124%5D_1200.jpg	jesen
454_52_44	Skórzane oficerki Lestrosa — brązowe	Skórzane oficerki Lestrosa w brązie: ziarnista skóra, płaska podeszwa, nakładka w stylu jeździeckim.	https://www.italy-shop.eu/Skorzane-oficerki-Lestrosa-brazowe-p454	https://www.italy-shop.eu/images/ly453/7000-8000/Skorzane-oficerki-Lestrosa-brazowe_%5B7121%5D_1200.jpg	Lestrosa	1200.00 PLN	in_stock	454	187	Obuwie	Brązowy	Skóra groszkowa	40	new	female	adult			https://www.italy-shop.eu/images/ly453/7000-8000/Skorzane-oficerki-Lestrosa-brazowe_%5B7122%5D_1200.jpg,https://www.italy-shop.eu/images/ly453/7000-8000/Skorzane-oficerki-Lestrosa-brazowe_%5B7123%5D_1200.jpg,https://www.italy-shop.eu/images/ly453/7000-8000/Skorzane-oficerki-Lestrosa-brazowe_%5B7124%5D_1200.jpg	jesen
428_45_40	Skórzane oficerki Lestrosa — czarne	Skórzane oficerki Lestrosa w czerni: wysokie kozaki do kolana na płaskiej podeszwie, nakładka w stylu jeździeckim.	https://www.italy-shop.eu/Skorzane-oficerki-Lestrosa-czarne-p428	https://www.italy-shop.eu/images/ly453/6000-7000/Skorzane-oficerki-Lestrosa-czarne_%5B6989%5D_1200.jpg	Lestrosa	1200.00 PLN	in_stock	428	187	Obuwie	Czarny	Skóra gładka	36	new	female	adult			https://www.italy-shop.eu/images/ly453/6000-7000/Skorzane-oficerki-Lestrosa-czarne_%5B6992%5D_1200.jpg,https://www.italy-shop.eu/images/ly453/6000-7000/Skorzane-oficerki-Lestrosa-czarne_%5B6990%5D_1200.jpg,https://www.italy-shop.eu/images/ly453/6000-7000/Skorzane-oficerki-Lestrosa-czarne_%5B6991%5D_1200.jpg,https://www.italy-shop.eu/images/ly453/7000-8000/Skorzane-oficerki-Lestrosa-czarne_%5B7006%5D_1200.jpg	jesen
428_45_41	Skórzane oficerki Lestrosa — czarne	Skórzane oficerki Lestrosa w czerni: wysokie kozaki do kolana na płaskiej podeszwie, nakładka w stylu jeździeckim.	https://www.italy-shop.eu/Skorzane-oficerki-Lestrosa-czarne-p428	https://www.italy-shop.eu/images/ly453/6000-7000/Skorzane-oficerki-Lestrosa-czarne_%5B6989%5D_1200.jpg	Lestrosa	1200.00 PLN	in_stock	428	187	Obuwie	Czarny	Skóra gładka	37	new	female	adult			https://www.italy-shop.eu/images/ly453/6000-7000/Skorzane-oficerki-Lestrosa-czarne_%5B6992%5D_1200.jpg,https://www.italy-shop.eu/images/ly453/6000-7000/Skorzane-oficerki-Lestrosa-czarne_%5B6990%5D_1200.jpg,https://www.italy-shop.eu/images/ly453/6000-7000/Skorzane-oficerki-Lestrosa-czarne_%5B6991%5D_1200.jpg,https://www.italy-shop.eu/images/ly453/7000-8000/Skorzane-oficerki-Lestrosa-czarne_%5B7006%5D_1200.jpg	jesen
428_45_42	Skórzane oficerki Lestrosa — czarne	Skórzane oficerki Lestrosa w czerni: wysokie kozaki do kolana na płaskiej podeszwie, nakładka w stylu jeździeckim.	https://www.italy-shop.eu/Skorzane-oficerki-Lestrosa-czarne-p428	https://www.italy-shop.eu/images/ly453/6000-7000/Skorzane-oficerki-Lestrosa-czarne_%5B6989%5D_1200.jpg	Lestrosa	1200.00 PLN	in_stock	428	187	Obuwie	Czarny	Skóra gładka	38	new	female	adult			https://www.italy-shop.eu/images/ly453/6000-7000/Skorzane-oficerki-Lestrosa-czarne_%5B6992%5D_1200.jpg,https://www.italy-shop.eu/images/ly453/6000-7000/Skorzane-oficerki-Lestrosa-czarne_%5B6990%5D_1200.jpg,https://www.italy-shop.eu/images/ly453/6000-7000/Skorzane-oficerki-Lestrosa-czarne_%5B6991%5D_1200.jpg,https://www.italy-shop.eu/images/ly453/7000-8000/Skorzane-oficerki-Lestrosa-czarne_%5B7006%5D_1200.jpg	jesen
428_45_43	Skórzane oficerki Lestrosa — czarne	Skórzane oficerki Lestrosa w czerni: wysokie kozaki do kolana na płaskiej podeszwie, nakładka w stylu jeździeckim.	https://www.italy-shop.eu/Skorzane-oficerki-Lestrosa-czarne-p428	https://www.italy-shop.eu/images/ly453/6000-7000/Skorzane-oficerki-Lestrosa-czarne_%5B6989%5D_1200.jpg	Lestrosa	1200.00 PLN	in_stock	428	187	Obuwie	Czarny	Skóra gładka	39	new	female	adult			https://www.italy-shop.eu/images/ly453/6000-7000/Skorzane-oficerki-Lestrosa-czarne_%5B6992%5D_1200.jpg,https://www.italy-shop.eu/images/ly453/6000-7000/Skorzane-oficerki-Lestrosa-czarne_%5B6990%5D_1200.jpg,https://www.italy-shop.eu/images/ly453/6000-7000/Skorzane-oficerki-Lestrosa-czarne_%5B6991%5D_1200.jpg,https://www.italy-shop.eu/images/ly453/7000-8000/Skorzane-oficerki-Lestrosa-czarne_%5B7006%5D_1200.jpg	jesen
428_45_44	Skórzane oficerki Lestrosa — czarne	Skórzane oficerki Lestrosa w czerni: wysokie kozaki do kolana na płaskiej podeszwie, nakładka w stylu jeździeckim.	https://www.italy-shop.eu/Skorzane-oficerki-Lestrosa-czarne-p428	https://www.italy-shop.eu/images/ly453/6000-7000/Skorzane-oficerki-Lestrosa-czarne_%5B6989%5D_1200.jpg	Lestrosa	1200.00 PLN	in_stock	428	187	Obuwie	Czarny	Skóra gładka	40	new	female	adult			https://www.italy-shop.eu/images/ly453/6000-7000/Skorzane-oficerki-Lestrosa-czarne_%5B6992%5D_1200.jpg,https://www.italy-shop.eu/images/ly453/6000-7000/Skorzane-oficerki-Lestrosa-czarne_%5B6990%5D_1200.jpg,https://www.italy-shop.eu/images/ly453/6000-7000/Skorzane-oficerki-Lestrosa-czarne_%5B6991%5D_1200.jpg,https://www.italy-shop.eu/images/ly453/7000-8000/Skorzane-oficerki-Lestrosa-czarne_%5B7006%5D_1200.jpg	jesen
455_58_40	Skórzane oficerki Lestrosa — szare	Skórzane oficerki Lestrosa w szarości: ziarnista skóra, płaska podeszwa, nakładka w stylu jeździeckim.	https://www.italy-shop.eu/Skorzane-oficerki-Lestrosa-szare-p455	https://www.italy-shop.eu/images/ly453/7000-8000/Skorzane-oficerki-Lestrosa-szare_%5B7125%5D_1200.jpg	Lestrosa	1200.00 PLN	in_stock	455	187	Obuwie	Szary	Skóra groszkowa	36	new	female	adult			https://www.italy-shop.eu/images/ly453/7000-8000/Skorzane-oficerki-Lestrosa-szare_%5B7126%5D_1200.jpg,https://www.italy-shop.eu/images/ly453/7000-8000/Skorzane-oficerki-Lestrosa-szare_%5B7127%5D_1200.jpg,https://www.italy-shop.eu/images/ly453/7000-8000/Skorzane-oficerki-Lestrosa-szare_%5B7128%5D_1200.jpg	jesen
455_58_41	Skórzane oficerki Lestrosa — szare	Skórzane oficerki Lestrosa w szarości: ziarnista skóra, płaska podeszwa, nakładka w stylu jeździeckim.	https://www.italy-shop.eu/Skorzane-oficerki-Lestrosa-szare-p455	https://www.italy-shop.eu/images/ly453/7000-8000/Skorzane-oficerki-Lestrosa-szare_%5B7125%5D_1200.jpg	Lestrosa	1200.00 PLN	in_stock	455	187	Obuwie	Szary	Skóra groszkowa	37	new	female	adult			https://www.italy-shop.eu/images/ly453/7000-8000/Skorzane-oficerki-Lestrosa-szare_%5B7126%5D_1200.jpg,https://www.italy-shop.eu/images/ly453/7000-8000/Skorzane-oficerki-Lestrosa-szare_%5B7127%5D_1200.jpg,https://www.italy-shop.eu/images/ly453/7000-8000/Skorzane-oficerki-Lestrosa-szare_%5B7128%5D_1200.jpg	jesen
455_58_42	Skórzane oficerki Lestrosa — szare	Skórzane oficerki Lestrosa w szarości: ziarnista skóra, płaska podeszwa, nakładka w stylu jeździeckim.	https://www.italy-shop.eu/Skorzane-oficerki-Lestrosa-szare-p455	https://www.italy-shop.eu/images/ly453/7000-8000/Skorzane-oficerki-Lestrosa-szare_%5B7125%5D_1200.jpg	Lestrosa	1200.00 PLN	in_stock	455	187	Obuwie	Szary	Skóra groszkowa	38	new	female	adult			https://www.italy-shop.eu/images/ly453/7000-8000/Skorzane-oficerki-Lestrosa-szare_%5B7126%5D_1200.jpg,https://www.italy-shop.eu/images/ly453/7000-8000/Skorzane-oficerki-Lestrosa-szare_%5B7127%5D_1200.jpg,https://www.italy-shop.eu/images/ly453/7000-8000/Skorzane-oficerki-Lestrosa-szare_%5B7128%5D_1200.jpg	jesen
455_58_43	Skórzane oficerki Lestrosa — szare	Skórzane oficerki Lestrosa w szarości: ziarnista skóra, płaska podeszwa, nakładka w stylu jeździeckim.	https://www.italy-shop.eu/Skorzane-oficerki-Lestrosa-szare-p455	https://www.italy-shop.eu/images/ly453/7000-8000/Skorzane-oficerki-Lestrosa-szare_%5B7125%5D_1200.jpg	Lestrosa	1200.00 PLN	in_stock	455	187	Obuwie	Szary	Skóra groszkowa	39	new	female	adult			https://www.italy-shop.eu/images/ly453/7000-8000/Skorzane-oficerki-Lestrosa-szare_%5B7126%5D_1200.jpg,https://www.italy-shop.eu/images/ly453/7000-8000/Skorzane-oficerki-Lestrosa-szare_%5B7127%5D_1200.jpg,https://www.italy-shop.eu/images/ly453/7000-8000/Skorzane-oficerki-Lestrosa-szare_%5B7128%5D_1200.jpg	jesen
455_58_44	Skórzane oficerki Lestrosa — szare	Skórzane oficerki Lestrosa w szarości: ziarnista skóra, płaska podeszwa, nakładka w stylu jeździeckim.	https://www.italy-shop.eu/Skorzane-oficerki-Lestrosa-szare-p455	https://www.italy-shop.eu/images/ly453/7000-8000/Skorzane-oficerki-Lestrosa-szare_%5B7125%5D_1200.jpg	Lestrosa	1200.00 PLN	in_stock	455	187	Obuwie	Szary	Skóra groszkowa	40	new	female	adult			https://www.italy-shop.eu/images/ly453/7000-8000/Skorzane-oficerki-Lestrosa-szare_%5B7126%5D_1200.jpg,https://www.italy-shop.eu/images/ly453/7000-8000/Skorzane-oficerki-Lestrosa-szare_%5B7127%5D_1200.jpg,https://www.italy-shop.eu/images/ly453/7000-8000/Skorzane-oficerki-Lestrosa-szare_%5B7128%5D_1200.jpg	jesen
425	Skórzany komplet — kozaki Wiola i pleciona kopertówka (brąz)	Skórzany komplet w brązie: kozaki Wiola do kolana i pleciona kopertówka. Razem taniej niż osobno.	https://www.italy-shop.eu/Skorzany-komplet-kozaki-Wiola-i-pleciona-kopertowka-braz-p425	https://www.italy-shop.eu/images/ly453/6000-7000/Skorzany-komplet-kozaki-Wiola-i-pleciona-kopertowka-braz_%5B6979%5D_1200.jpg	Lestrosa	1679.00 PLN	in_stock		3032	Torebki				new	female	adult	1511.10 PLN		https://www.italy-shop.eu/images/ly453/6000-7000/Skorzany-komplet-kozaki-Wiola-i-pleciona-kopertowka-braz_%5B6973%5D_1200.jpg,https://www.italy-shop.eu/images/ly453/6000-7000/Skorzany-komplet-kozaki-Wiola-i-pleciona-kopertowka-braz_%5B6974%5D_1200.jpg,https://www.italy-shop.eu/images/ly453/6000-7000/Skorzany-komplet-kozaki-Wiola-i-pleciona-kopertowka-braz_%5B6975%5D_1200.jpg,https://www.italy-shop.eu/images/ly453/6000-7000/Skorzany-komplet-kozaki-Wiola-i-pleciona-kopertowka-braz_%5B6976%5D_1200.jpg	other
445_52_40	Sneakersy Zamszowe — brązowe	Zamszowe sneakersy w brązie: sportowy pas boczny, gruba platforma 4-5 cm.	https://www.italy-shop.eu/Sneakersy-Zamszowe-Varsity-brazowe-p445	https://www.italy-shop.eu/images/ly453/7000-8000/Sneakersy-Zamszowe-Varsity-brazowe_%5B7085%5D_1200.jpg	Lestrosa	790.00 PLN	in_stock	445	187	Obuwie	Brązowy	Zamsz	36	new	female	adult			https://www.italy-shop.eu/images/ly453/7000-8000/Sneakersy-Zamszowe-Varsity-brazowe_%5B7084%5D_1200.jpg,https://www.italy-shop.eu/images/ly453/7000-8000/Sneakersy-Zamszowe-Varsity-brazowe_%5B7086%5D_1200.jpg,https://www.italy-shop.eu/images/ly453/7000-8000/Sneakersy-Zamszowe-Varsity-brazowe_%5B7087%5D_1200.jpg	jesen
445_52_41	Sneakersy Zamszowe — brązowe	Zamszowe sneakersy w brązie: sportowy pas boczny, gruba platforma 4-5 cm.	https://www.italy-shop.eu/Sneakersy-Zamszowe-Varsity-brazowe-p445	https://www.italy-shop.eu/images/ly453/7000-8000/Sneakersy-Zamszowe-Varsity-brazowe_%5B7085%5D_1200.jpg	Lestrosa	790.00 PLN	in_stock	445	187	Obuwie	Brązowy	Zamsz	37	new	female	adult			https://www.italy-shop.eu/images/ly453/7000-8000/Sneakersy-Zamszowe-Varsity-brazowe_%5B7084%5D_1200.jpg,https://www.italy-shop.eu/images/ly453/7000-8000/Sneakersy-Zamszowe-Varsity-brazowe_%5B7086%5D_1200.jpg,https://www.italy-shop.eu/images/ly453/7000-8000/Sneakersy-Zamszowe-Varsity-brazowe_%5B7087%5D_1200.jpg	jesen
445_52_42	Sneakersy Zamszowe — brązowe	Zamszowe sneakersy w brązie: sportowy pas boczny, gruba platforma 4-5 cm.	https://www.italy-shop.eu/Sneakersy-Zamszowe-Varsity-brazowe-p445	https://www.italy-shop.eu/images/ly453/7000-8000/Sneakersy-Zamszowe-Varsity-brazowe_%5B7085%5D_1200.jpg	Lestrosa	790.00 PLN	in_stock	445	187	Obuwie	Brązowy	Zamsz	38	new	female	adult			https://www.italy-shop.eu/images/ly453/7000-8000/Sneakersy-Zamszowe-Varsity-brazowe_%5B7084%5D_1200.jpg,https://www.italy-shop.eu/images/ly453/7000-8000/Sneakersy-Zamszowe-Varsity-brazowe_%5B7086%5D_1200.jpg,https://www.italy-shop.eu/images/ly453/7000-8000/Sneakersy-Zamszowe-Varsity-brazowe_%5B7087%5D_1200.jpg	jesen
445_52_43	Sneakersy Zamszowe — brązowe	Zamszowe sneakersy w brązie: sportowy pas boczny, gruba platforma 4-5 cm.	https://www.italy-shop.eu/Sneakersy-Zamszowe-Varsity-brazowe-p445	https://www.italy-shop.eu/images/ly453/7000-8000/Sneakersy-Zamszowe-Varsity-brazowe_%5B7085%5D_1200.jpg	Lestrosa	790.00 PLN	in_stock	445	187	Obuwie	Brązowy	Zamsz	39	new	female	adult			https://www.italy-shop.eu/images/ly453/7000-8000/Sneakersy-Zamszowe-Varsity-brazowe_%5B7084%5D_1200.jpg,https://www.italy-shop.eu/images/ly453/7000-8000/Sneakersy-Zamszowe-Varsity-brazowe_%5B7086%5D_1200.jpg,https://www.italy-shop.eu/images/ly453/7000-8000/Sneakersy-Zamszowe-Varsity-brazowe_%5B7087%5D_1200.jpg	jesen
445_52_44	Sneakersy Zamszowe — brązowe	Zamszowe sneakersy w brązie: sportowy pas boczny, gruba platforma 4-5 cm.	https://www.italy-shop.eu/Sneakersy-Zamszowe-Varsity-brazowe-p445	https://www.italy-shop.eu/images/ly453/7000-8000/Sneakersy-Zamszowe-Varsity-brazowe_%5B7085%5D_1200.jpg	Lestrosa	790.00 PLN	in_stock	445	187	Obuwie	Brązowy	Zamsz	40	new	female	adult			https://www.italy-shop.eu/images/ly453/7000-8000/Sneakersy-Zamszowe-Varsity-brazowe_%5B7084%5D_1200.jpg,https://www.italy-shop.eu/images/ly453/7000-8000/Sneakersy-Zamszowe-Varsity-brazowe_%5B7086%5D_1200.jpg,https://www.italy-shop.eu/images/ly453/7000-8000/Sneakersy-Zamszowe-Varsity-brazowe_%5B7087%5D_1200.jpg	jesen
446_68_40	Sneakersy Zamszowe — oliwka	Zamszowe sneakersy w kolorze oliwkowym: sportowy pas boczny, gruba platforma 4-5 cm.	https://www.italy-shop.eu/Sneakersy-Zamszowe-Varsity-taupe-p446	https://www.italy-shop.eu/images/ly453/7000-8000/Sneakersy-Zamszowe-Varsity-taupe_%5B7089%5D_1200.jpg	Lestrosa	790.00 PLN	in_stock	446	187	Obuwie	Oliwkowy	Zamsz	36	new	female	adult			https://www.italy-shop.eu/images/ly453/7000-8000/Sneakersy-Zamszowe-Varsity-taupe_%5B7088%5D_1200.jpg,https://www.italy-shop.eu/images/ly453/7000-8000/Sneakersy-Zamszowe-Varsity-taupe_%5B7090%5D_1200.jpg,https://www.italy-shop.eu/images/ly453/7000-8000/Sneakersy-Zamszowe-Varsity-taupe_%5B7091%5D_1200.jpg	jesen
446_68_41	Sneakersy Zamszowe — oliwka	Zamszowe sneakersy w kolorze oliwkowym: sportowy pas boczny, gruba platforma 4-5 cm.	https://www.italy-shop.eu/Sneakersy-Zamszowe-Varsity-taupe-p446	https://www.italy-shop.eu/images/ly453/7000-8000/Sneakersy-Zamszowe-Varsity-taupe_%5B7089%5D_1200.jpg	Lestrosa	790.00 PLN	in_stock	446	187	Obuwie	Oliwkowy	Zamsz	37	new	female	adult			https://www.italy-shop.eu/images/ly453/7000-8000/Sneakersy-Zamszowe-Varsity-taupe_%5B7088%5D_1200.jpg,https://www.italy-shop.eu/images/ly453/7000-8000/Sneakersy-Zamszowe-Varsity-taupe_%5B7090%5D_1200.jpg,https://www.italy-shop.eu/images/ly453/7000-8000/Sneakersy-Zamszowe-Varsity-taupe_%5B7091%5D_1200.jpg	jesen
446_68_42	Sneakersy Zamszowe — oliwka	Zamszowe sneakersy w kolorze oliwkowym: sportowy pas boczny, gruba platforma 4-5 cm.	https://www.italy-shop.eu/Sneakersy-Zamszowe-Varsity-taupe-p446	https://www.italy-shop.eu/images/ly453/7000-8000/Sneakersy-Zamszowe-Varsity-taupe_%5B7089%5D_1200.jpg	Lestrosa	790.00 PLN	in_stock	446	187	Obuwie	Oliwkowy	Zamsz	38	new	female	adult			https://www.italy-shop.eu/images/ly453/7000-8000/Sneakersy-Zamszowe-Varsity-taupe_%5B7088%5D_1200.jpg,https://www.italy-shop.eu/images/ly453/7000-8000/Sneakersy-Zamszowe-Varsity-taupe_%5B7090%5D_1200.jpg,https://www.italy-shop.eu/images/ly453/7000-8000/Sneakersy-Zamszowe-Varsity-taupe_%5B7091%5D_1200.jpg	jesen
446_68_43	Sneakersy Zamszowe — oliwka	Zamszowe sneakersy w kolorze oliwkowym: sportowy pas boczny, gruba platforma 4-5 cm.	https://www.italy-shop.eu/Sneakersy-Zamszowe-Varsity-taupe-p446	https://www.italy-shop.eu/images/ly453/7000-8000/Sneakersy-Zamszowe-Varsity-taupe_%5B7089%5D_1200.jpg	Lestrosa	790.00 PLN	in_stock	446	187	Obuwie	Oliwkowy	Zamsz	39	new	female	adult			https://www.italy-shop.eu/images/ly453/7000-8000/Sneakersy-Zamszowe-Varsity-taupe_%5B7088%5D_1200.jpg,https://www.italy-shop.eu/images/ly453/7000-8000/Sneakersy-Zamszowe-Varsity-taupe_%5B7090%5D_1200.jpg,https://www.italy-shop.eu/images/ly453/7000-8000/Sneakersy-Zamszowe-Varsity-taupe_%5B7091%5D_1200.jpg	jesen
446_68_44	Sneakersy Zamszowe — oliwka	Zamszowe sneakersy w kolorze oliwkowym: sportowy pas boczny, gruba platforma 4-5 cm.	https://www.italy-shop.eu/Sneakersy-Zamszowe-Varsity-taupe-p446	https://www.italy-shop.eu/images/ly453/7000-8000/Sneakersy-Zamszowe-Varsity-taupe_%5B7089%5D_1200.jpg	Lestrosa	790.00 PLN	in_stock	446	187	Obuwie	Oliwkowy	Zamsz	40	new	female	adult			https://www.italy-shop.eu/images/ly453/7000-8000/Sneakersy-Zamszowe-Varsity-taupe_%5B7088%5D_1200.jpg,https://www.italy-shop.eu/images/ly453/7000-8000/Sneakersy-Zamszowe-Varsity-taupe_%5B7090%5D_1200.jpg,https://www.italy-shop.eu/images/ly453/7000-8000/Sneakersy-Zamszowe-Varsity-taupe_%5B7091%5D_1200.jpg	jesen
434_52_40	Sneakersy Zamszowe Chocolate puff	Zamszowe sneakersy na grubej platformie 4-5 cm, w czekoladowym brązie, z grubymi sznurowadłami.	https://www.italy-shop.eu/Sneakersy-Zamszowe-Chocolate-Puff-p434	https://www.italy-shop.eu/images/ly453/7000-8000/Sneakersy-Zamszowe-Chocolate-Puff_%5B7039%5D_1200.jpg	Lestrosa	790.00 PLN	in_stock	434	187	Obuwie	Brązowy	Zamsz	36	new	female	adult			https://www.italy-shop.eu/images/ly453/7000-8000/Sneakersy-Zamszowe-Chocolate-Puff_%5B7040%5D_1200.jpg,https://www.italy-shop.eu/images/ly453/7000-8000/Sneakersy-Zamszowe-Chocolate-Puff_%5B7043%5D_1200.jpg,https://www.italy-shop.eu/images/ly453/7000-8000/Sneakersy-Zamszowe-Chocolate-Puff_%5B7041%5D_1200.jpg,https://www.italy-shop.eu/images/ly453/7000-8000/Sneakersy-Zamszowe-Chocolate-Puff_%5B7042%5D_1200.jpg	jesen
434_52_41	Sneakersy Zamszowe Chocolate puff	Zamszowe sneakersy na grubej platformie 4-5 cm, w czekoladowym brązie, z grubymi sznurowadłami.	https://www.italy-shop.eu/Sneakersy-Zamszowe-Chocolate-Puff-p434	https://www.italy-shop.eu/images/ly453/7000-8000/Sneakersy-Zamszowe-Chocolate-Puff_%5B7039%5D_1200.jpg	Lestrosa	790.00 PLN	in_stock	434	187	Obuwie	Brązowy	Zamsz	37	new	female	adult			https://www.italy-shop.eu/images/ly453/7000-8000/Sneakersy-Zamszowe-Chocolate-Puff_%5B7040%5D_1200.jpg,https://www.italy-shop.eu/images/ly453/7000-8000/Sneakersy-Zamszowe-Chocolate-Puff_%5B7043%5D_1200.jpg,https://www.italy-shop.eu/images/ly453/7000-8000/Sneakersy-Zamszowe-Chocolate-Puff_%5B7041%5D_1200.jpg,https://www.italy-shop.eu/images/ly453/7000-8000/Sneakersy-Zamszowe-Chocolate-Puff_%5B7042%5D_1200.jpg	jesen
434_52_42	Sneakersy Zamszowe Chocolate puff	Zamszowe sneakersy na grubej platformie 4-5 cm, w czekoladowym brązie, z grubymi sznurowadłami.	https://www.italy-shop.eu/Sneakersy-Zamszowe-Chocolate-Puff-p434	https://www.italy-shop.eu/images/ly453/7000-8000/Sneakersy-Zamszowe-Chocolate-Puff_%5B7039%5D_1200.jpg	Lestrosa	790.00 PLN	in_stock	434	187	Obuwie	Brązowy	Zamsz	38	new	female	adult			https://www.italy-shop.eu/images/ly453/7000-8000/Sneakersy-Zamszowe-Chocolate-Puff_%5B7040%5D_1200.jpg,https://www.italy-shop.eu/images/ly453/7000-8000/Sneakersy-Zamszowe-Chocolate-Puff_%5B7043%5D_1200.jpg,https://www.italy-shop.eu/images/ly453/7000-8000/Sneakersy-Zamszowe-Chocolate-Puff_%5B7041%5D_1200.jpg,https://www.italy-shop.eu/images/ly453/7000-8000/Sneakersy-Zamszowe-Chocolate-Puff_%5B7042%5D_1200.jpg	jesen
434_52_43	Sneakersy Zamszowe Chocolate puff	Zamszowe sneakersy na grubej platformie 4-5 cm, w czekoladowym brązie, z grubymi sznurowadłami.	https://www.italy-shop.eu/Sneakersy-Zamszowe-Chocolate-Puff-p434	https://www.italy-shop.eu/images/ly453/7000-8000/Sneakersy-Zamszowe-Chocolate-Puff_%5B7039%5D_1200.jpg	Lestrosa	790.00 PLN	in_stock	434	187	Obuwie	Brązowy	Zamsz	39	new	female	adult			https://www.italy-shop.eu/images/ly453/7000-8000/Sneakersy-Zamszowe-Chocolate-Puff_%5B7040%5D_1200.jpg,https://www.italy-shop.eu/images/ly453/7000-8000/Sneakersy-Zamszowe-Chocolate-Puff_%5B7043%5D_1200.jpg,https://www.italy-shop.eu/images/ly453/7000-8000/Sneakersy-Zamszowe-Chocolate-Puff_%5B7041%5D_1200.jpg,https://www.italy-shop.eu/images/ly453/7000-8000/Sneakersy-Zamszowe-Chocolate-Puff_%5B7042%5D_1200.jpg	jesen
434_52_44	Sneakersy Zamszowe Chocolate puff	Zamszowe sneakersy na grubej platformie 4-5 cm, w czekoladowym brązie, z grubymi sznurowadłami.	https://www.italy-shop.eu/Sneakersy-Zamszowe-Chocolate-Puff-p434	https://www.italy-shop.eu/images/ly453/7000-8000/Sneakersy-Zamszowe-Chocolate-Puff_%5B7039%5D_1200.jpg	Lestrosa	790.00 PLN	in_stock	434	187	Obuwie	Brązowy	Zamsz	40	new	female	adult			https://www.italy-shop.eu/images/ly453/7000-8000/Sneakersy-Zamszowe-Chocolate-Puff_%5B7040%5D_1200.jpg,https://www.italy-shop.eu/images/ly453/7000-8000/Sneakersy-Zamszowe-Chocolate-Puff_%5B7043%5D_1200.jpg,https://www.italy-shop.eu/images/ly453/7000-8000/Sneakersy-Zamszowe-Chocolate-Puff_%5B7041%5D_1200.jpg,https://www.italy-shop.eu/images/ly453/7000-8000/Sneakersy-Zamszowe-Chocolate-Puff_%5B7042%5D_1200.jpg	jesen
116_45	Stylowa torebka	Kompaktowa torebka typu bucket z naturalnej skóry o ziarnistej fakturze. Regulowany pasek ze sznurkiem pozwala na dopasowanie rozmiaru. Dostępna w dziesięciu kolorach.	https://www.italy-shop.eu/Stylowa-torebka-p116	https://www.italy-shop.eu/images/ly453/6000-7000/Stylowa-torebka_%5B6766%5D_1200.jpg	Leather Country	560.00 PLN	in_stock	116	3032	Torebki	Czarny			new	female	adult			https://www.italy-shop.eu/images/ly453/6000-7000/Stylowa-torebka_%5B6762%5D_1200.jpg,https://www.italy-shop.eu/images/ly453/6000-7000/Stylowa-torebka_%5B6763%5D_1200.jpg,https://www.italy-shop.eu/images/ly453/6000-7000/Stylowa-torebka_%5B6764%5D_1200.jpg,https://www.italy-shop.eu/images/ly453/6000-7000/Stylowa-torebka_%5B6765%5D_1200.jpg,https://www.italy-shop.eu/images/ly453/6000-7000/Stylowa-torebka_%5B6766%5D_1200.jpg,https://www.italy-shop.eu/images/ly453/6000-7000/Stylowa-torebka_%5B6767%5D_1200.jpg,https://www.italy-shop.eu/images/ly453/6000-7000/Stylowa-torebka_%5B6768%5D_1200.jpg,https://www.italy-shop.eu/images/ly453/6000-7000/Stylowa-torebka_%5B6769%5D_1200.jpg,https://www.italy-shop.eu/images/ly453/6000-7000/Stylowa-torebka_%5B6770%5D_1200.jpg,https://www.italy-shop.eu/images/ly453/6000-7000/Stylowa-torebka_%5B6771%5D_1200.jpg	other
116_52	Stylowa torebka	Kompaktowa torebka typu bucket z naturalnej skóry o ziarnistej fakturze. Regulowany pasek ze sznurkiem pozwala na dopasowanie rozmiaru. Dostępna w dziesięciu kolorach.	https://www.italy-shop.eu/Stylowa-torebka-p116	https://www.italy-shop.eu/images/ly453/6000-7000/Stylowa-torebka_%5B6772%5D_1200.jpg	Leather Country	560.00 PLN	in_stock	116	3032	Torebki	Brązowy			new	female	adult			https://www.italy-shop.eu/images/ly453/6000-7000/Stylowa-torebka_%5B6762%5D_1200.jpg,https://www.italy-shop.eu/images/ly453/6000-7000/Stylowa-torebka_%5B6763%5D_1200.jpg,https://www.italy-shop.eu/images/ly453/6000-7000/Stylowa-torebka_%5B6764%5D_1200.jpg,https://www.italy-shop.eu/images/ly453/6000-7000/Stylowa-torebka_%5B6765%5D_1200.jpg,https://www.italy-shop.eu/images/ly453/6000-7000/Stylowa-torebka_%5B6766%5D_1200.jpg,https://www.italy-shop.eu/images/ly453/6000-7000/Stylowa-torebka_%5B6767%5D_1200.jpg,https://www.italy-shop.eu/images/ly453/6000-7000/Stylowa-torebka_%5B6768%5D_1200.jpg,https://www.italy-shop.eu/images/ly453/6000-7000/Stylowa-torebka_%5B6769%5D_1200.jpg,https://www.italy-shop.eu/images/ly453/6000-7000/Stylowa-torebka_%5B6770%5D_1200.jpg,https://www.italy-shop.eu/images/ly453/6000-7000/Stylowa-torebka_%5B6771%5D_1200.jpg	other
116_56	Stylowa torebka	Kompaktowa torebka typu bucket z naturalnej skóry o ziarnistej fakturze. Regulowany pasek ze sznurkiem pozwala na dopasowanie rozmiaru. Dostępna w dziesięciu kolorach.	https://www.italy-shop.eu/Stylowa-torebka-p116	https://www.italy-shop.eu/images/ly453/6000-7000/Stylowa-torebka_%5B6771%5D_1200.jpg	Leather Country	560.00 PLN	in_stock	116	3032	Torebki	Bordowy			new	female	adult			https://www.italy-shop.eu/images/ly453/6000-7000/Stylowa-torebka_%5B6762%5D_1200.jpg,https://www.italy-shop.eu/images/ly453/6000-7000/Stylowa-torebka_%5B6763%5D_1200.jpg,https://www.italy-shop.eu/images/ly453/6000-7000/Stylowa-torebka_%5B6764%5D_1200.jpg,https://www.italy-shop.eu/images/ly453/6000-7000/Stylowa-torebka_%5B6765%5D_1200.jpg,https://www.italy-shop.eu/images/ly453/6000-7000/Stylowa-torebka_%5B6766%5D_1200.jpg,https://www.italy-shop.eu/images/ly453/6000-7000/Stylowa-torebka_%5B6767%5D_1200.jpg,https://www.italy-shop.eu/images/ly453/6000-7000/Stylowa-torebka_%5B6768%5D_1200.jpg,https://www.italy-shop.eu/images/ly453/6000-7000/Stylowa-torebka_%5B6769%5D_1200.jpg,https://www.italy-shop.eu/images/ly453/6000-7000/Stylowa-torebka_%5B6770%5D_1200.jpg,https://www.italy-shop.eu/images/ly453/6000-7000/Stylowa-torebka_%5B6771%5D_1200.jpg	other
116_59	Stylowa torebka	Kompaktowa torebka typu bucket z naturalnej skóry o ziarnistej fakturze. Regulowany pasek ze sznurkiem pozwala na dopasowanie rozmiaru. Dostępna w dziesięciu kolorach.	https://www.italy-shop.eu/Stylowa-torebka-p116	https://www.italy-shop.eu/images/ly453/6000-7000/Stylowa-torebka_%5B6761%5D_1200.jpg	Leather Country	560.00 PLN	in_stock	116	3032	Torebki	Karmel			new	female	adult			https://www.italy-shop.eu/images/ly453/6000-7000/Stylowa-torebka_%5B6762%5D_1200.jpg,https://www.italy-shop.eu/images/ly453/6000-7000/Stylowa-torebka_%5B6763%5D_1200.jpg,https://www.italy-shop.eu/images/ly453/6000-7000/Stylowa-torebka_%5B6764%5D_1200.jpg,https://www.italy-shop.eu/images/ly453/6000-7000/Stylowa-torebka_%5B6765%5D_1200.jpg,https://www.italy-shop.eu/images/ly453/6000-7000/Stylowa-torebka_%5B6766%5D_1200.jpg,https://www.italy-shop.eu/images/ly453/6000-7000/Stylowa-torebka_%5B6767%5D_1200.jpg,https://www.italy-shop.eu/images/ly453/6000-7000/Stylowa-torebka_%5B6768%5D_1200.jpg,https://www.italy-shop.eu/images/ly453/6000-7000/Stylowa-torebka_%5B6769%5D_1200.jpg,https://www.italy-shop.eu/images/ly453/6000-7000/Stylowa-torebka_%5B6770%5D_1200.jpg,https://www.italy-shop.eu/images/ly453/6000-7000/Stylowa-torebka_%5B6771%5D_1200.jpg	other
116_68	Stylowa torebka	Kompaktowa torebka typu bucket z naturalnej skóry o ziarnistej fakturze. Regulowany pasek ze sznurkiem pozwala na dopasowanie rozmiaru. Dostępna w dziesięciu kolorach.	https://www.italy-shop.eu/Stylowa-torebka-p116	https://www.italy-shop.eu/images/ly453/6000-7000/Stylowa-torebka_%5B6774%5D_1200.jpg	Leather Country	560.00 PLN	in_stock	116	3032	Torebki	Oliwkowy			new	female	adult			https://www.italy-shop.eu/images/ly453/6000-7000/Stylowa-torebka_%5B6762%5D_1200.jpg,https://www.italy-shop.eu/images/ly453/6000-7000/Stylowa-torebka_%5B6763%5D_1200.jpg,https://www.italy-shop.eu/images/ly453/6000-7000/Stylowa-torebka_%5B6764%5D_1200.jpg,https://www.italy-shop.eu/images/ly453/6000-7000/Stylowa-torebka_%5B6765%5D_1200.jpg,https://www.italy-shop.eu/images/ly453/6000-7000/Stylowa-torebka_%5B6766%5D_1200.jpg,https://www.italy-shop.eu/images/ly453/6000-7000/Stylowa-torebka_%5B6767%5D_1200.jpg,https://www.italy-shop.eu/images/ly453/6000-7000/Stylowa-torebka_%5B6768%5D_1200.jpg,https://www.italy-shop.eu/images/ly453/6000-7000/Stylowa-torebka_%5B6769%5D_1200.jpg,https://www.italy-shop.eu/images/ly453/6000-7000/Stylowa-torebka_%5B6770%5D_1200.jpg,https://www.italy-shop.eu/images/ly453/6000-7000/Stylowa-torebka_%5B6771%5D_1200.jpg	other
116_72	Stylowa torebka	Kompaktowa torebka typu bucket z naturalnej skóry o ziarnistej fakturze. Regulowany pasek ze sznurkiem pozwala na dopasowanie rozmiaru. Dostępna w dziesięciu kolorach.	https://www.italy-shop.eu/Stylowa-torebka-p116	https://www.italy-shop.eu/images/ly453/6000-7000/Stylowa-torebka_%5B6770%5D_1200.jpg	Leather Country	560.00 PLN	in_stock	116	3032	Torebki	Taupe			new	female	adult			https://www.italy-shop.eu/images/ly453/6000-7000/Stylowa-torebka_%5B6762%5D_1200.jpg,https://www.italy-shop.eu/images/ly453/6000-7000/Stylowa-torebka_%5B6763%5D_1200.jpg,https://www.italy-shop.eu/images/ly453/6000-7000/Stylowa-torebka_%5B6764%5D_1200.jpg,https://www.italy-shop.eu/images/ly453/6000-7000/Stylowa-torebka_%5B6765%5D_1200.jpg,https://www.italy-shop.eu/images/ly453/6000-7000/Stylowa-torebka_%5B6766%5D_1200.jpg,https://www.italy-shop.eu/images/ly453/6000-7000/Stylowa-torebka_%5B6767%5D_1200.jpg,https://www.italy-shop.eu/images/ly453/6000-7000/Stylowa-torebka_%5B6768%5D_1200.jpg,https://www.italy-shop.eu/images/ly453/6000-7000/Stylowa-torebka_%5B6769%5D_1200.jpg,https://www.italy-shop.eu/images/ly453/6000-7000/Stylowa-torebka_%5B6770%5D_1200.jpg,https://www.italy-shop.eu/images/ly453/6000-7000/Stylowa-torebka_%5B6771%5D_1200.jpg	other
213_45	Torba Leather Country	Shopper z wplecionej skóry naturalnej w klasycznym splocie intrecciato. Miękka faktura w głębokim czarnym kolorze z minimalistycznymi uchwytami. Przestronna konstrukcja na codzienne potrzeby.	https://www.italy-shop.eu/Torba-Leather-Country-p213	https://www.italy-shop.eu/images/ly453/2000-3000/Torba-Leather-Country_%5B2274%5D_1200.jpg	Leather Country	790.00 PLN	in_stock	213	3032	Torebki	Czarny			new	female	adult			https://www.italy-shop.eu/images/ly453/1000-2000/Torba-Leather-Country_%5B1718%5D_1200.jpg,https://www.italy-shop.eu/images/ly453/1000-2000/Torba-Leather-Country_%5B1719%5D_1200.jpg,https://www.italy-shop.eu/images/ly453/1000-2000/Torba-Leather-Country_%5B1720%5D_1200.jpg,https://www.italy-shop.eu/images/ly453/1000-2000/Torba-Leather-Country_%5B1722%5D_1200.jpg,https://www.italy-shop.eu/images/ly453/1000-2000/Torba-Leather-Country_%5B1723%5D_1200.jpg,https://www.italy-shop.eu/images/ly453/2000-3000/Torba-Leather-Country_%5B2275%5D_1200.jpg,https://www.italy-shop.eu/images/ly453/2000-3000/Torba-Leather-Country_%5B2276%5D_1200.jpg	other
213_52	Torba Leather Country	Shopper z wplecionej skóry naturalnej w klasycznym splocie intrecciato. Miękka faktura w głębokim czarnym kolorze z minimalistycznymi uchwytami. Przestronna konstrukcja na codzienne potrzeby.	https://www.italy-shop.eu/Torba-Leather-Country-p213	https://www.italy-shop.eu/images/ly453/1000-2000/Torba-Leather-Country_%5B1723%5D_1200.jpg	Leather Country	790.00 PLN	in_stock	213	3032	Torebki	Brązowy			new	female	adult			https://www.italy-shop.eu/images/ly453/1000-2000/Torba-Leather-Country_%5B1718%5D_1200.jpg,https://www.italy-shop.eu/images/ly453/1000-2000/Torba-Leather-Country_%5B1719%5D_1200.jpg,https://www.italy-shop.eu/images/ly453/1000-2000/Torba-Leather-Country_%5B1720%5D_1200.jpg,https://www.italy-shop.eu/images/ly453/1000-2000/Torba-Leather-Country_%5B1722%5D_1200.jpg,https://www.italy-shop.eu/images/ly453/1000-2000/Torba-Leather-Country_%5B1723%5D_1200.jpg,https://www.italy-shop.eu/images/ly453/2000-3000/Torba-Leather-Country_%5B2275%5D_1200.jpg,https://www.italy-shop.eu/images/ly453/2000-3000/Torba-Leather-Country_%5B2276%5D_1200.jpg	other
106_45	Torba z plecionej skóry Leather Country	Torba hobo z charakterystycznego splotowego wzoru skóry w jasnobeżowym odcieniu. Miękka konstrukcja z podwójnymi uchwytami idealnie wpisuje się w casual eleganckie stylizacje.	https://www.italy-shop.eu/Torba-Leather-Country-p106	https://www.italy-shop.eu/images/ly453/0-1000/Torba-Leather-Country_%5B684%5D_1200.jpg	Leather Country	740.00 PLN	in_stock	106	3032	Torebki	Czarny			new	female	adult			https://www.italy-shop.eu/images/ly453/2000-3000/Torba-Leather-Country_%5B2404%5D_1200.jpg,https://www.italy-shop.eu/images/ly453/2000-3000/Torba-Leather-Country_%5B2405%5D_1200.jpg,https://www.italy-shop.eu/images/ly453/2000-3000/Torba-Leather-Country_%5B2407%5D_1200.jpg,https://www.italy-shop.eu/images/ly453/2000-3000/Torba-Leather-Country_%5B2408%5D_1200.jpg,https://www.italy-shop.eu/images/ly453/2000-3000/Torba-Leather-Country_%5B2409%5D_1200.jpg,https://www.italy-shop.eu/images/ly453/0-1000/Torba-Leather-Country_%5B684%5D_1200.jpg,https://www.italy-shop.eu/images/ly453/2000-3000/Torba-Leather-Country_%5B2410%5D_1200.jpg,https://www.italy-shop.eu/images/ly453/2000-3000/Torba-Leather-Country_%5B2411%5D_1200.jpg,https://www.italy-shop.eu/images/ly453/2000-3000/Torba-Leather-Country_%5B2412%5D_1200.jpg,https://www.italy-shop.eu/images/ly453/2000-3000/Torba-Leather-Country_%5B2413%5D_1200.jpg	other
106_46	Torba z plecionej skóry Leather Country	Torba hobo z charakterystycznego splotowego wzoru skóry w jasnobeżowym odcieniu. Miękka konstrukcja z podwójnymi uchwytami idealnie wpisuje się w casual eleganckie stylizacje.	https://www.italy-shop.eu/Torba-Leather-Country-p106	https://www.italy-shop.eu/images/ly453/2000-3000/Torba-Leather-Country_%5B2411%5D_1200.jpg	Leather Country	740.00 PLN	in_stock	106	3032	Torebki	Biały			new	female	adult			https://www.italy-shop.eu/images/ly453/2000-3000/Torba-Leather-Country_%5B2404%5D_1200.jpg,https://www.italy-shop.eu/images/ly453/2000-3000/Torba-Leather-Country_%5B2405%5D_1200.jpg,https://www.italy-shop.eu/images/ly453/2000-3000/Torba-Leather-Country_%5B2407%5D_1200.jpg,https://www.italy-shop.eu/images/ly453/2000-3000/Torba-Leather-Country_%5B2408%5D_1200.jpg,https://www.italy-shop.eu/images/ly453/2000-3000/Torba-Leather-Country_%5B2409%5D_1200.jpg,https://www.italy-shop.eu/images/ly453/0-1000/Torba-Leather-Country_%5B684%5D_1200.jpg,https://www.italy-shop.eu/images/ly453/2000-3000/Torba-Leather-Country_%5B2410%5D_1200.jpg,https://www.italy-shop.eu/images/ly453/2000-3000/Torba-Leather-Country_%5B2411%5D_1200.jpg,https://www.italy-shop.eu/images/ly453/2000-3000/Torba-Leather-Country_%5B2412%5D_1200.jpg,https://www.italy-shop.eu/images/ly453/2000-3000/Torba-Leather-Country_%5B2413%5D_1200.jpg	other
106_47	Torba z plecionej skóry Leather Country	Torba hobo z charakterystycznego splotowego wzoru skóry w jasnobeżowym odcieniu. Miękka konstrukcja z podwójnymi uchwytami idealnie wpisuje się w casual eleganckie stylizacje.	https://www.italy-shop.eu/Torba-Leather-Country-p106	https://www.italy-shop.eu/images/ly453/2000-3000/Torba-Leather-Country_%5B2408%5D_1200.jpg	Leather Country	740.00 PLN	in_stock	106	3032	Torebki	Beżowy			new	female	adult			https://www.italy-shop.eu/images/ly453/2000-3000/Torba-Leather-Country_%5B2404%5D_1200.jpg,https://www.italy-shop.eu/images/ly453/2000-3000/Torba-Leather-Country_%5B2405%5D_1200.jpg,https://www.italy-shop.eu/images/ly453/2000-3000/Torba-Leather-Country_%5B2407%5D_1200.jpg,https://www.italy-shop.eu/images/ly453/2000-3000/Torba-Leather-Country_%5B2408%5D_1200.jpg,https://www.italy-shop.eu/images/ly453/2000-3000/Torba-Leather-Country_%5B2409%5D_1200.jpg,https://www.italy-shop.eu/images/ly453/0-1000/Torba-Leather-Country_%5B684%5D_1200.jpg,https://www.italy-shop.eu/images/ly453/2000-3000/Torba-Leather-Country_%5B2410%5D_1200.jpg,https://www.italy-shop.eu/images/ly453/2000-3000/Torba-Leather-Country_%5B2411%5D_1200.jpg,https://www.italy-shop.eu/images/ly453/2000-3000/Torba-Leather-Country_%5B2412%5D_1200.jpg,https://www.italy-shop.eu/images/ly453/2000-3000/Torba-Leather-Country_%5B2413%5D_1200.jpg	other
106_48	Torba z plecionej skóry Leather Country	Torba hobo z charakterystycznego splotowego wzoru skóry w jasnobeżowym odcieniu. Miękka konstrukcja z podwójnymi uchwytami idealnie wpisuje się w casual eleganckie stylizacje.	https://www.italy-shop.eu/Torba-Leather-Country-p106	https://www.italy-shop.eu/images/ly453/2000-3000/Torba-Leather-Country_%5B2405%5D_1200.jpg	Leather Country	740.00 PLN	in_stock	106	3032	Torebki	Zielony			new	female	adult			https://www.italy-shop.eu/images/ly453/2000-3000/Torba-Leather-Country_%5B2404%5D_1200.jpg,https://www.italy-shop.eu/images/ly453/2000-3000/Torba-Leather-Country_%5B2405%5D_1200.jpg,https://www.italy-shop.eu/images/ly453/2000-3000/Torba-Leather-Country_%5B2407%5D_1200.jpg,https://www.italy-shop.eu/images/ly453/2000-3000/Torba-Leather-Country_%5B2408%5D_1200.jpg,https://www.italy-shop.eu/images/ly453/2000-3000/Torba-Leather-Country_%5B2409%5D_1200.jpg,https://www.italy-shop.eu/images/ly453/0-1000/Torba-Leather-Country_%5B684%5D_1200.jpg,https://www.italy-shop.eu/images/ly453/2000-3000/Torba-Leather-Country_%5B2410%5D_1200.jpg,https://www.italy-shop.eu/images/ly453/2000-3000/Torba-Leather-Country_%5B2411%5D_1200.jpg,https://www.italy-shop.eu/images/ly453/2000-3000/Torba-Leather-Country_%5B2412%5D_1200.jpg,https://www.italy-shop.eu/images/ly453/2000-3000/Torba-Leather-Country_%5B2413%5D_1200.jpg	other
106_59	Torba z plecionej skóry Leather Country	Torba hobo z charakterystycznego splotowego wzoru skóry w jasnobeżowym odcieniu. Miękka konstrukcja z podwójnymi uchwytami idealnie wpisuje się w casual eleganckie stylizacje.	https://www.italy-shop.eu/Torba-Leather-Country-p106	https://www.italy-shop.eu/images/ly453/2000-3000/Torba-Leather-Country_%5B2413%5D_1200.jpg	Leather Country	740.00 PLN	in_stock	106	3032	Torebki	Karmel			new	female	adult			https://www.italy-shop.eu/images/ly453/2000-3000/Torba-Leather-Country_%5B2404%5D_1200.jpg,https://www.italy-shop.eu/images/ly453/2000-3000/Torba-Leather-Country_%5B2405%5D_1200.jpg,https://www.italy-shop.eu/images/ly453/2000-3000/Torba-Leather-Country_%5B2407%5D_1200.jpg,https://www.italy-shop.eu/images/ly453/2000-3000/Torba-Leather-Country_%5B2408%5D_1200.jpg,https://www.italy-shop.eu/images/ly453/2000-3000/Torba-Leather-Country_%5B2409%5D_1200.jpg,https://www.italy-shop.eu/images/ly453/0-1000/Torba-Leather-Country_%5B684%5D_1200.jpg,https://www.italy-shop.eu/images/ly453/2000-3000/Torba-Leather-Country_%5B2410%5D_1200.jpg,https://www.italy-shop.eu/images/ly453/2000-3000/Torba-Leather-Country_%5B2411%5D_1200.jpg,https://www.italy-shop.eu/images/ly453/2000-3000/Torba-Leather-Country_%5B2412%5D_1200.jpg,https://www.italy-shop.eu/images/ly453/2000-3000/Torba-Leather-Country_%5B2413%5D_1200.jpg	other
106_61	Torba z plecionej skóry Leather Country	Torba hobo z charakterystycznego splotowego wzoru skóry w jasnobeżowym odcieniu. Miękka konstrukcja z podwójnymi uchwytami idealnie wpisuje się w casual eleganckie stylizacje.	https://www.italy-shop.eu/Torba-Leather-Country-p106	https://www.italy-shop.eu/images/ly453/2000-3000/Torba-Leather-Country_%5B2412%5D_1200.jpg	Leather Country	740.00 PLN	in_stock	106	3032	Torebki	Metalowy			new	female	adult			https://www.italy-shop.eu/images/ly453/2000-3000/Torba-Leather-Country_%5B2404%5D_1200.jpg,https://www.italy-shop.eu/images/ly453/2000-3000/Torba-Leather-Country_%5B2405%5D_1200.jpg,https://www.italy-shop.eu/images/ly453/2000-3000/Torba-Leather-Country_%5B2407%5D_1200.jpg,https://www.italy-shop.eu/images/ly453/2000-3000/Torba-Leather-Country_%5B2408%5D_1200.jpg,https://www.italy-shop.eu/images/ly453/2000-3000/Torba-Leather-Country_%5B2409%5D_1200.jpg,https://www.italy-shop.eu/images/ly453/0-1000/Torba-Leather-Country_%5B684%5D_1200.jpg,https://www.italy-shop.eu/images/ly453/2000-3000/Torba-Leather-Country_%5B2410%5D_1200.jpg,https://www.italy-shop.eu/images/ly453/2000-3000/Torba-Leather-Country_%5B2411%5D_1200.jpg,https://www.italy-shop.eu/images/ly453/2000-3000/Torba-Leather-Country_%5B2412%5D_1200.jpg,https://www.italy-shop.eu/images/ly453/2000-3000/Torba-Leather-Country_%5B2413%5D_1200.jpg	other
106_64	Torba z plecionej skóry Leather Country	Torba hobo z charakterystycznego splotowego wzoru skóry w jasnobeżowym odcieniu. Miękka konstrukcja z podwójnymi uchwytami idealnie wpisuje się w casual eleganckie stylizacje.	https://www.italy-shop.eu/Torba-Leather-Country-p106	https://www.italy-shop.eu/images/ly453/2000-3000/Torba-Leather-Country_%5B2412%5D_1200.jpg	Leather Country	740.00 PLN	in_stock	106	3032	Torebki	Złoty			new	female	adult			https://www.italy-shop.eu/images/ly453/2000-3000/Torba-Leather-Country_%5B2404%5D_1200.jpg,https://www.italy-shop.eu/images/ly453/2000-3000/Torba-Leather-Country_%5B2405%5D_1200.jpg,https://www.italy-shop.eu/images/ly453/2000-3000/Torba-Leather-Country_%5B2407%5D_1200.jpg,https://www.italy-shop.eu/images/ly453/2000-3000/Torba-Leather-Country_%5B2408%5D_1200.jpg,https://www.italy-shop.eu/images/ly453/2000-3000/Torba-Leather-Country_%5B2409%5D_1200.jpg,https://www.italy-shop.eu/images/ly453/0-1000/Torba-Leather-Country_%5B684%5D_1200.jpg,https://www.italy-shop.eu/images/ly453/2000-3000/Torba-Leather-Country_%5B2410%5D_1200.jpg,https://www.italy-shop.eu/images/ly453/2000-3000/Torba-Leather-Country_%5B2411%5D_1200.jpg,https://www.italy-shop.eu/images/ly453/2000-3000/Torba-Leather-Country_%5B2412%5D_1200.jpg,https://www.italy-shop.eu/images/ly453/2000-3000/Torba-Leather-Country_%5B2413%5D_1200.jpg	other
225_52_75	Torebka bagietka Leather Country	Torebka bagietka z włoskiej skóry naturalnej o gładkiej fakturze. Wydłużony kształt z podwójnymi uchwytami i złotymi okuciami. Dostępna w ośmiu kolorach.	https://www.italy-shop.eu/Torebka-bagietka-Leather-Country-p225	https://www.italy-shop.eu/images/ly453/6000-7000/Torebka-bagietka-Leather-Country_%5B6746%5D_1200.jpg	Leather Country	460.00 PLN	in_stock	225	3032	Torebki	Brązowy	Zamsz	M	new	female	adult			https://www.italy-shop.eu/images/ly453/6000-7000/Torebka-bagietka-Leather-Country_%5B6743%5D_1200.jpg,https://www.italy-shop.eu/images/ly453/6000-7000/Torebka-bagietka-Leather-Country_%5B6744%5D_1200.jpg,https://www.italy-shop.eu/images/ly453/6000-7000/Torebka-bagietka-Leather-Country_%5B6745%5D_1200.jpg,https://www.italy-shop.eu/images/ly453/6000-7000/Torebka-bagietka-Leather-Country_%5B6746%5D_1200.jpg,https://www.italy-shop.eu/images/ly453/6000-7000/Torebka-bagietka-Leather-Country_%5B6748%5D_1200.jpg,https://www.italy-shop.eu/images/ly453/6000-7000/Torebka-bagietka-Leather-Country_%5B6749%5D_1200.jpg,https://www.italy-shop.eu/images/ly453/6000-7000/Torebka-bagietka-Leather-Country_%5B6750%5D_1200.jpg,https://www.italy-shop.eu/images/ly453/6000-7000/Torebka-bagietka-Leather-Country_%5B6751%5D_1200.jpg,https://www.italy-shop.eu/images/ly453/6000-7000/Torebka-bagietka-Leather-Country_%5B6752%5D_1200.jpg,https://www.italy-shop.eu/images/ly453/6000-7000/Torebka-bagietka-Leather-Country_%5B6747%5D_1200.jpg	other
225_56_75	Torebka bagietka Leather Country	Torebka bagietka z włoskiej skóry naturalnej o gładkiej fakturze. Wydłużony kształt z podwójnymi uchwytami i złotymi okuciami. Dostępna w ośmiu kolorach.	https://www.italy-shop.eu/Torebka-bagietka-Leather-Country-p225	https://www.italy-shop.eu/images/ly453/6000-7000/Torebka-bagietka-Leather-Country_%5B6748%5D_1200.jpg	Leather Country	460.00 PLN	in_stock	225	3032	Torebki	Bordowy	Zamsz	M	new	female	adult			https://www.italy-shop.eu/images/ly453/6000-7000/Torebka-bagietka-Leather-Country_%5B6743%5D_1200.jpg,https://www.italy-shop.eu/images/ly453/6000-7000/Torebka-bagietka-Leather-Country_%5B6744%5D_1200.jpg,https://www.italy-shop.eu/images/ly453/6000-7000/Torebka-bagietka-Leather-Country_%5B6745%5D_1200.jpg,https://www.italy-shop.eu/images/ly453/6000-7000/Torebka-bagietka-Leather-Country_%5B6746%5D_1200.jpg,https://www.italy-shop.eu/images/ly453/6000-7000/Torebka-bagietka-Leather-Country_%5B6748%5D_1200.jpg,https://www.italy-shop.eu/images/ly453/6000-7000/Torebka-bagietka-Leather-Country_%5B6749%5D_1200.jpg,https://www.italy-shop.eu/images/ly453/6000-7000/Torebka-bagietka-Leather-Country_%5B6750%5D_1200.jpg,https://www.italy-shop.eu/images/ly453/6000-7000/Torebka-bagietka-Leather-Country_%5B6751%5D_1200.jpg,https://www.italy-shop.eu/images/ly453/6000-7000/Torebka-bagietka-Leather-Country_%5B6752%5D_1200.jpg,https://www.italy-shop.eu/images/ly453/6000-7000/Torebka-bagietka-Leather-Country_%5B6747%5D_1200.jpg	other
225_59_75	Torebka bagietka Leather Country	Torebka bagietka z włoskiej skóry naturalnej o gładkiej fakturze. Wydłużony kształt z podwójnymi uchwytami i złotymi okuciami. Dostępna w ośmiu kolorach.	https://www.italy-shop.eu/Torebka-bagietka-Leather-Country-p225	https://www.italy-shop.eu/images/ly453/6000-7000/Torebka-bagietka-Leather-Country_%5B6743%5D_1200.jpg	Leather Country	460.00 PLN	in_stock	225	3032	Torebki	Karmel	Zamsz	M	new	female	adult			https://www.italy-shop.eu/images/ly453/6000-7000/Torebka-bagietka-Leather-Country_%5B6743%5D_1200.jpg,https://www.italy-shop.eu/images/ly453/6000-7000/Torebka-bagietka-Leather-Country_%5B6744%5D_1200.jpg,https://www.italy-shop.eu/images/ly453/6000-7000/Torebka-bagietka-Leather-Country_%5B6745%5D_1200.jpg,https://www.italy-shop.eu/images/ly453/6000-7000/Torebka-bagietka-Leather-Country_%5B6746%5D_1200.jpg,https://www.italy-shop.eu/images/ly453/6000-7000/Torebka-bagietka-Leather-Country_%5B6748%5D_1200.jpg,https://www.italy-shop.eu/images/ly453/6000-7000/Torebka-bagietka-Leather-Country_%5B6749%5D_1200.jpg,https://www.italy-shop.eu/images/ly453/6000-7000/Torebka-bagietka-Leather-Country_%5B6750%5D_1200.jpg,https://www.italy-shop.eu/images/ly453/6000-7000/Torebka-bagietka-Leather-Country_%5B6751%5D_1200.jpg,https://www.italy-shop.eu/images/ly453/6000-7000/Torebka-bagietka-Leather-Country_%5B6752%5D_1200.jpg,https://www.italy-shop.eu/images/ly453/6000-7000/Torebka-bagietka-Leather-Country_%5B6747%5D_1200.jpg	other
225_65_75	Torebka bagietka Leather Country	Torebka bagietka z włoskiej skóry naturalnej o gładkiej fakturze. Wydłużony kształt z podwójnymi uchwytami i złotymi okuciami. Dostępna w ośmiu kolorach.	https://www.italy-shop.eu/Torebka-bagietka-Leather-Country-p225	https://www.italy-shop.eu/images/ly453/6000-7000/Torebka-bagietka-Leather-Country_%5B6747%5D_1200.jpg	Leather Country	460.00 PLN	in_stock	225	3032	Torebki	Cappuccino	Zamsz	M	new	female	adult			https://www.italy-shop.eu/images/ly453/6000-7000/Torebka-bagietka-Leather-Country_%5B6743%5D_1200.jpg,https://www.italy-shop.eu/images/ly453/6000-7000/Torebka-bagietka-Leather-Country_%5B6744%5D_1200.jpg,https://www.italy-shop.eu/images/ly453/6000-7000/Torebka-bagietka-Leather-Country_%5B6745%5D_1200.jpg,https://www.italy-shop.eu/images/ly453/6000-7000/Torebka-bagietka-Leather-Country_%5B6746%5D_1200.jpg,https://www.italy-shop.eu/images/ly453/6000-7000/Torebka-bagietka-Leather-Country_%5B6748%5D_1200.jpg,https://www.italy-shop.eu/images/ly453/6000-7000/Torebka-bagietka-Leather-Country_%5B6749%5D_1200.jpg,https://www.italy-shop.eu/images/ly453/6000-7000/Torebka-bagietka-Leather-Country_%5B6750%5D_1200.jpg,https://www.italy-shop.eu/images/ly453/6000-7000/Torebka-bagietka-Leather-Country_%5B6751%5D_1200.jpg,https://www.italy-shop.eu/images/ly453/6000-7000/Torebka-bagietka-Leather-Country_%5B6752%5D_1200.jpg,https://www.italy-shop.eu/images/ly453/6000-7000/Torebka-bagietka-Leather-Country_%5B6747%5D_1200.jpg	other
225_68_75	Torebka bagietka Leather Country	Torebka bagietka z włoskiej skóry naturalnej o gładkiej fakturze. Wydłużony kształt z podwójnymi uchwytami i złotymi okuciami. Dostępna w ośmiu kolorach.	https://www.italy-shop.eu/Torebka-bagietka-Leather-Country-p225	https://www.italy-shop.eu/images/ly453/6000-7000/Torebka-bagietka-Leather-Country_%5B6752%5D_1200.jpg	Leather Country	460.00 PLN	in_stock	225	3032	Torebki	Oliwkowy	Zamsz	M	new	female	adult			https://www.italy-shop.eu/images/ly453/6000-7000/Torebka-bagietka-Leather-Country_%5B6743%5D_1200.jpg,https://www.italy-shop.eu/images/ly453/6000-7000/Torebka-bagietka-Leather-Country_%5B6744%5D_1200.jpg,https://www.italy-shop.eu/images/ly453/6000-7000/Torebka-bagietka-Leather-Country_%5B6745%5D_1200.jpg,https://www.italy-shop.eu/images/ly453/6000-7000/Torebka-bagietka-Leather-Country_%5B6746%5D_1200.jpg,https://www.italy-shop.eu/images/ly453/6000-7000/Torebka-bagietka-Leather-Country_%5B6748%5D_1200.jpg,https://www.italy-shop.eu/images/ly453/6000-7000/Torebka-bagietka-Leather-Country_%5B6749%5D_1200.jpg,https://www.italy-shop.eu/images/ly453/6000-7000/Torebka-bagietka-Leather-Country_%5B6750%5D_1200.jpg,https://www.italy-shop.eu/images/ly453/6000-7000/Torebka-bagietka-Leather-Country_%5B6751%5D_1200.jpg,https://www.italy-shop.eu/images/ly453/6000-7000/Torebka-bagietka-Leather-Country_%5B6752%5D_1200.jpg,https://www.italy-shop.eu/images/ly453/6000-7000/Torebka-bagietka-Leather-Country_%5B6747%5D_1200.jpg	other
426_72_75	Torebka bagietka Leather Country — taupe	Torebka bagietka z włoskiej skóry naturalnej. Wydłużony kształt z podwójnymi uchwytami i złotymi okuciami. Kolor taupe.	https://www.italy-shop.eu/Torebka-bagietka-Leather-Country-taupe-p426	https://www.italy-shop.eu/images/ly453/6000-7000/Torebka-bagietka-Leather-Country-taupe_%5B6980%5D_1200.jpg	Leather Country	460.00 PLN	in_stock	426	3032	Torebki	Taupe	Zamsz	M	new	female	adult			https://www.italy-shop.eu/images/ly453/6000-7000/Torebka-bagietka-Leather-Country-taupe_%5B6981%5D_1200.jpg,https://www.italy-shop.eu/images/ly453/6000-7000/Torebka-bagietka-Leather-Country-taupe_%5B6982%5D_1200.jpg,https://www.italy-shop.eu/images/ly453/6000-7000/Torebka-bagietka-Leather-Country-taupe_%5B6983%5D_1200.jpg,https://www.italy-shop.eu/images/ly453/6000-7000/Torebka-bagietka-Leather-Country-taupe_%5B6984%5D_1200.jpg,https://www.italy-shop.eu/images/ly453/6000-7000/Torebka-bagietka-Leather-Country-taupe_%5B6985%5D_1200.jpg	other
137_45	Torebka Estate	Shopper z miękkiej skóry naturalnej i tkaniny w odcieniu beżu. Klasyczna forma z regulowanymi paskami, która nie wychodzi z mody.	https://www.italy-shop.eu/Torebka-Estate-p137	https://www.italy-shop.eu/images/ly453/2000-3000/Torebka-Estate_%5B2892%5D_1200.jpg	Leather Country	589.00 PLN	in_stock	137	3032	Torebki	Czarny			new	female	adult			https://www.italy-shop.eu/images/ly453/2000-3000/Torebka-Estate_%5B2887%5D_1200.jpg,https://www.italy-shop.eu/images/ly453/2000-3000/Torebka-Estate_%5B2888%5D_1200.jpg,https://www.italy-shop.eu/images/ly453/2000-3000/Torebka-Estate_%5B2889%5D_1200.jpg,https://www.italy-shop.eu/images/ly453/2000-3000/Torebka-Estate_%5B2890%5D_1200.jpg,https://www.italy-shop.eu/images/ly453/2000-3000/Torebka-Estate_%5B2891%5D_1200.jpg,https://www.italy-shop.eu/images/ly453/2000-3000/Torebka-Estate_%5B2892%5D_1200.jpg,https://www.italy-shop.eu/images/ly453/2000-3000/Torebka-Estate_%5B2893%5D_1200.jpg,https://www.italy-shop.eu/images/ly453/2000-3000/Torebka-Estate_%5B2894%5D_1200.jpg	other
137_47	Torebka Estate	Shopper z miękkiej skóry naturalnej i tkaniny w odcieniu beżu. Klasyczna forma z regulowanymi paskami, która nie wychodzi z mody.	https://www.italy-shop.eu/Torebka-Estate-p137	https://www.italy-shop.eu/images/ly453/2000-3000/Torebka-Estate_%5B2887%5D_1200.jpg	Leather Country	589.00 PLN	in_stock	137	3032	Torebki	Beżowy			new	female	adult			https://www.italy-shop.eu/images/ly453/2000-3000/Torebka-Estate_%5B2887%5D_1200.jpg,https://www.italy-shop.eu/images/ly453/2000-3000/Torebka-Estate_%5B2888%5D_1200.jpg,https://www.italy-shop.eu/images/ly453/2000-3000/Torebka-Estate_%5B2889%5D_1200.jpg,https://www.italy-shop.eu/images/ly453/2000-3000/Torebka-Estate_%5B2890%5D_1200.jpg,https://www.italy-shop.eu/images/ly453/2000-3000/Torebka-Estate_%5B2891%5D_1200.jpg,https://www.italy-shop.eu/images/ly453/2000-3000/Torebka-Estate_%5B2892%5D_1200.jpg,https://www.italy-shop.eu/images/ly453/2000-3000/Torebka-Estate_%5B2893%5D_1200.jpg,https://www.italy-shop.eu/images/ly453/2000-3000/Torebka-Estate_%5B2894%5D_1200.jpg	other
137_52	Torebka Estate	Shopper z miękkiej skóry naturalnej i tkaniny w odcieniu beżu. Klasyczna forma z regulowanymi paskami, która nie wychodzi z mody.	https://www.italy-shop.eu/Torebka-Estate-p137	https://www.italy-shop.eu/images/ly453/2000-3000/Torebka-Estate_%5B2894%5D_1200.jpg	Leather Country	589.00 PLN	in_stock	137	3032	Torebki	Brązowy			new	female	adult			https://www.italy-shop.eu/images/ly453/2000-3000/Torebka-Estate_%5B2887%5D_1200.jpg,https://www.italy-shop.eu/images/ly453/2000-3000/Torebka-Estate_%5B2888%5D_1200.jpg,https://www.italy-shop.eu/images/ly453/2000-3000/Torebka-Estate_%5B2889%5D_1200.jpg,https://www.italy-shop.eu/images/ly453/2000-3000/Torebka-Estate_%5B2890%5D_1200.jpg,https://www.italy-shop.eu/images/ly453/2000-3000/Torebka-Estate_%5B2891%5D_1200.jpg,https://www.italy-shop.eu/images/ly453/2000-3000/Torebka-Estate_%5B2892%5D_1200.jpg,https://www.italy-shop.eu/images/ly453/2000-3000/Torebka-Estate_%5B2893%5D_1200.jpg,https://www.italy-shop.eu/images/ly453/2000-3000/Torebka-Estate_%5B2894%5D_1200.jpg	other
427_52	Torebka kopertówka Leather Country — brązowa	Kopertówka skórzana z charakterystycznym plecionym wzorem. Metalowy zamek z uchwytem i długi pasek na ramię. Kolor brązowy.	https://www.italy-shop.eu/Torebka-kopertowka-Leather-Country-brazowa-p427	https://www.italy-shop.eu/images/ly453/6000-7000/Torebka-kopertowka-Leather-Country-brazowa_%5B6986%5D_1200.jpg	Leather Country	479.00 PLN	in_stock	427	3032	Torebki	Brązowy			new	female	adult			https://www.italy-shop.eu/images/ly453/6000-7000/Torebka-kopertowka-Leather-Country-brazowa_%5B6987%5D_1200.jpg,https://www.italy-shop.eu/images/ly453/6000-7000/Torebka-kopertowka-Leather-Country-brazowa_%5B6988%5D_1200.jpg	other
160_45	Torebka La Sfida	Mała torebka z miękkiej skóry naturalnej w stylu motocyklowym. Liczne ćwieki i metalowe detale nadają jej rockowy charakter. Kompaktowy rozmiar idealny na najważniejsze rzeczy.	https://www.italy-shop.eu/Torebka-La-Sfida-p160	https://www.italy-shop.eu/images/ly453/2000-3000/Torebka-La-Sfida_%5B2223%5D_1200.jpg	Leather Country	529.00 PLN	in_stock	160	3032	Torebki	Czarny			new	female	adult			https://www.italy-shop.eu/images/ly453/0-1000/Torebka-La-Sfida_%5B916%5D_1200.jpg,https://www.italy-shop.eu/images/ly453/0-1000/Torebka-La-Sfida_%5B918%5D_1200.jpg,https://www.italy-shop.eu/images/ly453/0-1000/Torebka-La-Sfida_%5B919%5D_1200.jpg,https://www.italy-shop.eu/images/ly453/2000-3000/Torebka-La-Sfida_%5B2224%5D_1200.jpg,https://www.italy-shop.eu/images/ly453/2000-3000/Torebka-La-Sfida_%5B2225%5D_1200.jpg	other
160_46	Torebka La Sfida	Mała torebka z miękkiej skóry naturalnej w stylu motocyklowym. Liczne ćwieki i metalowe detale nadają jej rockowy charakter. Kompaktowy rozmiar idealny na najważniejsze rzeczy.	https://www.italy-shop.eu/Torebka-La-Sfida-p160	https://www.italy-shop.eu/images/ly453/2000-3000/Torebka-La-Sfida_%5B2223%5D_1200.jpg	Leather Country	529.00 PLN	in_stock	160	3032	Torebki	Biały			new	female	adult			https://www.italy-shop.eu/images/ly453/0-1000/Torebka-La-Sfida_%5B916%5D_1200.jpg,https://www.italy-shop.eu/images/ly453/0-1000/Torebka-La-Sfida_%5B918%5D_1200.jpg,https://www.italy-shop.eu/images/ly453/0-1000/Torebka-La-Sfida_%5B919%5D_1200.jpg,https://www.italy-shop.eu/images/ly453/2000-3000/Torebka-La-Sfida_%5B2224%5D_1200.jpg,https://www.italy-shop.eu/images/ly453/2000-3000/Torebka-La-Sfida_%5B2225%5D_1200.jpg	other
160_47	Torebka La Sfida	Mała torebka z miękkiej skóry naturalnej w stylu motocyklowym. Liczne ćwieki i metalowe detale nadają jej rockowy charakter. Kompaktowy rozmiar idealny na najważniejsze rzeczy.	https://www.italy-shop.eu/Torebka-La-Sfida-p160	https://www.italy-shop.eu/images/ly453/2000-3000/Torebka-La-Sfida_%5B2223%5D_1200.jpg	Leather Country	529.00 PLN	in_stock	160	3032	Torebki	Beżowy			new	female	adult			https://www.italy-shop.eu/images/ly453/0-1000/Torebka-La-Sfida_%5B916%5D_1200.jpg,https://www.italy-shop.eu/images/ly453/0-1000/Torebka-La-Sfida_%5B918%5D_1200.jpg,https://www.italy-shop.eu/images/ly453/0-1000/Torebka-La-Sfida_%5B919%5D_1200.jpg,https://www.italy-shop.eu/images/ly453/2000-3000/Torebka-La-Sfida_%5B2224%5D_1200.jpg,https://www.italy-shop.eu/images/ly453/2000-3000/Torebka-La-Sfida_%5B2225%5D_1200.jpg	other
160_49	Torebka La Sfida	Mała torebka z miękkiej skóry naturalnej w stylu motocyklowym. Liczne ćwieki i metalowe detale nadają jej rockowy charakter. Kompaktowy rozmiar idealny na najważniejsze rzeczy.	https://www.italy-shop.eu/Torebka-La-Sfida-p160	https://www.italy-shop.eu/images/ly453/2000-3000/Torebka-La-Sfida_%5B2223%5D_1200.jpg	Leather Country	529.00 PLN	in_stock	160	3032	Torebki	Czerwony			new	female	adult			https://www.italy-shop.eu/images/ly453/0-1000/Torebka-La-Sfida_%5B916%5D_1200.jpg,https://www.italy-shop.eu/images/ly453/0-1000/Torebka-La-Sfida_%5B918%5D_1200.jpg,https://www.italy-shop.eu/images/ly453/0-1000/Torebka-La-Sfida_%5B919%5D_1200.jpg,https://www.italy-shop.eu/images/ly453/2000-3000/Torebka-La-Sfida_%5B2224%5D_1200.jpg,https://www.italy-shop.eu/images/ly453/2000-3000/Torebka-La-Sfida_%5B2225%5D_1200.jpg	other
160_58	Torebka La Sfida	Mała torebka z miękkiej skóry naturalnej w stylu motocyklowym. Liczne ćwieki i metalowe detale nadają jej rockowy charakter. Kompaktowy rozmiar idealny na najważniejsze rzeczy.	https://www.italy-shop.eu/Torebka-La-Sfida-p160	https://www.italy-shop.eu/images/ly453/2000-3000/Torebka-La-Sfida_%5B2223%5D_1200.jpg	Leather Country	529.00 PLN	in_stock	160	3032	Torebki	Szary			new	female	adult			https://www.italy-shop.eu/images/ly453/0-1000/Torebka-La-Sfida_%5B916%5D_1200.jpg,https://www.italy-shop.eu/images/ly453/0-1000/Torebka-La-Sfida_%5B918%5D_1200.jpg,https://www.italy-shop.eu/images/ly453/0-1000/Torebka-La-Sfida_%5B919%5D_1200.jpg,https://www.italy-shop.eu/images/ly453/2000-3000/Torebka-La-Sfida_%5B2224%5D_1200.jpg,https://www.italy-shop.eu/images/ly453/2000-3000/Torebka-La-Sfida_%5B2225%5D_1200.jpg	other
308_45	Torebka Leather Country	Torebka typu clutch ze skóry naturalnej z charakterystycznym splotem. Wąska forma z dopasowanym paskiem na ramię, złote okucia. Dostępna w trzech klasycznych kolorach.	https://www.italy-shop.eu/Torebka-Leather-Country-p308	https://www.italy-shop.eu/images/ly453/6000-7000/Torebka-Leather-Country_%5B6394%5D_1200.jpg	Leather Country	479.00 PLN	in_stock	308	3032	Torebki	Czarny			new	female	adult			https://www.italy-shop.eu/images/ly453/6000-7000/Torebka-Leather-Country_%5B6393%5D_1200.jpg,https://www.italy-shop.eu/images/ly453/5000-6000/Torebka-Leather-Country_%5B5783%5D_1200.jpg,https://www.italy-shop.eu/images/ly453/5000-6000/Torebka-Leather-Country_%5B5786%5D_1200.jpg,https://www.italy-shop.eu/images/ly453/5000-6000/Torebka-Leather-Country_%5B5784%5D_1200.jpg,https://www.italy-shop.eu/images/ly453/5000-6000/Torebka-Leather-Country_%5B5785%5D_1200.jpg,https://www.italy-shop.eu/images/ly453/5000-6000/Torebka-Leather-Country_%5B5649%5D_1200.jpg,https://www.italy-shop.eu/images/ly453/5000-6000/Torebka-Leather-Country_%5B5657%5D_1200.jpg,https://www.italy-shop.eu/images/ly453/5000-6000/Torebka-Leather-Country_%5B5666%5D_1200.jpg,https://www.italy-shop.eu/images/ly453/5000-6000/Torebka-Leather-Country_%5B5667%5D_1200.jpg	other
308_46	Torebka Leather Country	Torebka typu clutch ze skóry naturalnej z charakterystycznym splotem. Wąska forma z dopasowanym paskiem na ramię, złote okucia. Dostępna w trzech klasycznych kolorach.	https://www.italy-shop.eu/Torebka-Leather-Country-p308	https://www.italy-shop.eu/images/ly453/5000-6000/Torebka-Leather-Country_%5B5785%5D_1200.jpg	Leather Country	479.00 PLN	in_stock	308	3032	Torebki	Biały			new	female	adult			https://www.italy-shop.eu/images/ly453/6000-7000/Torebka-Leather-Country_%5B6393%5D_1200.jpg,https://www.italy-shop.eu/images/ly453/5000-6000/Torebka-Leather-Country_%5B5783%5D_1200.jpg,https://www.italy-shop.eu/images/ly453/5000-6000/Torebka-Leather-Country_%5B5786%5D_1200.jpg,https://www.italy-shop.eu/images/ly453/5000-6000/Torebka-Leather-Country_%5B5784%5D_1200.jpg,https://www.italy-shop.eu/images/ly453/5000-6000/Torebka-Leather-Country_%5B5785%5D_1200.jpg,https://www.italy-shop.eu/images/ly453/5000-6000/Torebka-Leather-Country_%5B5649%5D_1200.jpg,https://www.italy-shop.eu/images/ly453/5000-6000/Torebka-Leather-Country_%5B5657%5D_1200.jpg,https://www.italy-shop.eu/images/ly453/5000-6000/Torebka-Leather-Country_%5B5666%5D_1200.jpg,https://www.italy-shop.eu/images/ly453/5000-6000/Torebka-Leather-Country_%5B5667%5D_1200.jpg	other
308_59	Torebka Leather Country	Torebka typu clutch ze skóry naturalnej z charakterystycznym splotem. Wąska forma z dopasowanym paskiem na ramię, złote okucia. Dostępna w trzech klasycznych kolorach.	https://www.italy-shop.eu/Torebka-Leather-Country-p308	https://www.italy-shop.eu/images/ly453/6000-7000/Torebka-Leather-Country_%5B6394%5D_1200.jpg	Leather Country	479.00 PLN	in_stock	308	3032	Torebki	Karmel			new	female	adult			https://www.italy-shop.eu/images/ly453/6000-7000/Torebka-Leather-Country_%5B6393%5D_1200.jpg,https://www.italy-shop.eu/images/ly453/5000-6000/Torebka-Leather-Country_%5B5783%5D_1200.jpg,https://www.italy-shop.eu/images/ly453/5000-6000/Torebka-Leather-Country_%5B5786%5D_1200.jpg,https://www.italy-shop.eu/images/ly453/5000-6000/Torebka-Leather-Country_%5B5784%5D_1200.jpg,https://www.italy-shop.eu/images/ly453/5000-6000/Torebka-Leather-Country_%5B5785%5D_1200.jpg,https://www.italy-shop.eu/images/ly453/5000-6000/Torebka-Leather-Country_%5B5649%5D_1200.jpg,https://www.italy-shop.eu/images/ly453/5000-6000/Torebka-Leather-Country_%5B5657%5D_1200.jpg,https://www.italy-shop.eu/images/ly453/5000-6000/Torebka-Leather-Country_%5B5666%5D_1200.jpg,https://www.italy-shop.eu/images/ly453/5000-6000/Torebka-Leather-Country_%5B5667%5D_1200.jpg	other
309_46	Torebka Leather Country	Miękka torebka typu hobo z zamszowej skóry naturalnej w odcieniu beżu. Charakterystyczny pleciony wzór nadaje jej rzemieślniczy charakter. Miękka konstrukcja z komfortowym uchwytem na ramię.	https://www.italy-shop.eu/Torebka-Leather-Country-p309	https://www.italy-shop.eu/images/ly453/6000-7000/Torebka-Leather-Country_%5B6187%5D_1200.jpg	Leather Country	545.00 PLN	in_stock	309	3032	Torebki	Biały			new	female	adult			https://www.italy-shop.eu/images/ly453/6000-7000/Torebka-Leather-Country_%5B6186%5D_1200.jpg,https://www.italy-shop.eu/images/ly453/6000-7000/Torebka-Leather-Country_%5B6189%5D_1200.jpg,https://www.italy-shop.eu/images/ly453/6000-7000/Torebka-Leather-Country_%5B6187%5D_1200.jpg,https://www.italy-shop.eu/images/ly453/6000-7000/Torebka-Leather-Country_%5B6554%5D_1200.jpg,https://www.italy-shop.eu/images/ly453/6000-7000/Torebka-Leather-Country_%5B6188%5D_1200.jpg,https://www.italy-shop.eu/images/ly453/6000-7000/Torebka-Leather-Country_%5B6191%5D_1200.jpg,https://www.italy-shop.eu/images/ly453/5000-6000/Torebka-Leather-Country_%5B5671%5D_1200.jpg,https://www.italy-shop.eu/images/ly453/5000-6000/Torebka-Leather-Country_%5B5672%5D_1200.jpg,https://www.italy-shop.eu/images/ly453/5000-6000/Torebka-Leather-Country_%5B5782%5D_1200.jpg,https://www.italy-shop.eu/images/ly453/5000-6000/Torebka-Leather-Country_%5B5781%5D_1200.jpg	other
309_72	Torebka Leather Country	Miękka torebka typu hobo z zamszowej skóry naturalnej w odcieniu beżu. Charakterystyczny pleciony wzór nadaje jej rzemieślniczy charakter. Miękka konstrukcja z komfortowym uchwytem na ramię.	https://www.italy-shop.eu/Torebka-Leather-Country-p309	https://www.italy-shop.eu/images/ly453/5000-6000/Torebka-Leather-Country_%5B5782%5D_1200.jpg	Leather Country	545.00 PLN	in_stock	309	3032	Torebki	Taupe			new	female	adult			https://www.italy-shop.eu/images/ly453/6000-7000/Torebka-Leather-Country_%5B6186%5D_1200.jpg,https://www.italy-shop.eu/images/ly453/6000-7000/Torebka-Leather-Country_%5B6189%5D_1200.jpg,https://www.italy-shop.eu/images/ly453/6000-7000/Torebka-Leather-Country_%5B6187%5D_1200.jpg,https://www.italy-shop.eu/images/ly453/6000-7000/Torebka-Leather-Country_%5B6554%5D_1200.jpg,https://www.italy-shop.eu/images/ly453/6000-7000/Torebka-Leather-Country_%5B6188%5D_1200.jpg,https://www.italy-shop.eu/images/ly453/6000-7000/Torebka-Leather-Country_%5B6191%5D_1200.jpg,https://www.italy-shop.eu/images/ly453/5000-6000/Torebka-Leather-Country_%5B5671%5D_1200.jpg,https://www.italy-shop.eu/images/ly453/5000-6000/Torebka-Leather-Country_%5B5672%5D_1200.jpg,https://www.italy-shop.eu/images/ly453/5000-6000/Torebka-Leather-Country_%5B5782%5D_1200.jpg,https://www.italy-shop.eu/images/ly453/5000-6000/Torebka-Leather-Country_%5B5781%5D_1200.jpg	other
69_45	Torebka Leather Country	Miękka torebka worek ze skóry naturalnej w kolorze pudrowego różu. Ziarnista faktura, ściągana sznurkiem, długi regulowany pasek. Klasyczny fason na co dzień.	https://www.italy-shop.eu/Torebka-Leather-Country-p69	https://www.italy-shop.eu/images/ly453/5000-6000/Torebka-Leather-Country_%5B5636%5D_1200.jpg	Leather Country	423.00 PLN	in_stock	69	3032	Torebki	Czarny			new	female	adult			https://www.italy-shop.eu/images/ly453/5000-6000/Torebka-Leather-Country_%5B5626%5D_1200.jpg,https://www.italy-shop.eu/images/ly453/5000-6000/Torebka-Leather-Country_%5B5627%5D_1200.jpg,https://www.italy-shop.eu/images/ly453/5000-6000/Torebka-Leather-Country_%5B5628%5D_1200.jpg,https://www.italy-shop.eu/images/ly453/5000-6000/Torebka-Leather-Country_%5B5629%5D_1200.jpg,https://www.italy-shop.eu/images/ly453/5000-6000/Torebka-Leather-Country_%5B5630%5D_1200.jpg,https://www.italy-shop.eu/images/ly453/5000-6000/Torebka-Leather-Country_%5B5631%5D_1200.jpg,https://www.italy-shop.eu/images/ly453/5000-6000/Torebka-Leather-Country_%5B5632%5D_1200.jpg,https://www.italy-shop.eu/images/ly453/5000-6000/Torebka-Leather-Country_%5B5633%5D_1200.jpg,https://www.italy-shop.eu/images/ly453/5000-6000/Torebka-Leather-Country_%5B5634%5D_1200.jpg,https://www.italy-shop.eu/images/ly453/5000-6000/Torebka-Leather-Country_%5B5635%5D_1200.jpg	other
69_47	Torebka Leather Country	Miękka torebka worek ze skóry naturalnej w kolorze pudrowego różu. Ziarnista faktura, ściągana sznurkiem, długi regulowany pasek. Klasyczny fason na co dzień.	https://www.italy-shop.eu/Torebka-Leather-Country-p69	https://www.italy-shop.eu/images/ly453/5000-6000/Torebka-Leather-Country_%5B5626%5D_1200.jpg	Leather Country	423.00 PLN	in_stock	69	3032	Torebki	Beżowy			new	female	adult			https://www.italy-shop.eu/images/ly453/5000-6000/Torebka-Leather-Country_%5B5626%5D_1200.jpg,https://www.italy-shop.eu/images/ly453/5000-6000/Torebka-Leather-Country_%5B5627%5D_1200.jpg,https://www.italy-shop.eu/images/ly453/5000-6000/Torebka-Leather-Country_%5B5628%5D_1200.jpg,https://www.italy-shop.eu/images/ly453/5000-6000/Torebka-Leather-Country_%5B5629%5D_1200.jpg,https://www.italy-shop.eu/images/ly453/5000-6000/Torebka-Leather-Country_%5B5630%5D_1200.jpg,https://www.italy-shop.eu/images/ly453/5000-6000/Torebka-Leather-Country_%5B5631%5D_1200.jpg,https://www.italy-shop.eu/images/ly453/5000-6000/Torebka-Leather-Country_%5B5632%5D_1200.jpg,https://www.italy-shop.eu/images/ly453/5000-6000/Torebka-Leather-Country_%5B5633%5D_1200.jpg,https://www.italy-shop.eu/images/ly453/5000-6000/Torebka-Leather-Country_%5B5634%5D_1200.jpg,https://www.italy-shop.eu/images/ly453/5000-6000/Torebka-Leather-Country_%5B5635%5D_1200.jpg	other
69_51	Torebka Leather Country	Miękka torebka worek ze skóry naturalnej w kolorze pudrowego różu. Ziarnista faktura, ściągana sznurkiem, długi regulowany pasek. Klasyczny fason na co dzień.	https://www.italy-shop.eu/Torebka-Leather-Country-p69	https://www.italy-shop.eu/images/ly453/5000-6000/Torebka-Leather-Country_%5B5634%5D_1200.jpg	Leather Country	423.00 PLN	in_stock	69	3032	Torebki	Cytrynowy			new	female	adult			https://www.italy-shop.eu/images/ly453/5000-6000/Torebka-Leather-Country_%5B5626%5D_1200.jpg,https://www.italy-shop.eu/images/ly453/5000-6000/Torebka-Leather-Country_%5B5627%5D_1200.jpg,https://www.italy-shop.eu/images/ly453/5000-6000/Torebka-Leather-Country_%5B5628%5D_1200.jpg,https://www.italy-shop.eu/images/ly453/5000-6000/Torebka-Leather-Country_%5B5629%5D_1200.jpg,https://www.italy-shop.eu/images/ly453/5000-6000/Torebka-Leather-Country_%5B5630%5D_1200.jpg,https://www.italy-shop.eu/images/ly453/5000-6000/Torebka-Leather-Country_%5B5631%5D_1200.jpg,https://www.italy-shop.eu/images/ly453/5000-6000/Torebka-Leather-Country_%5B5632%5D_1200.jpg,https://www.italy-shop.eu/images/ly453/5000-6000/Torebka-Leather-Country_%5B5633%5D_1200.jpg,https://www.italy-shop.eu/images/ly453/5000-6000/Torebka-Leather-Country_%5B5634%5D_1200.jpg,https://www.italy-shop.eu/images/ly453/5000-6000/Torebka-Leather-Country_%5B5635%5D_1200.jpg	other
69_53	Torebka Leather Country	Miękka torebka worek ze skóry naturalnej w kolorze pudrowego różu. Ziarnista faktura, ściągana sznurkiem, długi regulowany pasek. Klasyczny fason na co dzień.	https://www.italy-shop.eu/Torebka-Leather-Country-p69	https://www.italy-shop.eu/images/ly453/5000-6000/Torebka-Leather-Country_%5B5631%5D_1200.jpg	Leather Country	423.00 PLN	in_stock	69	3032	Torebki	Różowy			new	female	adult			https://www.italy-shop.eu/images/ly453/5000-6000/Torebka-Leather-Country_%5B5626%5D_1200.jpg,https://www.italy-shop.eu/images/ly453/5000-6000/Torebka-Leather-Country_%5B5627%5D_1200.jpg,https://www.italy-shop.eu/images/ly453/5000-6000/Torebka-Leather-Country_%5B5628%5D_1200.jpg,https://www.italy-shop.eu/images/ly453/5000-6000/Torebka-Leather-Country_%5B5629%5D_1200.jpg,https://www.italy-shop.eu/images/ly453/5000-6000/Torebka-Leather-Country_%5B5630%5D_1200.jpg,https://www.italy-shop.eu/images/ly453/5000-6000/Torebka-Leather-Country_%5B5631%5D_1200.jpg,https://www.italy-shop.eu/images/ly453/5000-6000/Torebka-Leather-Country_%5B5632%5D_1200.jpg,https://www.italy-shop.eu/images/ly453/5000-6000/Torebka-Leather-Country_%5B5633%5D_1200.jpg,https://www.italy-shop.eu/images/ly453/5000-6000/Torebka-Leather-Country_%5B5634%5D_1200.jpg,https://www.italy-shop.eu/images/ly453/5000-6000/Torebka-Leather-Country_%5B5635%5D_1200.jpg	other
69_56	Torebka Leather Country	Miękka torebka worek ze skóry naturalnej w kolorze pudrowego różu. Ziarnista faktura, ściągana sznurkiem, długi regulowany pasek. Klasyczny fason na co dzień.	https://www.italy-shop.eu/Torebka-Leather-Country-p69	https://www.italy-shop.eu/images/ly453/6000-7000/Torebka-Leather-Country_%5B6805%5D_1200.jpg	Leather Country	423.00 PLN	in_stock	69	3032	Torebki	Bordowy			new	female	adult			https://www.italy-shop.eu/images/ly453/5000-6000/Torebka-Leather-Country_%5B5626%5D_1200.jpg,https://www.italy-shop.eu/images/ly453/5000-6000/Torebka-Leather-Country_%5B5627%5D_1200.jpg,https://www.italy-shop.eu/images/ly453/5000-6000/Torebka-Leather-Country_%5B5628%5D_1200.jpg,https://www.italy-shop.eu/images/ly453/5000-6000/Torebka-Leather-Country_%5B5629%5D_1200.jpg,https://www.italy-shop.eu/images/ly453/5000-6000/Torebka-Leather-Country_%5B5630%5D_1200.jpg,https://www.italy-shop.eu/images/ly453/5000-6000/Torebka-Leather-Country_%5B5631%5D_1200.jpg,https://www.italy-shop.eu/images/ly453/5000-6000/Torebka-Leather-Country_%5B5632%5D_1200.jpg,https://www.italy-shop.eu/images/ly453/5000-6000/Torebka-Leather-Country_%5B5633%5D_1200.jpg,https://www.italy-shop.eu/images/ly453/5000-6000/Torebka-Leather-Country_%5B5634%5D_1200.jpg,https://www.italy-shop.eu/images/ly453/5000-6000/Torebka-Leather-Country_%5B5635%5D_1200.jpg	other
69_68	Torebka Leather Country	Miękka torebka worek ze skóry naturalnej w kolorze pudrowego różu. Ziarnista faktura, ściągana sznurkiem, długi regulowany pasek. Klasyczny fason na co dzień.	https://www.italy-shop.eu/Torebka-Leather-Country-p69	https://www.italy-shop.eu/images/ly453/6000-7000/Torebka-Leather-Country_%5B6809%5D_1200.jpg	Leather Country	423.00 PLN	in_stock	69	3032	Torebki	Oliwkowy			new	female	adult			https://www.italy-shop.eu/images/ly453/5000-6000/Torebka-Leather-Country_%5B5626%5D_1200.jpg,https://www.italy-shop.eu/images/ly453/5000-6000/Torebka-Leather-Country_%5B5627%5D_1200.jpg,https://www.italy-shop.eu/images/ly453/5000-6000/Torebka-Leather-Country_%5B5628%5D_1200.jpg,https://www.italy-shop.eu/images/ly453/5000-6000/Torebka-Leather-Country_%5B5629%5D_1200.jpg,https://www.italy-shop.eu/images/ly453/5000-6000/Torebka-Leather-Country_%5B5630%5D_1200.jpg,https://www.italy-shop.eu/images/ly453/5000-6000/Torebka-Leather-Country_%5B5631%5D_1200.jpg,https://www.italy-shop.eu/images/ly453/5000-6000/Torebka-Leather-Country_%5B5632%5D_1200.jpg,https://www.italy-shop.eu/images/ly453/5000-6000/Torebka-Leather-Country_%5B5633%5D_1200.jpg,https://www.italy-shop.eu/images/ly453/5000-6000/Torebka-Leather-Country_%5B5634%5D_1200.jpg,https://www.italy-shop.eu/images/ly453/5000-6000/Torebka-Leather-Country_%5B5635%5D_1200.jpg	other
72_52	Torebka Leather Country	Klasyczna torebka z miękkiej skóry naturalnej w eleganckich odcieniach ziemi. Prosty fason z funkcjonalnym wnętrzem i złotymi okuciami. Regulowany pasek pozwala nosić na ramieniu lub w dłoni.	https://www.italy-shop.eu/Torebka-Leather-Country-p72	https://www.italy-shop.eu/images/ly453/7000-8000/Torebka-Leather-Country_%5B7137%5D_1200.jpg	Leather Country	660.00 PLN	in_stock	72	3032	Torebki	Brązowy			new	female	adult	594.00 PLN	2026-09-17T00:00:00+02:00/2026-09-24T00:00:00+02:00	https://www.italy-shop.eu/images/ly453/7000-8000/Torebka-Leather-Country_%5B7137%5D_1200.jpg,https://www.italy-shop.eu/images/ly453/7000-8000/Torebka-Leather-Country_%5B7138%5D_1200.jpg	other
97_45	Torebka Leather Country	Okrągła torebka typu hobo z miękkiej, ziarnistej skóry naturalnej w kolorze czekolady. Regulowany pasek na ramię i minimalistyczne okucia tworzą uniwersalny model do codziennych stylizacji.	https://www.italy-shop.eu/Torebka-Leather-Country-p97	https://www.italy-shop.eu/images/ly453/2000-3000/Torebka-Leather-Country_%5B2465%5D_1200.jpg	Leather Country	535.00 PLN	in_stock	97	3032	Torebki	Czarny			new	female	adult			https://www.italy-shop.eu/images/ly453/2000-3000/Torebka-Leather-Country_%5B2462%5D_1200.jpg,https://www.italy-shop.eu/images/ly453/2000-3000/Torebka-Leather-Country_%5B2463%5D_1200.jpg,https://www.italy-shop.eu/images/ly453/2000-3000/Torebka-Leather-Country_%5B2464%5D_1200.jpg,https://www.italy-shop.eu/images/ly453/2000-3000/Torebka-Leather-Country_%5B2465%5D_1200.jpg,https://www.italy-shop.eu/images/ly453/2000-3000/Torebka-Leather-Country_%5B2466%5D_1200.jpg,https://www.italy-shop.eu/images/ly453/2000-3000/Torebka-Leather-Country_%5B2467%5D_1200.jpg	other
97_49	Torebka Leather Country	Okrągła torebka typu hobo z miękkiej, ziarnistej skóry naturalnej w kolorze czekolady. Regulowany pasek na ramię i minimalistyczne okucia tworzą uniwersalny model do codziennych stylizacji.	https://www.italy-shop.eu/Torebka-Leather-Country-p97	https://www.italy-shop.eu/images/ly453/2000-3000/Torebka-Leather-Country_%5B2466%5D_1200.jpg	Leather Country	535.00 PLN	in_stock	97	3032	Torebki	Czerwony			new	female	adult			https://www.italy-shop.eu/images/ly453/2000-3000/Torebka-Leather-Country_%5B2462%5D_1200.jpg,https://www.italy-shop.eu/images/ly453/2000-3000/Torebka-Leather-Country_%5B2463%5D_1200.jpg,https://www.italy-shop.eu/images/ly453/2000-3000/Torebka-Leather-Country_%5B2464%5D_1200.jpg,https://www.italy-shop.eu/images/ly453/2000-3000/Torebka-Leather-Country_%5B2465%5D_1200.jpg,https://www.italy-shop.eu/images/ly453/2000-3000/Torebka-Leather-Country_%5B2466%5D_1200.jpg,https://www.italy-shop.eu/images/ly453/2000-3000/Torebka-Leather-Country_%5B2467%5D_1200.jpg	other
97_52	Torebka Leather Country	Okrągła torebka typu hobo z miękkiej, ziarnistej skóry naturalnej w kolorze czekolady. Regulowany pasek na ramię i minimalistyczne okucia tworzą uniwersalny model do codziennych stylizacji.	https://www.italy-shop.eu/Torebka-Leather-Country-p97	https://www.italy-shop.eu/images/ly453/2000-3000/Torebka-Leather-Country_%5B2462%5D_1200.jpg	Leather Country	535.00 PLN	in_stock	97	3032	Torebki	Brązowy			new	female	adult			https://www.italy-shop.eu/images/ly453/2000-3000/Torebka-Leather-Country_%5B2462%5D_1200.jpg,https://www.italy-shop.eu/images/ly453/2000-3000/Torebka-Leather-Country_%5B2463%5D_1200.jpg,https://www.italy-shop.eu/images/ly453/2000-3000/Torebka-Leather-Country_%5B2464%5D_1200.jpg,https://www.italy-shop.eu/images/ly453/2000-3000/Torebka-Leather-Country_%5B2465%5D_1200.jpg,https://www.italy-shop.eu/images/ly453/2000-3000/Torebka-Leather-Country_%5B2466%5D_1200.jpg,https://www.italy-shop.eu/images/ly453/2000-3000/Torebka-Leather-Country_%5B2467%5D_1200.jpg	other
97_59	Torebka Leather Country	Okrągła torebka typu hobo z miękkiej, ziarnistej skóry naturalnej w kolorze czekolady. Regulowany pasek na ramię i minimalistyczne okucia tworzą uniwersalny model do codziennych stylizacji.	https://www.italy-shop.eu/Torebka-Leather-Country-p97	https://www.italy-shop.eu/images/ly453/2000-3000/Torebka-Leather-Country_%5B2464%5D_1200.jpg	Leather Country	535.00 PLN	in_stock	97	3032	Torebki	Karmel			new	female	adult			https://www.italy-shop.eu/images/ly453/2000-3000/Torebka-Leather-Country_%5B2462%5D_1200.jpg,https://www.italy-shop.eu/images/ly453/2000-3000/Torebka-Leather-Country_%5B2463%5D_1200.jpg,https://www.italy-shop.eu/images/ly453/2000-3000/Torebka-Leather-Country_%5B2464%5D_1200.jpg,https://www.italy-shop.eu/images/ly453/2000-3000/Torebka-Leather-Country_%5B2465%5D_1200.jpg,https://www.italy-shop.eu/images/ly453/2000-3000/Torebka-Leather-Country_%5B2466%5D_1200.jpg,https://www.italy-shop.eu/images/ly453/2000-3000/Torebka-Leather-Country_%5B2467%5D_1200.jpg	other
100_45	Torebka Leather Country	Kompaktowa torebka listonoszka z gładkiej skóry licowej w ciepłym odcieniu karmelu. Charakterystyczny zapięcie z metalowym elementem w stylu wędzidła nadaje jej klasyczny charakter.	https://www.italy-shop.eu/Torebka-Leather-Country-p100	https://www.italy-shop.eu/images/ly453/2000-3000/Torebka-Leather-Country_%5B2035%5D_1200.jpg	Leather Country	368.00 PLN	in_stock	100	3032	Torebki	Czarny			new	female	adult			https://www.italy-shop.eu/images/ly453/2000-3000/Torebka-Leather-Country_%5B2035%5D_1200.jpg,https://www.italy-shop.eu/images/ly453/0-1000/Torebka-Leather-Country_%5B391%5D_1200.jpg	other
100_47	Torebka Leather Country	Kompaktowa torebka listonoszka z gładkiej skóry licowej w ciepłym odcieniu karmelu. Charakterystyczny zapięcie z metalowym elementem w stylu wędzidła nadaje jej klasyczny charakter.	https://www.italy-shop.eu/Torebka-Leather-Country-p100	https://www.italy-shop.eu/images/ly453/0-1000/Torebka-Leather-Country_%5B391%5D_1200.jpg	Leather Country	368.00 PLN	in_stock	100	3032	Torebki	Beżowy			new	female	adult			https://www.italy-shop.eu/images/ly453/2000-3000/Torebka-Leather-Country_%5B2035%5D_1200.jpg,https://www.italy-shop.eu/images/ly453/0-1000/Torebka-Leather-Country_%5B391%5D_1200.jpg	other
100_52	Torebka Leather Country	Kompaktowa torebka listonoszka z gładkiej skóry licowej w ciepłym odcieniu karmelu. Charakterystyczny zapięcie z metalowym elementem w stylu wędzidła nadaje jej klasyczny charakter.	https://www.italy-shop.eu/Torebka-Leather-Country-p100	https://www.italy-shop.eu/images/ly453/0-1000/Torebka-Leather-Country_%5B391%5D_1200.jpg	Leather Country	368.00 PLN	in_stock	100	3032	Torebki	Brązowy			new	female	adult			https://www.italy-shop.eu/images/ly453/2000-3000/Torebka-Leather-Country_%5B2035%5D_1200.jpg,https://www.italy-shop.eu/images/ly453/0-1000/Torebka-Leather-Country_%5B391%5D_1200.jpg	other
100_56	Torebka Leather Country	Kompaktowa torebka listonoszka z gładkiej skóry licowej w ciepłym odcieniu karmelu. Charakterystyczny zapięcie z metalowym elementem w stylu wędzidła nadaje jej klasyczny charakter.	https://www.italy-shop.eu/Torebka-Leather-Country-p100	https://www.italy-shop.eu/images/ly453/2000-3000/Torebka-Leather-Country_%5B2035%5D_1200.jpg	Leather Country	368.00 PLN	in_stock	100	3032	Torebki	Bordowy			new	female	adult			https://www.italy-shop.eu/images/ly453/2000-3000/Torebka-Leather-Country_%5B2035%5D_1200.jpg,https://www.italy-shop.eu/images/ly453/0-1000/Torebka-Leather-Country_%5B391%5D_1200.jpg	other
100_59	Torebka Leather Country	Kompaktowa torebka listonoszka z gładkiej skóry licowej w ciepłym odcieniu karmelu. Charakterystyczny zapięcie z metalowym elementem w stylu wędzidła nadaje jej klasyczny charakter.	https://www.italy-shop.eu/Torebka-Leather-Country-p100	https://www.italy-shop.eu/images/ly453/0-1000/Torebka-Leather-Country_%5B388%5D_1200.jpg	Leather Country	368.00 PLN	in_stock	100	3032	Torebki	Karmel			new	female	adult			https://www.italy-shop.eu/images/ly453/2000-3000/Torebka-Leather-Country_%5B2035%5D_1200.jpg,https://www.italy-shop.eu/images/ly453/0-1000/Torebka-Leather-Country_%5B391%5D_1200.jpg	other
100_65	Torebka Leather Country	Kompaktowa torebka listonoszka z gładkiej skóry licowej w ciepłym odcieniu karmelu. Charakterystyczny zapięcie z metalowym elementem w stylu wędzidła nadaje jej klasyczny charakter.	https://www.italy-shop.eu/Torebka-Leather-Country-p100	https://www.italy-shop.eu/images/ly453/2000-3000/Torebka-Leather-Country_%5B2035%5D_1200.jpg	Leather Country	368.00 PLN	in_stock	100	3032	Torebki	Cappuccino			new	female	adult			https://www.italy-shop.eu/images/ly453/2000-3000/Torebka-Leather-Country_%5B2035%5D_1200.jpg,https://www.italy-shop.eu/images/ly453/0-1000/Torebka-Leather-Country_%5B391%5D_1200.jpg	other
107_45	Torebka Leather Country	Shopper z czarnej skóry naturalnej o ziarnistej fakturze. Geometryczny kształt z bokami rozchylającymi się na boki, długie paski do noszenia na ramieniu.	https://www.italy-shop.eu/Torebka-Leather-Country-p107	https://www.italy-shop.eu/images/ly453/5000-6000/Torebka-Leather-Country_%5B5591%5D_1200.jpg	Leather Country	490.00 PLN	in_stock	107	3032	Torebki	Czarny			new	female	adult			https://www.italy-shop.eu/images/ly453/5000-6000/Torebka-Leather-Country_%5B5590%5D_1200.jpg,https://www.italy-shop.eu/images/ly453/5000-6000/Torebka-Leather-Country_%5B5591%5D_1200.jpg,https://www.italy-shop.eu/images/ly453/5000-6000/Torebka-Leather-Country_%5B5592%5D_1200.jpg,https://www.italy-shop.eu/images/ly453/5000-6000/Torebka-Leather-Country_%5B5593%5D_1200.jpg,https://www.italy-shop.eu/images/ly453/5000-6000/Torebka-Leather-Country_%5B5595%5D_1200.jpg,https://www.italy-shop.eu/images/ly453/5000-6000/Torebka-Leather-Country_%5B5597%5D_1200.jpg,https://www.italy-shop.eu/images/ly453/5000-6000/Torebka-Leather-Country_%5B5598%5D_1200.jpg,https://www.italy-shop.eu/images/ly453/5000-6000/Torebka-Leather-Country_%5B5599%5D_1200.jpg,https://www.italy-shop.eu/images/ly453/5000-6000/Torebka-Leather-Country_%5B5600%5D_1200.jpg	other
107_47	Torebka Leather Country	Shopper z czarnej skóry naturalnej o ziarnistej fakturze. Geometryczny kształt z bokami rozchylającymi się na boki, długie paski do noszenia na ramieniu.	https://www.italy-shop.eu/Torebka-Leather-Country-p107	https://www.italy-shop.eu/images/ly453/5000-6000/Torebka-Leather-Country_%5B5598%5D_1200.jpg	Leather Country	490.00 PLN	in_stock	107	3032	Torebki	Beżowy			new	female	adult			https://www.italy-shop.eu/images/ly453/5000-6000/Torebka-Leather-Country_%5B5590%5D_1200.jpg,https://www.italy-shop.eu/images/ly453/5000-6000/Torebka-Leather-Country_%5B5591%5D_1200.jpg,https://www.italy-shop.eu/images/ly453/5000-6000/Torebka-Leather-Country_%5B5592%5D_1200.jpg,https://www.italy-shop.eu/images/ly453/5000-6000/Torebka-Leather-Country_%5B5593%5D_1200.jpg,https://www.italy-shop.eu/images/ly453/5000-6000/Torebka-Leather-Country_%5B5595%5D_1200.jpg,https://www.italy-shop.eu/images/ly453/5000-6000/Torebka-Leather-Country_%5B5597%5D_1200.jpg,https://www.italy-shop.eu/images/ly453/5000-6000/Torebka-Leather-Country_%5B5598%5D_1200.jpg,https://www.italy-shop.eu/images/ly453/5000-6000/Torebka-Leather-Country_%5B5599%5D_1200.jpg,https://www.italy-shop.eu/images/ly453/5000-6000/Torebka-Leather-Country_%5B5600%5D_1200.jpg	other
107_59	Torebka Leather Country	Shopper z czarnej skóry naturalnej o ziarnistej fakturze. Geometryczny kształt z bokami rozchylającymi się na boki, długie paski do noszenia na ramieniu.	https://www.italy-shop.eu/Torebka-Leather-Country-p107	https://www.italy-shop.eu/images/ly453/5000-6000/Torebka-Leather-Country_%5B5600%5D_1200.jpg	Leather Country	490.00 PLN	in_stock	107	3032	Torebki	Karmel			new	female	adult			https://www.italy-shop.eu/images/ly453/5000-6000/Torebka-Leather-Country_%5B5590%5D_1200.jpg,https://www.italy-shop.eu/images/ly453/5000-6000/Torebka-Leather-Country_%5B5591%5D_1200.jpg,https://www.italy-shop.eu/images/ly453/5000-6000/Torebka-Leather-Country_%5B5592%5D_1200.jpg,https://www.italy-shop.eu/images/ly453/5000-6000/Torebka-Leather-Country_%5B5593%5D_1200.jpg,https://www.italy-shop.eu/images/ly453/5000-6000/Torebka-Leather-Country_%5B5595%5D_1200.jpg,https://www.italy-shop.eu/images/ly453/5000-6000/Torebka-Leather-Country_%5B5597%5D_1200.jpg,https://www.italy-shop.eu/images/ly453/5000-6000/Torebka-Leather-Country_%5B5598%5D_1200.jpg,https://www.italy-shop.eu/images/ly453/5000-6000/Torebka-Leather-Country_%5B5599%5D_1200.jpg,https://www.italy-shop.eu/images/ly453/5000-6000/Torebka-Leather-Country_%5B5600%5D_1200.jpg	other
108_45	Torebka Leather Country	Wykonanie: Skóra naturalna zamszowa Wymiary: 34 x 22 x 9 cm	https://www.italy-shop.eu/Torebka-Leather-Country-p108	https://www.italy-shop.eu/images/ly453/3000-4000/Torebka-Leather-Country_%5B3805%5D_1200.jpg	Leather Country	559.00 PLN	in_stock	108	3032	Torebki	Czarny			new	female	adult			https://www.italy-shop.eu/images/ly453/3000-4000/Torebka-Leather-Country_%5B3798%5D_1200.jpg,https://www.italy-shop.eu/images/ly453/3000-4000/Torebka-Leather-Country_%5B3799%5D_1200.jpg,https://www.italy-shop.eu/images/ly453/3000-4000/Torebka-Leather-Country_%5B3800%5D_1200.jpg,https://www.italy-shop.eu/images/ly453/3000-4000/Torebka-Leather-Country_%5B3801%5D_1200.jpg,https://www.italy-shop.eu/images/ly453/3000-4000/Torebka-Leather-Country_%5B3802%5D_1200.jpg,https://www.italy-shop.eu/images/ly453/3000-4000/Torebka-Leather-Country_%5B3803%5D_1200.jpg,https://www.italy-shop.eu/images/ly453/3000-4000/Torebka-Leather-Country_%5B3804%5D_1200.jpg,https://www.italy-shop.eu/images/ly453/3000-4000/Torebka-Leather-Country_%5B3805%5D_1200.jpg,https://www.italy-shop.eu/images/ly453/3000-4000/Torebka-Leather-Country_%5B3806%5D_1200.jpg,https://www.italy-shop.eu/images/ly453/3000-4000/Torebka-Leather-Country_%5B3807%5D_1200.jpg	other
108_52	Torebka Leather Country	Wykonanie: Skóra naturalna zamszowa Wymiary: 34 x 22 x 9 cm	https://www.italy-shop.eu/Torebka-Leather-Country-p108	https://www.italy-shop.eu/images/ly453/3000-4000/Torebka-Leather-Country_%5B3809%5D_1200.jpg	Leather Country	559.00 PLN	in_stock	108	3032	Torebki	Brązowy			new	female	adult			https://www.italy-shop.eu/images/ly453/3000-4000/Torebka-Leather-Country_%5B3798%5D_1200.jpg,https://www.italy-shop.eu/images/ly453/3000-4000/Torebka-Leather-Country_%5B3799%5D_1200.jpg,https://www.italy-shop.eu/images/ly453/3000-4000/Torebka-Leather-Country_%5B3800%5D_1200.jpg,https://www.italy-shop.eu/images/ly453/3000-4000/Torebka-Leather-Country_%5B3801%5D_1200.jpg,https://www.italy-shop.eu/images/ly453/3000-4000/Torebka-Leather-Country_%5B3802%5D_1200.jpg,https://www.italy-shop.eu/images/ly453/3000-4000/Torebka-Leather-Country_%5B3803%5D_1200.jpg,https://www.italy-shop.eu/images/ly453/3000-4000/Torebka-Leather-Country_%5B3804%5D_1200.jpg,https://www.italy-shop.eu/images/ly453/3000-4000/Torebka-Leather-Country_%5B3805%5D_1200.jpg,https://www.italy-shop.eu/images/ly453/3000-4000/Torebka-Leather-Country_%5B3806%5D_1200.jpg,https://www.italy-shop.eu/images/ly453/3000-4000/Torebka-Leather-Country_%5B3807%5D_1200.jpg	other
108_56	Torebka Leather Country	Wykonanie: Skóra naturalna zamszowa Wymiary: 34 x 22 x 9 cm	https://www.italy-shop.eu/Torebka-Leather-Country-p108	https://www.italy-shop.eu/images/ly453/3000-4000/Torebka-Leather-Country_%5B3798%5D_1200.jpg	Leather Country	559.00 PLN	in_stock	108	3032	Torebki	Bordowy			new	female	adult			https://www.italy-shop.eu/images/ly453/3000-4000/Torebka-Leather-Country_%5B3798%5D_1200.jpg,https://www.italy-shop.eu/images/ly453/3000-4000/Torebka-Leather-Country_%5B3799%5D_1200.jpg,https://www.italy-shop.eu/images/ly453/3000-4000/Torebka-Leather-Country_%5B3800%5D_1200.jpg,https://www.italy-shop.eu/images/ly453/3000-4000/Torebka-Leather-Country_%5B3801%5D_1200.jpg,https://www.italy-shop.eu/images/ly453/3000-4000/Torebka-Leather-Country_%5B3802%5D_1200.jpg,https://www.italy-shop.eu/images/ly453/3000-4000/Torebka-Leather-Country_%5B3803%5D_1200.jpg,https://www.italy-shop.eu/images/ly453/3000-4000/Torebka-Leather-Country_%5B3804%5D_1200.jpg,https://www.italy-shop.eu/images/ly453/3000-4000/Torebka-Leather-Country_%5B3805%5D_1200.jpg,https://www.italy-shop.eu/images/ly453/3000-4000/Torebka-Leather-Country_%5B3806%5D_1200.jpg,https://www.italy-shop.eu/images/ly453/3000-4000/Torebka-Leather-Country_%5B3807%5D_1200.jpg	other
108_59	Torebka Leather Country	Wykonanie: Skóra naturalna zamszowa Wymiary: 34 x 22 x 9 cm	https://www.italy-shop.eu/Torebka-Leather-Country-p108	https://www.italy-shop.eu/images/ly453/3000-4000/Torebka-Leather-Country_%5B3801%5D_1200.jpg	Leather Country	559.00 PLN	in_stock	108	3032	Torebki	Karmel			new	female	adult			https://www.italy-shop.eu/images/ly453/3000-4000/Torebka-Leather-Country_%5B3798%5D_1200.jpg,https://www.italy-shop.eu/images/ly453/3000-4000/Torebka-Leather-Country_%5B3799%5D_1200.jpg,https://www.italy-shop.eu/images/ly453/3000-4000/Torebka-Leather-Country_%5B3800%5D_1200.jpg,https://www.italy-shop.eu/images/ly453/3000-4000/Torebka-Leather-Country_%5B3801%5D_1200.jpg,https://www.italy-shop.eu/images/ly453/3000-4000/Torebka-Leather-Country_%5B3802%5D_1200.jpg,https://www.italy-shop.eu/images/ly453/3000-4000/Torebka-Leather-Country_%5B3803%5D_1200.jpg,https://www.italy-shop.eu/images/ly453/3000-4000/Torebka-Leather-Country_%5B3804%5D_1200.jpg,https://www.italy-shop.eu/images/ly453/3000-4000/Torebka-Leather-Country_%5B3805%5D_1200.jpg,https://www.italy-shop.eu/images/ly453/3000-4000/Torebka-Leather-Country_%5B3806%5D_1200.jpg,https://www.italy-shop.eu/images/ly453/3000-4000/Torebka-Leather-Country_%5B3807%5D_1200.jpg	other
108_65	Torebka Leather Country	Wykonanie: Skóra naturalna zamszowa Wymiary: 34 x 22 x 9 cm	https://www.italy-shop.eu/Torebka-Leather-Country-p108	https://www.italy-shop.eu/images/ly453/3000-4000/Torebka-Leather-Country_%5B3808%5D_1200.jpg	Leather Country	559.00 PLN	in_stock	108	3032	Torebki	Cappuccino			new	female	adult			https://www.italy-shop.eu/images/ly453/3000-4000/Torebka-Leather-Country_%5B3798%5D_1200.jpg,https://www.italy-shop.eu/images/ly453/3000-4000/Torebka-Leather-Country_%5B3799%5D_1200.jpg,https://www.italy-shop.eu/images/ly453/3000-4000/Torebka-Leather-Country_%5B3800%5D_1200.jpg,https://www.italy-shop.eu/images/ly453/3000-4000/Torebka-Leather-Country_%5B3801%5D_1200.jpg,https://www.italy-shop.eu/images/ly453/3000-4000/Torebka-Leather-Country_%5B3802%5D_1200.jpg,https://www.italy-shop.eu/images/ly453/3000-4000/Torebka-Leather-Country_%5B3803%5D_1200.jpg,https://www.italy-shop.eu/images/ly453/3000-4000/Torebka-Leather-Country_%5B3804%5D_1200.jpg,https://www.italy-shop.eu/images/ly453/3000-4000/Torebka-Leather-Country_%5B3805%5D_1200.jpg,https://www.italy-shop.eu/images/ly453/3000-4000/Torebka-Leather-Country_%5B3806%5D_1200.jpg,https://www.italy-shop.eu/images/ly453/3000-4000/Torebka-Leather-Country_%5B3807%5D_1200.jpg	other
108_66	Torebka Leather Country	Wykonanie: Skóra naturalna zamszowa Wymiary: 34 x 22 x 9 cm	https://www.italy-shop.eu/Torebka-Leather-Country-p108	https://www.italy-shop.eu/images/ly453/3000-4000/Torebka-Leather-Country_%5B3799%5D_1200.jpg	Leather Country	559.00 PLN	in_stock	108	3032	Torebki	Mleczny			new	female	adult			https://www.italy-shop.eu/images/ly453/3000-4000/Torebka-Leather-Country_%5B3798%5D_1200.jpg,https://www.italy-shop.eu/images/ly453/3000-4000/Torebka-Leather-Country_%5B3799%5D_1200.jpg,https://www.italy-shop.eu/images/ly453/3000-4000/Torebka-Leather-Country_%5B3800%5D_1200.jpg,https://www.italy-shop.eu/images/ly453/3000-4000/Torebka-Leather-Country_%5B3801%5D_1200.jpg,https://www.italy-shop.eu/images/ly453/3000-4000/Torebka-Leather-Country_%5B3802%5D_1200.jpg,https://www.italy-shop.eu/images/ly453/3000-4000/Torebka-Leather-Country_%5B3803%5D_1200.jpg,https://www.italy-shop.eu/images/ly453/3000-4000/Torebka-Leather-Country_%5B3804%5D_1200.jpg,https://www.italy-shop.eu/images/ly453/3000-4000/Torebka-Leather-Country_%5B3805%5D_1200.jpg,https://www.italy-shop.eu/images/ly453/3000-4000/Torebka-Leather-Country_%5B3806%5D_1200.jpg,https://www.italy-shop.eu/images/ly453/3000-4000/Torebka-Leather-Country_%5B3807%5D_1200.jpg	other
109_45	Torebka Leather Country	Kuferek ze skóry naturalnej w ciepłym brązowym odcieniu. Klasyczny fason z ozdobnym paskiem i złotymi okuciami. Wykonanie w stylu włoskiej galanterii.	https://www.italy-shop.eu/Torebka-Leather-Country-p109	https://www.italy-shop.eu/images/ly453/2000-3000/Torebka-Leather-Country_%5B2161%5D_1200.jpg	Leather Country	559.00 PLN	in_stock	109	3032	Torebki	Czarny			new	female	adult			https://www.italy-shop.eu/images/ly453/2000-3000/Torebka-Leather-Country_%5B2720%5D_1200.jpg,https://www.italy-shop.eu/images/ly453/2000-3000/Torebka-Leather-Country_%5B2162%5D_1200.jpg,https://www.italy-shop.eu/images/ly453/2000-3000/Torebka-Leather-Country_%5B2160%5D_1200.jpg,https://www.italy-shop.eu/images/ly453/2000-3000/Torebka-Leather-Country_%5B2161%5D_1200.jpg,https://www.italy-shop.eu/images/ly453/2000-3000/Torebka-Leather-Country_%5B2721%5D_1200.jpg,https://www.italy-shop.eu/images/ly453/2000-3000/Torebka-Leather-Country_%5B2722%5D_1200.jpg,https://www.italy-shop.eu/images/ly453/2000-3000/Torebka-Leather-Country_%5B2163%5D_1200.jpg,https://www.italy-shop.eu/images/ly453/2000-3000/Torebka-Leather-Country_%5B2164%5D_1200.jpg,https://www.italy-shop.eu/images/ly453/2000-3000/Torebka-Leather-Country_%5B2166%5D_1200.jpg,https://www.italy-shop.eu/images/ly453/2000-3000/Torebka-Leather-Country_%5B2167%5D_1200.jpg	other
109_52	Torebka Leather Country	Kuferek ze skóry naturalnej w ciepłym brązowym odcieniu. Klasyczny fason z ozdobnym paskiem i złotymi okuciami. Wykonanie w stylu włoskiej galanterii.	https://www.italy-shop.eu/Torebka-Leather-Country-p109	https://www.italy-shop.eu/images/ly453/2000-3000/Torebka-Leather-Country_%5B2163%5D_1200.jpg	Leather Country	559.00 PLN	in_stock	109	3032	Torebki	Brązowy			new	female	adult			https://www.italy-shop.eu/images/ly453/2000-3000/Torebka-Leather-Country_%5B2720%5D_1200.jpg,https://www.italy-shop.eu/images/ly453/2000-3000/Torebka-Leather-Country_%5B2162%5D_1200.jpg,https://www.italy-shop.eu/images/ly453/2000-3000/Torebka-Leather-Country_%5B2160%5D_1200.jpg,https://www.italy-shop.eu/images/ly453/2000-3000/Torebka-Leather-Country_%5B2161%5D_1200.jpg,https://www.italy-shop.eu/images/ly453/2000-3000/Torebka-Leather-Country_%5B2721%5D_1200.jpg,https://www.italy-shop.eu/images/ly453/2000-3000/Torebka-Leather-Country_%5B2722%5D_1200.jpg,https://www.italy-shop.eu/images/ly453/2000-3000/Torebka-Leather-Country_%5B2163%5D_1200.jpg,https://www.italy-shop.eu/images/ly453/2000-3000/Torebka-Leather-Country_%5B2164%5D_1200.jpg,https://www.italy-shop.eu/images/ly453/2000-3000/Torebka-Leather-Country_%5B2166%5D_1200.jpg,https://www.italy-shop.eu/images/ly453/2000-3000/Torebka-Leather-Country_%5B2167%5D_1200.jpg	other
109_59	Torebka Leather Country	Kuferek ze skóry naturalnej w ciepłym brązowym odcieniu. Klasyczny fason z ozdobnym paskiem i złotymi okuciami. Wykonanie w stylu włoskiej galanterii.	https://www.italy-shop.eu/Torebka-Leather-Country-p109	https://www.italy-shop.eu/images/ly453/2000-3000/Torebka-Leather-Country_%5B2162%5D_1200.jpg	Leather Country	559.00 PLN	in_stock	109	3032	Torebki	Karmel			new	female	adult			https://www.italy-shop.eu/images/ly453/2000-3000/Torebka-Leather-Country_%5B2720%5D_1200.jpg,https://www.italy-shop.eu/images/ly453/2000-3000/Torebka-Leather-Country_%5B2162%5D_1200.jpg,https://www.italy-shop.eu/images/ly453/2000-3000/Torebka-Leather-Country_%5B2160%5D_1200.jpg,https://www.italy-shop.eu/images/ly453/2000-3000/Torebka-Leather-Country_%5B2161%5D_1200.jpg,https://www.italy-shop.eu/images/ly453/2000-3000/Torebka-Leather-Country_%5B2721%5D_1200.jpg,https://www.italy-shop.eu/images/ly453/2000-3000/Torebka-Leather-Country_%5B2722%5D_1200.jpg,https://www.italy-shop.eu/images/ly453/2000-3000/Torebka-Leather-Country_%5B2163%5D_1200.jpg,https://www.italy-shop.eu/images/ly453/2000-3000/Torebka-Leather-Country_%5B2164%5D_1200.jpg,https://www.italy-shop.eu/images/ly453/2000-3000/Torebka-Leather-Country_%5B2166%5D_1200.jpg,https://www.italy-shop.eu/images/ly453/2000-3000/Torebka-Leather-Country_%5B2167%5D_1200.jpg	other
109_65	Torebka Leather Country	Kuferek ze skóry naturalnej w ciepłym brązowym odcieniu. Klasyczny fason z ozdobnym paskiem i złotymi okuciami. Wykonanie w stylu włoskiej galanterii.	https://www.italy-shop.eu/Torebka-Leather-Country-p109	https://www.italy-shop.eu/images/ly453/2000-3000/Torebka-Leather-Country_%5B2164%5D_1200.jpg	Leather Country	559.00 PLN	in_stock	109	3032	Torebki	Cappuccino			new	female	adult			https://www.italy-shop.eu/images/ly453/2000-3000/Torebka-Leather-Country_%5B2720%5D_1200.jpg,https://www.italy-shop.eu/images/ly453/2000-3000/Torebka-Leather-Country_%5B2162%5D_1200.jpg,https://www.italy-shop.eu/images/ly453/2000-3000/Torebka-Leather-Country_%5B2160%5D_1200.jpg,https://www.italy-shop.eu/images/ly453/2000-3000/Torebka-Leather-Country_%5B2161%5D_1200.jpg,https://www.italy-shop.eu/images/ly453/2000-3000/Torebka-Leather-Country_%5B2721%5D_1200.jpg,https://www.italy-shop.eu/images/ly453/2000-3000/Torebka-Leather-Country_%5B2722%5D_1200.jpg,https://www.italy-shop.eu/images/ly453/2000-3000/Torebka-Leather-Country_%5B2163%5D_1200.jpg,https://www.italy-shop.eu/images/ly453/2000-3000/Torebka-Leather-Country_%5B2164%5D_1200.jpg,https://www.italy-shop.eu/images/ly453/2000-3000/Torebka-Leather-Country_%5B2166%5D_1200.jpg,https://www.italy-shop.eu/images/ly453/2000-3000/Torebka-Leather-Country_%5B2167%5D_1200.jpg	other
109_66	Torebka Leather Country	Kuferek ze skóry naturalnej w ciepłym brązowym odcieniu. Klasyczny fason z ozdobnym paskiem i złotymi okuciami. Wykonanie w stylu włoskiej galanterii.	https://www.italy-shop.eu/Torebka-Leather-Country-p109	https://www.italy-shop.eu/images/ly453/2000-3000/Torebka-Leather-Country_%5B2721%5D_1200.jpg	Leather Country	559.00 PLN	in_stock	109	3032	Torebki	Mleczny			new	female	adult			https://www.italy-shop.eu/images/ly453/2000-3000/Torebka-Leather-Country_%5B2720%5D_1200.jpg,https://www.italy-shop.eu/images/ly453/2000-3000/Torebka-Leather-Country_%5B2162%5D_1200.jpg,https://www.italy-shop.eu/images/ly453/2000-3000/Torebka-Leather-Country_%5B2160%5D_1200.jpg,https://www.italy-shop.eu/images/ly453/2000-3000/Torebka-Leather-Country_%5B2161%5D_1200.jpg,https://www.italy-shop.eu/images/ly453/2000-3000/Torebka-Leather-Country_%5B2721%5D_1200.jpg,https://www.italy-shop.eu/images/ly453/2000-3000/Torebka-Leather-Country_%5B2722%5D_1200.jpg,https://www.italy-shop.eu/images/ly453/2000-3000/Torebka-Leather-Country_%5B2163%5D_1200.jpg,https://www.italy-shop.eu/images/ly453/2000-3000/Torebka-Leather-Country_%5B2164%5D_1200.jpg,https://www.italy-shop.eu/images/ly453/2000-3000/Torebka-Leather-Country_%5B2166%5D_1200.jpg,https://www.italy-shop.eu/images/ly453/2000-3000/Torebka-Leather-Country_%5B2167%5D_1200.jpg	other
110_45	Torebka Leather Country	Kompaktowa torebka z miękkiej włoskiej skóry naturalnej. Złote okucia i klasyczne proporcje nadają jej ponadczasowy charakter. Wymiary: 24 x 16 x 12.5 cm	https://www.italy-shop.eu/Torebka-Leather-Country-p110	https://www.italy-shop.eu/images/ly453/6000-7000/Torebka-Leather-Country_%5B6053%5D_1200.jpg	Leather Country	460.00 PLN	in_stock	110	3032	Torebki	Czarny			new	female	adult			https://www.italy-shop.eu/images/ly453/6000-7000/Torebka-Leather-Country_%5B6051%5D_1200.jpg,https://www.italy-shop.eu/images/ly453/6000-7000/Torebka-Leather-Country_%5B6052%5D_1200.jpg,https://www.italy-shop.eu/images/ly453/6000-7000/Torebka-Leather-Country_%5B6053%5D_1200.jpg,https://www.italy-shop.eu/images/ly453/6000-7000/Torebka-Leather-Country_%5B6054%5D_1200.jpg,https://www.italy-shop.eu/images/ly453/6000-7000/Torebka-Leather-Country_%5B6055%5D_1200.jpg,https://www.italy-shop.eu/images/ly453/6000-7000/Torebka-Leather-Country_%5B6056%5D_1200.jpg,https://www.italy-shop.eu/images/ly453/6000-7000/Torebka-Leather-Country_%5B6057%5D_1200.jpg,https://www.italy-shop.eu/images/ly453/6000-7000/Torebka-Leather-Country_%5B6058%5D_1200.jpg,https://www.italy-shop.eu/images/ly453/6000-7000/Torebka-Leather-Country_%5B6059%5D_1200.jpg,https://www.italy-shop.eu/images/ly453/6000-7000/Torebka-Leather-Country_%5B6060%5D_1200.jpg	other
110_47	Torebka Leather Country	Kompaktowa torebka z miękkiej włoskiej skóry naturalnej. Złote okucia i klasyczne proporcje nadają jej ponadczasowy charakter. Wymiary: 24 x 16 x 12.5 cm	https://www.italy-shop.eu/Torebka-Leather-Country-p110	https://www.italy-shop.eu/images/ly453/6000-7000/Torebka-Leather-Country_%5B6055%5D_1200.jpg	Leather Country	460.00 PLN	in_stock	110	3032	Torebki	Beżowy			new	female	adult			https://www.italy-shop.eu/images/ly453/6000-7000/Torebka-Leather-Country_%5B6051%5D_1200.jpg,https://www.italy-shop.eu/images/ly453/6000-7000/Torebka-Leather-Country_%5B6052%5D_1200.jpg,https://www.italy-shop.eu/images/ly453/6000-7000/Torebka-Leather-Country_%5B6053%5D_1200.jpg,https://www.italy-shop.eu/images/ly453/6000-7000/Torebka-Leather-Country_%5B6054%5D_1200.jpg,https://www.italy-shop.eu/images/ly453/6000-7000/Torebka-Leather-Country_%5B6055%5D_1200.jpg,https://www.italy-shop.eu/images/ly453/6000-7000/Torebka-Leather-Country_%5B6056%5D_1200.jpg,https://www.italy-shop.eu/images/ly453/6000-7000/Torebka-Leather-Country_%5B6057%5D_1200.jpg,https://www.italy-shop.eu/images/ly453/6000-7000/Torebka-Leather-Country_%5B6058%5D_1200.jpg,https://www.italy-shop.eu/images/ly453/6000-7000/Torebka-Leather-Country_%5B6059%5D_1200.jpg,https://www.italy-shop.eu/images/ly453/6000-7000/Torebka-Leather-Country_%5B6060%5D_1200.jpg	other
110_49	Torebka Leather Country	Kompaktowa torebka z miękkiej włoskiej skóry naturalnej. Złote okucia i klasyczne proporcje nadają jej ponadczasowy charakter. Wymiary: 24 x 16 x 12.5 cm	https://www.italy-shop.eu/Torebka-Leather-Country-p110	https://www.italy-shop.eu/images/ly453/6000-7000/Torebka-Leather-Country_%5B6056%5D_1200.jpg	Leather Country	460.00 PLN	in_stock	110	3032	Torebki	Czerwony			new	female	adult			https://www.italy-shop.eu/images/ly453/6000-7000/Torebka-Leather-Country_%5B6051%5D_1200.jpg,https://www.italy-shop.eu/images/ly453/6000-7000/Torebka-Leather-Country_%5B6052%5D_1200.jpg,https://www.italy-shop.eu/images/ly453/6000-7000/Torebka-Leather-Country_%5B6053%5D_1200.jpg,https://www.italy-shop.eu/images/ly453/6000-7000/Torebka-Leather-Country_%5B6054%5D_1200.jpg,https://www.italy-shop.eu/images/ly453/6000-7000/Torebka-Leather-Country_%5B6055%5D_1200.jpg,https://www.italy-shop.eu/images/ly453/6000-7000/Torebka-Leather-Country_%5B6056%5D_1200.jpg,https://www.italy-shop.eu/images/ly453/6000-7000/Torebka-Leather-Country_%5B6057%5D_1200.jpg,https://www.italy-shop.eu/images/ly453/6000-7000/Torebka-Leather-Country_%5B6058%5D_1200.jpg,https://www.italy-shop.eu/images/ly453/6000-7000/Torebka-Leather-Country_%5B6059%5D_1200.jpg,https://www.italy-shop.eu/images/ly453/6000-7000/Torebka-Leather-Country_%5B6060%5D_1200.jpg	other
110_52	Torebka Leather Country	Kompaktowa torebka z miękkiej włoskiej skóry naturalnej. Złote okucia i klasyczne proporcje nadają jej ponadczasowy charakter. Wymiary: 24 x 16 x 12.5 cm	https://www.italy-shop.eu/Torebka-Leather-Country-p110	https://www.italy-shop.eu/images/ly453/6000-7000/Torebka-Leather-Country_%5B6050%5D_1200.jpg	Leather Country	460.00 PLN	in_stock	110	3032	Torebki	Brązowy			new	female	adult			https://www.italy-shop.eu/images/ly453/6000-7000/Torebka-Leather-Country_%5B6051%5D_1200.jpg,https://www.italy-shop.eu/images/ly453/6000-7000/Torebka-Leather-Country_%5B6052%5D_1200.jpg,https://www.italy-shop.eu/images/ly453/6000-7000/Torebka-Leather-Country_%5B6053%5D_1200.jpg,https://www.italy-shop.eu/images/ly453/6000-7000/Torebka-Leather-Country_%5B6054%5D_1200.jpg,https://www.italy-shop.eu/images/ly453/6000-7000/Torebka-Leather-Country_%5B6055%5D_1200.jpg,https://www.italy-shop.eu/images/ly453/6000-7000/Torebka-Leather-Country_%5B6056%5D_1200.jpg,https://www.italy-shop.eu/images/ly453/6000-7000/Torebka-Leather-Country_%5B6057%5D_1200.jpg,https://www.italy-shop.eu/images/ly453/6000-7000/Torebka-Leather-Country_%5B6058%5D_1200.jpg,https://www.italy-shop.eu/images/ly453/6000-7000/Torebka-Leather-Country_%5B6059%5D_1200.jpg,https://www.italy-shop.eu/images/ly453/6000-7000/Torebka-Leather-Country_%5B6060%5D_1200.jpg	other
114_45	Torebka Leather Country	Kompaktowa torebka z gładkiej skóry naturalnej w szarym kolorze. Klasyczny fason z metalowym zapięciem i regulowanym paskiem. Idealna proporcja dla codziennego użycia.	https://www.italy-shop.eu/Torebka-Leather-Country-p114	https://www.italy-shop.eu/images/ly453/2000-3000/Torebka-Leather-Country_%5B2734%5D_1200.jpg	Leather Country	499.00 PLN	in_stock	114	3032	Torebki	Czarny			new	female	adult			https://www.italy-shop.eu/images/ly453/2000-3000/Torebka-Leather-Country_%5B2729%5D_1200.jpg,https://www.italy-shop.eu/images/ly453/2000-3000/Torebka-Leather-Country_%5B2730%5D_1200.jpg,https://www.italy-shop.eu/images/ly453/2000-3000/Torebka-Leather-Country_%5B2731%5D_1200.jpg,https://www.italy-shop.eu/images/ly453/2000-3000/Torebka-Leather-Country_%5B2734%5D_1200.jpg,https://www.italy-shop.eu/images/ly453/2000-3000/Torebka-Leather-Country_%5B2735%5D_1200.jpg	other
114_54	Torebka Leather Country	Kompaktowa torebka z gładkiej skóry naturalnej w szarym kolorze. Klasyczny fason z metalowym zapięciem i regulowanym paskiem. Idealna proporcja dla codziennego użycia.	https://www.italy-shop.eu/Torebka-Leather-Country-p114	https://www.italy-shop.eu/images/ly453/2000-3000/Torebka-Leather-Country_%5B2735%5D_1200.jpg	Leather Country	499.00 PLN	in_stock	114	3032	Torebki	Niebieski			new	female	adult			https://www.italy-shop.eu/images/ly453/2000-3000/Torebka-Leather-Country_%5B2729%5D_1200.jpg,https://www.italy-shop.eu/images/ly453/2000-3000/Torebka-Leather-Country_%5B2730%5D_1200.jpg,https://www.italy-shop.eu/images/ly453/2000-3000/Torebka-Leather-Country_%5B2731%5D_1200.jpg,https://www.italy-shop.eu/images/ly453/2000-3000/Torebka-Leather-Country_%5B2734%5D_1200.jpg,https://www.italy-shop.eu/images/ly453/2000-3000/Torebka-Leather-Country_%5B2735%5D_1200.jpg	other
114_58	Torebka Leather Country	Kompaktowa torebka z gładkiej skóry naturalnej w szarym kolorze. Klasyczny fason z metalowym zapięciem i regulowanym paskiem. Idealna proporcja dla codziennego użycia.	https://www.italy-shop.eu/Torebka-Leather-Country-p114	https://www.italy-shop.eu/images/ly453/2000-3000/Torebka-Leather-Country_%5B2729%5D_1200.jpg	Leather Country	499.00 PLN	in_stock	114	3032	Torebki	Szary			new	female	adult			https://www.italy-shop.eu/images/ly453/2000-3000/Torebka-Leather-Country_%5B2729%5D_1200.jpg,https://www.italy-shop.eu/images/ly453/2000-3000/Torebka-Leather-Country_%5B2730%5D_1200.jpg,https://www.italy-shop.eu/images/ly453/2000-3000/Torebka-Leather-Country_%5B2731%5D_1200.jpg,https://www.italy-shop.eu/images/ly453/2000-3000/Torebka-Leather-Country_%5B2734%5D_1200.jpg,https://www.italy-shop.eu/images/ly453/2000-3000/Torebka-Leather-Country_%5B2735%5D_1200.jpg	other
114_59	Torebka Leather Country	Kompaktowa torebka z gładkiej skóry naturalnej w szarym kolorze. Klasyczny fason z metalowym zapięciem i regulowanym paskiem. Idealna proporcja dla codziennego użycia.	https://www.italy-shop.eu/Torebka-Leather-Country-p114	https://www.italy-shop.eu/images/ly453/2000-3000/Torebka-Leather-Country_%5B2730%5D_1200.jpg	Leather Country	499.00 PLN	in_stock	114	3032	Torebki	Karmel			new	female	adult			https://www.italy-shop.eu/images/ly453/2000-3000/Torebka-Leather-Country_%5B2729%5D_1200.jpg,https://www.italy-shop.eu/images/ly453/2000-3000/Torebka-Leather-Country_%5B2730%5D_1200.jpg,https://www.italy-shop.eu/images/ly453/2000-3000/Torebka-Leather-Country_%5B2731%5D_1200.jpg,https://www.italy-shop.eu/images/ly453/2000-3000/Torebka-Leather-Country_%5B2734%5D_1200.jpg,https://www.italy-shop.eu/images/ly453/2000-3000/Torebka-Leather-Country_%5B2735%5D_1200.jpg	other
114_65	Torebka Leather Country	Kompaktowa torebka z gładkiej skóry naturalnej w szarym kolorze. Klasyczny fason z metalowym zapięciem i regulowanym paskiem. Idealna proporcja dla codziennego użycia.	https://www.italy-shop.eu/Torebka-Leather-Country-p114	https://www.italy-shop.eu/images/ly453/2000-3000/Torebka-Leather-Country_%5B2734%5D_1200.jpg	Leather Country	499.00 PLN	in_stock	114	3032	Torebki	Cappuccino			new	female	adult			https://www.italy-shop.eu/images/ly453/2000-3000/Torebka-Leather-Country_%5B2729%5D_1200.jpg,https://www.italy-shop.eu/images/ly453/2000-3000/Torebka-Leather-Country_%5B2730%5D_1200.jpg,https://www.italy-shop.eu/images/ly453/2000-3000/Torebka-Leather-Country_%5B2731%5D_1200.jpg,https://www.italy-shop.eu/images/ly453/2000-3000/Torebka-Leather-Country_%5B2734%5D_1200.jpg,https://www.italy-shop.eu/images/ly453/2000-3000/Torebka-Leather-Country_%5B2735%5D_1200.jpg	other
114_66	Torebka Leather Country	Kompaktowa torebka z gładkiej skóry naturalnej w szarym kolorze. Klasyczny fason z metalowym zapięciem i regulowanym paskiem. Idealna proporcja dla codziennego użycia.	https://www.italy-shop.eu/Torebka-Leather-Country-p114	https://www.italy-shop.eu/images/ly453/2000-3000/Torebka-Leather-Country_%5B2735%5D_1200.jpg	Leather Country	499.00 PLN	in_stock	114	3032	Torebki	Mleczny			new	female	adult			https://www.italy-shop.eu/images/ly453/2000-3000/Torebka-Leather-Country_%5B2729%5D_1200.jpg,https://www.italy-shop.eu/images/ly453/2000-3000/Torebka-Leather-Country_%5B2730%5D_1200.jpg,https://www.italy-shop.eu/images/ly453/2000-3000/Torebka-Leather-Country_%5B2731%5D_1200.jpg,https://www.italy-shop.eu/images/ly453/2000-3000/Torebka-Leather-Country_%5B2734%5D_1200.jpg,https://www.italy-shop.eu/images/ly453/2000-3000/Torebka-Leather-Country_%5B2735%5D_1200.jpg	other
118_45	Torebka Leather Country	Skórzana torebka w fasonie mini bowling bag z miękkiej skóry naturalnej w odcieniu beżu. Precyzyjne przeszycia i złote okucia podkreślają klasyczne włoskie wykonanie.	https://www.italy-shop.eu/Torebka-Leather-Country-p118	https://www.italy-shop.eu/images/ly453/3000-4000/Torebka-Leather-Country_%5B3057%5D_1200.jpg	Leather Country	516.00 PLN	in_stock	118	3032	Torebki	Czarny			new	female	adult			https://www.italy-shop.eu/images/ly453/3000-4000/Torebka-Leather-Country_%5B3055%5D_1200.jpg,https://www.italy-shop.eu/images/ly453/3000-4000/Torebka-Leather-Country_%5B3056%5D_1200.jpg,https://www.italy-shop.eu/images/ly453/3000-4000/Torebka-Leather-Country_%5B3057%5D_1200.jpg,https://www.italy-shop.eu/images/ly453/3000-4000/Torebka-Leather-Country_%5B3058%5D_1200.jpg,https://www.italy-shop.eu/images/ly453/3000-4000/Torebka-Leather-Country_%5B3059%5D_1200.jpg,https://www.italy-shop.eu/images/ly453/3000-4000/Torebka-Leather-Country_%5B3060%5D_1200.jpg	other
118_47	Torebka Leather Country	Skórzana torebka w fasonie mini bowling bag z miękkiej skóry naturalnej w odcieniu beżu. Precyzyjne przeszycia i złote okucia podkreślają klasyczne włoskie wykonanie.	https://www.italy-shop.eu/Torebka-Leather-Country-p118	https://www.italy-shop.eu/images/ly453/3000-4000/Torebka-Leather-Country_%5B3057%5D_1200.jpg	Leather Country	516.00 PLN	in_stock	118	3032	Torebki	Beżowy			new	female	adult			https://www.italy-shop.eu/images/ly453/3000-4000/Torebka-Leather-Country_%5B3055%5D_1200.jpg,https://www.italy-shop.eu/images/ly453/3000-4000/Torebka-Leather-Country_%5B3056%5D_1200.jpg,https://www.italy-shop.eu/images/ly453/3000-4000/Torebka-Leather-Country_%5B3057%5D_1200.jpg,https://www.italy-shop.eu/images/ly453/3000-4000/Torebka-Leather-Country_%5B3058%5D_1200.jpg,https://www.italy-shop.eu/images/ly453/3000-4000/Torebka-Leather-Country_%5B3059%5D_1200.jpg,https://www.italy-shop.eu/images/ly453/3000-4000/Torebka-Leather-Country_%5B3060%5D_1200.jpg	other
118_52	Torebka Leather Country	Skórzana torebka w fasonie mini bowling bag z miękkiej skóry naturalnej w odcieniu beżu. Precyzyjne przeszycia i złote okucia podkreślają klasyczne włoskie wykonanie.	https://www.italy-shop.eu/Torebka-Leather-Country-p118	https://www.italy-shop.eu/images/ly453/3000-4000/Torebka-Leather-Country_%5B3058%5D_1200.jpg	Leather Country	516.00 PLN	in_stock	118	3032	Torebki	Brązowy			new	female	adult			https://www.italy-shop.eu/images/ly453/3000-4000/Torebka-Leather-Country_%5B3055%5D_1200.jpg,https://www.italy-shop.eu/images/ly453/3000-4000/Torebka-Leather-Country_%5B3056%5D_1200.jpg,https://www.italy-shop.eu/images/ly453/3000-4000/Torebka-Leather-Country_%5B3057%5D_1200.jpg,https://www.italy-shop.eu/images/ly453/3000-4000/Torebka-Leather-Country_%5B3058%5D_1200.jpg,https://www.italy-shop.eu/images/ly453/3000-4000/Torebka-Leather-Country_%5B3059%5D_1200.jpg,https://www.italy-shop.eu/images/ly453/3000-4000/Torebka-Leather-Country_%5B3060%5D_1200.jpg	other
118_66	Torebka Leather Country	Skórzana torebka w fasonie mini bowling bag z miękkiej skóry naturalnej w odcieniu beżu. Precyzyjne przeszycia i złote okucia podkreślają klasyczne włoskie wykonanie.	https://www.italy-shop.eu/Torebka-Leather-Country-p118	https://www.italy-shop.eu/images/ly453/3000-4000/Torebka-Leather-Country_%5B3054%5D_1200.jpg	Leather Country	516.00 PLN	in_stock	118	3032	Torebki	Mleczny			new	female	adult			https://www.italy-shop.eu/images/ly453/3000-4000/Torebka-Leather-Country_%5B3055%5D_1200.jpg,https://www.italy-shop.eu/images/ly453/3000-4000/Torebka-Leather-Country_%5B3056%5D_1200.jpg,https://www.italy-shop.eu/images/ly453/3000-4000/Torebka-Leather-Country_%5B3057%5D_1200.jpg,https://www.italy-shop.eu/images/ly453/3000-4000/Torebka-Leather-Country_%5B3058%5D_1200.jpg,https://www.italy-shop.eu/images/ly453/3000-4000/Torebka-Leather-Country_%5B3059%5D_1200.jpg,https://www.italy-shop.eu/images/ly453/3000-4000/Torebka-Leather-Country_%5B3060%5D_1200.jpg	other
136_45	Torebka Leather Country	Sztywna torebka w stylu kuferka z naturalnej skóry ziarnistej. Charakterystyczny pasek z kłódką i złote okucia nadają klasyczny charakter. Dostępna w siedmiu kolorach.	https://www.italy-shop.eu/Torebka-Leather-Country-p136	https://www.italy-shop.eu/images/ly453/2000-3000/Torebka-Leather-Country_%5B2553%5D_1200.jpg	Leather Country	760.00 PLN	in_stock	136	3032	Torebki	Czarny			new	female	adult			https://www.italy-shop.eu/images/ly453/2000-3000/Torebka-Leather-Country_%5B2548%5D_1200.jpg,https://www.italy-shop.eu/images/ly453/2000-3000/Torebka-Leather-Country_%5B2549%5D_1200.jpg,https://www.italy-shop.eu/images/ly453/2000-3000/Torebka-Leather-Country_%5B2550%5D_1200.jpg,https://www.italy-shop.eu/images/ly453/2000-3000/Torebka-Leather-Country_%5B2552%5D_1200.jpg,https://www.italy-shop.eu/images/ly453/2000-3000/Torebka-Leather-Country_%5B2551%5D_1200.jpg,https://www.italy-shop.eu/images/ly453/2000-3000/Torebka-Leather-Country_%5B2553%5D_1200.jpg,https://www.italy-shop.eu/images/ly453/2000-3000/Torebka-Leather-Country_%5B2554%5D_1200.jpg,https://www.italy-shop.eu/images/ly453/2000-3000/Torebka-Leather-Country_%5B2555%5D_1200.jpg,https://www.italy-shop.eu/images/ly453/2000-3000/Torebka-Leather-Country_%5B2556%5D_1200.jpg,https://www.italy-shop.eu/images/ly453/2000-3000/Torebka-Leather-Country_%5B2557%5D_1200.jpg	other
136_47	Torebka Leather Country	Sztywna torebka w stylu kuferka z naturalnej skóry ziarnistej. Charakterystyczny pasek z kłódką i złote okucia nadają klasyczny charakter. Dostępna w siedmiu kolorach.	https://www.italy-shop.eu/Torebka-Leather-Country-p136	https://www.italy-shop.eu/images/ly453/2000-3000/Torebka-Leather-Country_%5B2551%5D_1200.jpg	Leather Country	760.00 PLN	in_stock	136	3032	Torebki	Beżowy			new	female	adult			https://www.italy-shop.eu/images/ly453/2000-3000/Torebka-Leather-Country_%5B2548%5D_1200.jpg,https://www.italy-shop.eu/images/ly453/2000-3000/Torebka-Leather-Country_%5B2549%5D_1200.jpg,https://www.italy-shop.eu/images/ly453/2000-3000/Torebka-Leather-Country_%5B2550%5D_1200.jpg,https://www.italy-shop.eu/images/ly453/2000-3000/Torebka-Leather-Country_%5B2552%5D_1200.jpg,https://www.italy-shop.eu/images/ly453/2000-3000/Torebka-Leather-Country_%5B2551%5D_1200.jpg,https://www.italy-shop.eu/images/ly453/2000-3000/Torebka-Leather-Country_%5B2553%5D_1200.jpg,https://www.italy-shop.eu/images/ly453/2000-3000/Torebka-Leather-Country_%5B2554%5D_1200.jpg,https://www.italy-shop.eu/images/ly453/2000-3000/Torebka-Leather-Country_%5B2555%5D_1200.jpg,https://www.italy-shop.eu/images/ly453/2000-3000/Torebka-Leather-Country_%5B2556%5D_1200.jpg,https://www.italy-shop.eu/images/ly453/2000-3000/Torebka-Leather-Country_%5B2557%5D_1200.jpg	other
136_52	Torebka Leather Country	Sztywna torebka w stylu kuferka z naturalnej skóry ziarnistej. Charakterystyczny pasek z kłódką i złote okucia nadają klasyczny charakter. Dostępna w siedmiu kolorach.	https://www.italy-shop.eu/Torebka-Leather-Country-p136	https://www.italy-shop.eu/images/ly453/2000-3000/Torebka-Leather-Country_%5B2550%5D_1200.jpg	Leather Country	760.00 PLN	in_stock	136	3032	Torebki	Brązowy			new	female	adult			https://www.italy-shop.eu/images/ly453/2000-3000/Torebka-Leather-Country_%5B2548%5D_1200.jpg,https://www.italy-shop.eu/images/ly453/2000-3000/Torebka-Leather-Country_%5B2549%5D_1200.jpg,https://www.italy-shop.eu/images/ly453/2000-3000/Torebka-Leather-Country_%5B2550%5D_1200.jpg,https://www.italy-shop.eu/images/ly453/2000-3000/Torebka-Leather-Country_%5B2552%5D_1200.jpg,https://www.italy-shop.eu/images/ly453/2000-3000/Torebka-Leather-Country_%5B2551%5D_1200.jpg,https://www.italy-shop.eu/images/ly453/2000-3000/Torebka-Leather-Country_%5B2553%5D_1200.jpg,https://www.italy-shop.eu/images/ly453/2000-3000/Torebka-Leather-Country_%5B2554%5D_1200.jpg,https://www.italy-shop.eu/images/ly453/2000-3000/Torebka-Leather-Country_%5B2555%5D_1200.jpg,https://www.italy-shop.eu/images/ly453/2000-3000/Torebka-Leather-Country_%5B2556%5D_1200.jpg,https://www.italy-shop.eu/images/ly453/2000-3000/Torebka-Leather-Country_%5B2557%5D_1200.jpg	other
136_56	Torebka Leather Country	Sztywna torebka w stylu kuferka z naturalnej skóry ziarnistej. Charakterystyczny pasek z kłódką i złote okucia nadają klasyczny charakter. Dostępna w siedmiu kolorach.	https://www.italy-shop.eu/Torebka-Leather-Country-p136	https://www.italy-shop.eu/images/ly453/2000-3000/Torebka-Leather-Country_%5B2549%5D_1200.jpg	Leather Country	760.00 PLN	in_stock	136	3032	Torebki	Bordowy			new	female	adult			https://www.italy-shop.eu/images/ly453/2000-3000/Torebka-Leather-Country_%5B2548%5D_1200.jpg,https://www.italy-shop.eu/images/ly453/2000-3000/Torebka-Leather-Country_%5B2549%5D_1200.jpg,https://www.italy-shop.eu/images/ly453/2000-3000/Torebka-Leather-Country_%5B2550%5D_1200.jpg,https://www.italy-shop.eu/images/ly453/2000-3000/Torebka-Leather-Country_%5B2552%5D_1200.jpg,https://www.italy-shop.eu/images/ly453/2000-3000/Torebka-Leather-Country_%5B2551%5D_1200.jpg,https://www.italy-shop.eu/images/ly453/2000-3000/Torebka-Leather-Country_%5B2553%5D_1200.jpg,https://www.italy-shop.eu/images/ly453/2000-3000/Torebka-Leather-Country_%5B2554%5D_1200.jpg,https://www.italy-shop.eu/images/ly453/2000-3000/Torebka-Leather-Country_%5B2555%5D_1200.jpg,https://www.italy-shop.eu/images/ly453/2000-3000/Torebka-Leather-Country_%5B2556%5D_1200.jpg,https://www.italy-shop.eu/images/ly453/2000-3000/Torebka-Leather-Country_%5B2557%5D_1200.jpg	other
136_58	Torebka Leather Country	Sztywna torebka w stylu kuferka z naturalnej skóry ziarnistej. Charakterystyczny pasek z kłódką i złote okucia nadają klasyczny charakter. Dostępna w siedmiu kolorach.	https://www.italy-shop.eu/Torebka-Leather-Country-p136	https://www.italy-shop.eu/images/ly453/2000-3000/Torebka-Leather-Country_%5B2548%5D_1200.jpg	Leather Country	760.00 PLN	in_stock	136	3032	Torebki	Szary			new	female	adult			https://www.italy-shop.eu/images/ly453/2000-3000/Torebka-Leather-Country_%5B2548%5D_1200.jpg,https://www.italy-shop.eu/images/ly453/2000-3000/Torebka-Leather-Country_%5B2549%5D_1200.jpg,https://www.italy-shop.eu/images/ly453/2000-3000/Torebka-Leather-Country_%5B2550%5D_1200.jpg,https://www.italy-shop.eu/images/ly453/2000-3000/Torebka-Leather-Country_%5B2552%5D_1200.jpg,https://www.italy-shop.eu/images/ly453/2000-3000/Torebka-Leather-Country_%5B2551%5D_1200.jpg,https://www.italy-shop.eu/images/ly453/2000-3000/Torebka-Leather-Country_%5B2553%5D_1200.jpg,https://www.italy-shop.eu/images/ly453/2000-3000/Torebka-Leather-Country_%5B2554%5D_1200.jpg,https://www.italy-shop.eu/images/ly453/2000-3000/Torebka-Leather-Country_%5B2555%5D_1200.jpg,https://www.italy-shop.eu/images/ly453/2000-3000/Torebka-Leather-Country_%5B2556%5D_1200.jpg,https://www.italy-shop.eu/images/ly453/2000-3000/Torebka-Leather-Country_%5B2557%5D_1200.jpg	other
136_59	Torebka Leather Country	Sztywna torebka w stylu kuferka z naturalnej skóry ziarnistej. Charakterystyczny pasek z kłódką i złote okucia nadają klasyczny charakter. Dostępna w siedmiu kolorach.	https://www.italy-shop.eu/Torebka-Leather-Country-p136	https://www.italy-shop.eu/images/ly453/2000-3000/Torebka-Leather-Country_%5B2554%5D_1200.jpg	Leather Country	760.00 PLN	in_stock	136	3032	Torebki	Karmel			new	female	adult			https://www.italy-shop.eu/images/ly453/2000-3000/Torebka-Leather-Country_%5B2548%5D_1200.jpg,https://www.italy-shop.eu/images/ly453/2000-3000/Torebka-Leather-Country_%5B2549%5D_1200.jpg,https://www.italy-shop.eu/images/ly453/2000-3000/Torebka-Leather-Country_%5B2550%5D_1200.jpg,https://www.italy-shop.eu/images/ly453/2000-3000/Torebka-Leather-Country_%5B2552%5D_1200.jpg,https://www.italy-shop.eu/images/ly453/2000-3000/Torebka-Leather-Country_%5B2551%5D_1200.jpg,https://www.italy-shop.eu/images/ly453/2000-3000/Torebka-Leather-Country_%5B2553%5D_1200.jpg,https://www.italy-shop.eu/images/ly453/2000-3000/Torebka-Leather-Country_%5B2554%5D_1200.jpg,https://www.italy-shop.eu/images/ly453/2000-3000/Torebka-Leather-Country_%5B2555%5D_1200.jpg,https://www.italy-shop.eu/images/ly453/2000-3000/Torebka-Leather-Country_%5B2556%5D_1200.jpg,https://www.italy-shop.eu/images/ly453/2000-3000/Torebka-Leather-Country_%5B2557%5D_1200.jpg	other
136_66	Torebka Leather Country	Sztywna torebka w stylu kuferka z naturalnej skóry ziarnistej. Charakterystyczny pasek z kłódką i złote okucia nadają klasyczny charakter. Dostępna w siedmiu kolorach.	https://www.italy-shop.eu/Torebka-Leather-Country-p136	https://www.italy-shop.eu/images/ly453/2000-3000/Torebka-Leather-Country_%5B2630%5D_1200.jpg	Leather Country	760.00 PLN	in_stock	136	3032	Torebki	Mleczny			new	female	adult			https://www.italy-shop.eu/images/ly453/2000-3000/Torebka-Leather-Country_%5B2548%5D_1200.jpg,https://www.italy-shop.eu/images/ly453/2000-3000/Torebka-Leather-Country_%5B2549%5D_1200.jpg,https://www.italy-shop.eu/images/ly453/2000-3000/Torebka-Leather-Country_%5B2550%5D_1200.jpg,https://www.italy-shop.eu/images/ly453/2000-3000/Torebka-Leather-Country_%5B2552%5D_1200.jpg,https://www.italy-shop.eu/images/ly453/2000-3000/Torebka-Leather-Country_%5B2551%5D_1200.jpg,https://www.italy-shop.eu/images/ly453/2000-3000/Torebka-Leather-Country_%5B2553%5D_1200.jpg,https://www.italy-shop.eu/images/ly453/2000-3000/Torebka-Leather-Country_%5B2554%5D_1200.jpg,https://www.italy-shop.eu/images/ly453/2000-3000/Torebka-Leather-Country_%5B2555%5D_1200.jpg,https://www.italy-shop.eu/images/ly453/2000-3000/Torebka-Leather-Country_%5B2556%5D_1200.jpg,https://www.italy-shop.eu/images/ly453/2000-3000/Torebka-Leather-Country_%5B2557%5D_1200.jpg	other
201_59	Torebka Leather Country	Kuferek ze skóry naturalnej w kolorze karmelu. Gładka faktura z delikatnym połyskiem, złote okucia i regulowany pasek. Klasyczny fason biznesowy o wymiarach 37x22 cm.	https://www.italy-shop.eu/Torebka-Leather-Country-p201	https://www.italy-shop.eu/images/ly453/2000-3000/Torebka-Leather-Country_%5B2931%5D_1200.jpg	Leather Country	559.00 PLN	in_stock	201	3032	Torebki	Karmel			new	female	adult			https://www.italy-shop.eu/images/ly453/2000-3000/Torebka-Leather-Country_%5B2931%5D_1200.jpg,https://www.italy-shop.eu/images/ly453/2000-3000/Torebka-Leather-Country_%5B2932%5D_1200.jpg,https://www.italy-shop.eu/images/ly453/2000-3000/Torebka-Leather-Country_%5B2933%5D_1200.jpg,https://www.italy-shop.eu/images/ly453/2000-3000/Torebka-Leather-Country_%5B2934%5D_1200.jpg,https://www.italy-shop.eu/images/ly453/2000-3000/Torebka-Leather-Country_%5B2935%5D_1200.jpg,https://www.italy-shop.eu/images/ly453/2000-3000/Torebka-Leather-Country_%5B2936%5D_1200.jpg	other
201_66	Torebka Leather Country	Kuferek ze skóry naturalnej w kolorze karmelu. Gładka faktura z delikatnym połyskiem, złote okucia i regulowany pasek. Klasyczny fason biznesowy o wymiarach 37x22 cm.	https://www.italy-shop.eu/Torebka-Leather-Country-p201	https://www.italy-shop.eu/images/ly453/2000-3000/Torebka-Leather-Country_%5B2935%5D_1200.jpg	Leather Country	559.00 PLN	in_stock	201	3032	Torebki	Mleczny			new	female	adult			https://www.italy-shop.eu/images/ly453/2000-3000/Torebka-Leather-Country_%5B2931%5D_1200.jpg,https://www.italy-shop.eu/images/ly453/2000-3000/Torebka-Leather-Country_%5B2932%5D_1200.jpg,https://www.italy-shop.eu/images/ly453/2000-3000/Torebka-Leather-Country_%5B2933%5D_1200.jpg,https://www.italy-shop.eu/images/ly453/2000-3000/Torebka-Leather-Country_%5B2934%5D_1200.jpg,https://www.italy-shop.eu/images/ly453/2000-3000/Torebka-Leather-Country_%5B2935%5D_1200.jpg,https://www.italy-shop.eu/images/ly453/2000-3000/Torebka-Leather-Country_%5B2936%5D_1200.jpg	other
203_45	Torebka Leather Country	Miękka torebka hobo z naturalnej skóry w ciepłym brązowym odcieniu. Ziarnista faktura nadaje charakteru, wygodny pasek umożliwia noszenie na ramieniu lub w ręku.	https://www.italy-shop.eu/Torebka-Leather-Country-p203	https://www.italy-shop.eu/images/ly453/4000-5000/Torebka-Leather-Country_%5B4674%5D_1200.jpg	Leather Country	365.00 PLN	in_stock	203	3032	Torebki	Czarny			new	female	adult			https://www.italy-shop.eu/images/ly453/4000-5000/Torebka-Leather-Country_%5B4669%5D_1200.jpg,https://www.italy-shop.eu/images/ly453/4000-5000/Torebka-Leather-Country_%5B4670%5D_1200.jpg,https://www.italy-shop.eu/images/ly453/4000-5000/Torebka-Leather-Country_%5B4671%5D_1200.jpg,https://www.italy-shop.eu/images/ly453/4000-5000/Torebka-Leather-Country_%5B4672%5D_1200.jpg,https://www.italy-shop.eu/images/ly453/4000-5000/Torebka-Leather-Country_%5B4673%5D_1200.jpg,https://www.italy-shop.eu/images/ly453/4000-5000/Torebka-Leather-Country_%5B4674%5D_1200.jpg,https://www.italy-shop.eu/images/ly453/4000-5000/Torebka-Leather-Country_%5B4675%5D_1200.jpg,https://www.italy-shop.eu/images/ly453/4000-5000/Torebka-Leather-Country_%5B4676%5D_1200.jpg,https://www.italy-shop.eu/images/ly453/4000-5000/Torebka-Leather-Country_%5B4677%5D_1200.jpg,https://www.italy-shop.eu/images/ly453/4000-5000/Torebka-Leather-Country_%5B4678%5D_1200.jpg	other
203_46	Torebka Leather Country	Miękka torebka hobo z naturalnej skóry w ciepłym brązowym odcieniu. Ziarnista faktura nadaje charakteru, wygodny pasek umożliwia noszenie na ramieniu lub w ręku.	https://www.italy-shop.eu/Torebka-Leather-Country-p203	https://www.italy-shop.eu/images/ly453/4000-5000/Torebka-Leather-Country_%5B4676%5D_1200.jpg	Leather Country	365.00 PLN	in_stock	203	3032	Torebki	Biały			new	female	adult			https://www.italy-shop.eu/images/ly453/4000-5000/Torebka-Leather-Country_%5B4669%5D_1200.jpg,https://www.italy-shop.eu/images/ly453/4000-5000/Torebka-Leather-Country_%5B4670%5D_1200.jpg,https://www.italy-shop.eu/images/ly453/4000-5000/Torebka-Leather-Country_%5B4671%5D_1200.jpg,https://www.italy-shop.eu/images/ly453/4000-5000/Torebka-Leather-Country_%5B4672%5D_1200.jpg,https://www.italy-shop.eu/images/ly453/4000-5000/Torebka-Leather-Country_%5B4673%5D_1200.jpg,https://www.italy-shop.eu/images/ly453/4000-5000/Torebka-Leather-Country_%5B4674%5D_1200.jpg,https://www.italy-shop.eu/images/ly453/4000-5000/Torebka-Leather-Country_%5B4675%5D_1200.jpg,https://www.italy-shop.eu/images/ly453/4000-5000/Torebka-Leather-Country_%5B4676%5D_1200.jpg,https://www.italy-shop.eu/images/ly453/4000-5000/Torebka-Leather-Country_%5B4677%5D_1200.jpg,https://www.italy-shop.eu/images/ly453/4000-5000/Torebka-Leather-Country_%5B4678%5D_1200.jpg	other
203_47	Torebka Leather Country	Miękka torebka hobo z naturalnej skóry w ciepłym brązowym odcieniu. Ziarnista faktura nadaje charakteru, wygodny pasek umożliwia noszenie na ramieniu lub w ręku.	https://www.italy-shop.eu/Torebka-Leather-Country-p203	https://www.italy-shop.eu/images/ly453/4000-5000/Torebka-Leather-Country_%5B4675%5D_1200.jpg	Leather Country	365.00 PLN	in_stock	203	3032	Torebki	Beżowy			new	female	adult			https://www.italy-shop.eu/images/ly453/4000-5000/Torebka-Leather-Country_%5B4669%5D_1200.jpg,https://www.italy-shop.eu/images/ly453/4000-5000/Torebka-Leather-Country_%5B4670%5D_1200.jpg,https://www.italy-shop.eu/images/ly453/4000-5000/Torebka-Leather-Country_%5B4671%5D_1200.jpg,https://www.italy-shop.eu/images/ly453/4000-5000/Torebka-Leather-Country_%5B4672%5D_1200.jpg,https://www.italy-shop.eu/images/ly453/4000-5000/Torebka-Leather-Country_%5B4673%5D_1200.jpg,https://www.italy-shop.eu/images/ly453/4000-5000/Torebka-Leather-Country_%5B4674%5D_1200.jpg,https://www.italy-shop.eu/images/ly453/4000-5000/Torebka-Leather-Country_%5B4675%5D_1200.jpg,https://www.italy-shop.eu/images/ly453/4000-5000/Torebka-Leather-Country_%5B4676%5D_1200.jpg,https://www.italy-shop.eu/images/ly453/4000-5000/Torebka-Leather-Country_%5B4677%5D_1200.jpg,https://www.italy-shop.eu/images/ly453/4000-5000/Torebka-Leather-Country_%5B4678%5D_1200.jpg	other
203_52	Torebka Leather Country	Miękka torebka hobo z naturalnej skóry w ciepłym brązowym odcieniu. Ziarnista faktura nadaje charakteru, wygodny pasek umożliwia noszenie na ramieniu lub w ręku.	https://www.italy-shop.eu/Torebka-Leather-Country-p203	https://www.italy-shop.eu/images/ly453/4000-5000/Torebka-Leather-Country_%5B4675%5D_1200.jpg	Leather Country	365.00 PLN	in_stock	203	3032	Torebki	Brązowy			new	female	adult			https://www.italy-shop.eu/images/ly453/4000-5000/Torebka-Leather-Country_%5B4669%5D_1200.jpg,https://www.italy-shop.eu/images/ly453/4000-5000/Torebka-Leather-Country_%5B4670%5D_1200.jpg,https://www.italy-shop.eu/images/ly453/4000-5000/Torebka-Leather-Country_%5B4671%5D_1200.jpg,https://www.italy-shop.eu/images/ly453/4000-5000/Torebka-Leather-Country_%5B4672%5D_1200.jpg,https://www.italy-shop.eu/images/ly453/4000-5000/Torebka-Leather-Country_%5B4673%5D_1200.jpg,https://www.italy-shop.eu/images/ly453/4000-5000/Torebka-Leather-Country_%5B4674%5D_1200.jpg,https://www.italy-shop.eu/images/ly453/4000-5000/Torebka-Leather-Country_%5B4675%5D_1200.jpg,https://www.italy-shop.eu/images/ly453/4000-5000/Torebka-Leather-Country_%5B4676%5D_1200.jpg,https://www.italy-shop.eu/images/ly453/4000-5000/Torebka-Leather-Country_%5B4677%5D_1200.jpg,https://www.italy-shop.eu/images/ly453/4000-5000/Torebka-Leather-Country_%5B4678%5D_1200.jpg	other
203_56	Torebka Leather Country	Miękka torebka hobo z naturalnej skóry w ciepłym brązowym odcieniu. Ziarnista faktura nadaje charakteru, wygodny pasek umożliwia noszenie na ramieniu lub w ręku.	https://www.italy-shop.eu/Torebka-Leather-Country-p203	https://www.italy-shop.eu/images/ly453/4000-5000/Torebka-Leather-Country_%5B4678%5D_1200.jpg	Leather Country	365.00 PLN	in_stock	203	3032	Torebki	Bordowy			new	female	adult			https://www.italy-shop.eu/images/ly453/4000-5000/Torebka-Leather-Country_%5B4669%5D_1200.jpg,https://www.italy-shop.eu/images/ly453/4000-5000/Torebka-Leather-Country_%5B4670%5D_1200.jpg,https://www.italy-shop.eu/images/ly453/4000-5000/Torebka-Leather-Country_%5B4671%5D_1200.jpg,https://www.italy-shop.eu/images/ly453/4000-5000/Torebka-Leather-Country_%5B4672%5D_1200.jpg,https://www.italy-shop.eu/images/ly453/4000-5000/Torebka-Leather-Country_%5B4673%5D_1200.jpg,https://www.italy-shop.eu/images/ly453/4000-5000/Torebka-Leather-Country_%5B4674%5D_1200.jpg,https://www.italy-shop.eu/images/ly453/4000-5000/Torebka-Leather-Country_%5B4675%5D_1200.jpg,https://www.italy-shop.eu/images/ly453/4000-5000/Torebka-Leather-Country_%5B4676%5D_1200.jpg,https://www.italy-shop.eu/images/ly453/4000-5000/Torebka-Leather-Country_%5B4677%5D_1200.jpg,https://www.italy-shop.eu/images/ly453/4000-5000/Torebka-Leather-Country_%5B4678%5D_1200.jpg	other
203_57	Torebka Leather Country	Miękka torebka hobo z naturalnej skóry w ciepłym brązowym odcieniu. Ziarnista faktura nadaje charakteru, wygodny pasek umożliwia noszenie na ramieniu lub w ręku.	https://www.italy-shop.eu/Torebka-Leather-Country-p203	https://www.italy-shop.eu/images/ly453/4000-5000/Torebka-Leather-Country_%5B4678%5D_1200.jpg	Leather Country	365.00 PLN	in_stock	203	3032	Torebki	Pudrowy			new	female	adult			https://www.italy-shop.eu/images/ly453/4000-5000/Torebka-Leather-Country_%5B4669%5D_1200.jpg,https://www.italy-shop.eu/images/ly453/4000-5000/Torebka-Leather-Country_%5B4670%5D_1200.jpg,https://www.italy-shop.eu/images/ly453/4000-5000/Torebka-Leather-Country_%5B4671%5D_1200.jpg,https://www.italy-shop.eu/images/ly453/4000-5000/Torebka-Leather-Country_%5B4672%5D_1200.jpg,https://www.italy-shop.eu/images/ly453/4000-5000/Torebka-Leather-Country_%5B4673%5D_1200.jpg,https://www.italy-shop.eu/images/ly453/4000-5000/Torebka-Leather-Country_%5B4674%5D_1200.jpg,https://www.italy-shop.eu/images/ly453/4000-5000/Torebka-Leather-Country_%5B4675%5D_1200.jpg,https://www.italy-shop.eu/images/ly453/4000-5000/Torebka-Leather-Country_%5B4676%5D_1200.jpg,https://www.italy-shop.eu/images/ly453/4000-5000/Torebka-Leather-Country_%5B4677%5D_1200.jpg,https://www.italy-shop.eu/images/ly453/4000-5000/Torebka-Leather-Country_%5B4678%5D_1200.jpg	other
203_59	Torebka Leather Country	Miękka torebka hobo z naturalnej skóry w ciepłym brązowym odcieniu. Ziarnista faktura nadaje charakteru, wygodny pasek umożliwia noszenie na ramieniu lub w ręku.	https://www.italy-shop.eu/Torebka-Leather-Country-p203	https://www.italy-shop.eu/images/ly453/4000-5000/Torebka-Leather-Country_%5B4668%5D_1200.jpg	Leather Country	365.00 PLN	in_stock	203	3032	Torebki	Karmel			new	female	adult			https://www.italy-shop.eu/images/ly453/4000-5000/Torebka-Leather-Country_%5B4669%5D_1200.jpg,https://www.italy-shop.eu/images/ly453/4000-5000/Torebka-Leather-Country_%5B4670%5D_1200.jpg,https://www.italy-shop.eu/images/ly453/4000-5000/Torebka-Leather-Country_%5B4671%5D_1200.jpg,https://www.italy-shop.eu/images/ly453/4000-5000/Torebka-Leather-Country_%5B4672%5D_1200.jpg,https://www.italy-shop.eu/images/ly453/4000-5000/Torebka-Leather-Country_%5B4673%5D_1200.jpg,https://www.italy-shop.eu/images/ly453/4000-5000/Torebka-Leather-Country_%5B4674%5D_1200.jpg,https://www.italy-shop.eu/images/ly453/4000-5000/Torebka-Leather-Country_%5B4675%5D_1200.jpg,https://www.italy-shop.eu/images/ly453/4000-5000/Torebka-Leather-Country_%5B4676%5D_1200.jpg,https://www.italy-shop.eu/images/ly453/4000-5000/Torebka-Leather-Country_%5B4677%5D_1200.jpg,https://www.italy-shop.eu/images/ly453/4000-5000/Torebka-Leather-Country_%5B4678%5D_1200.jpg	other
203_68	Torebka Leather Country	Miękka torebka hobo z naturalnej skóry w ciepłym brązowym odcieniu. Ziarnista faktura nadaje charakteru, wygodny pasek umożliwia noszenie na ramieniu lub w ręku.	https://www.italy-shop.eu/Torebka-Leather-Country-p203	https://www.italy-shop.eu/images/ly453/4000-5000/Torebka-Leather-Country_%5B4671%5D_1200.jpg	Leather Country	365.00 PLN	in_stock	203	3032	Torebki	Oliwkowy			new	female	adult			https://www.italy-shop.eu/images/ly453/4000-5000/Torebka-Leather-Country_%5B4669%5D_1200.jpg,https://www.italy-shop.eu/images/ly453/4000-5000/Torebka-Leather-Country_%5B4670%5D_1200.jpg,https://www.italy-shop.eu/images/ly453/4000-5000/Torebka-Leather-Country_%5B4671%5D_1200.jpg,https://www.italy-shop.eu/images/ly453/4000-5000/Torebka-Leather-Country_%5B4672%5D_1200.jpg,https://www.italy-shop.eu/images/ly453/4000-5000/Torebka-Leather-Country_%5B4673%5D_1200.jpg,https://www.italy-shop.eu/images/ly453/4000-5000/Torebka-Leather-Country_%5B4674%5D_1200.jpg,https://www.italy-shop.eu/images/ly453/4000-5000/Torebka-Leather-Country_%5B4675%5D_1200.jpg,https://www.italy-shop.eu/images/ly453/4000-5000/Torebka-Leather-Country_%5B4676%5D_1200.jpg,https://www.italy-shop.eu/images/ly453/4000-5000/Torebka-Leather-Country_%5B4677%5D_1200.jpg,https://www.italy-shop.eu/images/ly453/4000-5000/Torebka-Leather-Country_%5B4678%5D_1200.jpg	other
207_45	Torebka Leather Country	Skorzana torebka z charakterystycznym marszczeniem nadaje stylizacjom ciepły, jesienny charakter. Miękka faktura i pieknę odcienia harmonizują z casualowymi lookamy w stylu miejskim.	https://www.italy-shop.eu/Zamszowa-torebka-Leather-Country-p207	https://www.italy-shop.eu/images/ly453/6000-7000/Zamszowa-torebka-Leather-Country_%5B6853%5D_1200.jpg	Leather Country	590.00 PLN	in_stock	207	3032	Torebki	Czarny			new	female	adult			https://www.italy-shop.eu/images/ly453/6000-7000/Zamszowa-torebka-Leather-Country_%5B6853%5D_1200.jpg,https://www.italy-shop.eu/images/ly453/6000-7000/Zamszowa-torebka-Leather-Country_%5B6854%5D_1200.jpg,https://www.italy-shop.eu/images/ly453/6000-7000/Zamszowa-torebka-Leather-Country_%5B6855%5D_1200.jpg,https://www.italy-shop.eu/images/ly453/6000-7000/Zamszowa-torebka-Leather-Country_%5B6856%5D_1200.jpg,https://www.italy-shop.eu/images/ly453/6000-7000/Zamszowa-torebka-Leather-Country_%5B6857%5D_1200.jpg,https://www.italy-shop.eu/images/ly453/6000-7000/Zamszowa-torebka-Leather-Country_%5B6858%5D_1200.jpg,https://www.italy-shop.eu/images/ly453/6000-7000/Zamszowa-torebka-Leather-Country_%5B6859%5D_1200.jpg,https://www.italy-shop.eu/images/ly453/6000-7000/Zamszowa-torebka-Leather-Country_%5B6860%5D_1200.jpg	other
207_52	Torebka Leather Country	Skorzana torebka z charakterystycznym marszczeniem nadaje stylizacjom ciepły, jesienny charakter. Miękka faktura i pieknę odcienia harmonizują z casualowymi lookamy w stylu miejskim.	https://www.italy-shop.eu/Zamszowa-torebka-Leather-Country-p207	https://www.italy-shop.eu/images/ly453/6000-7000/Zamszowa-torebka-Leather-Country_%5B6860%5D_1200.jpg	Leather Country	590.00 PLN	in_stock	207	3032	Torebki	Brązowy			new	female	adult			https://www.italy-shop.eu/images/ly453/6000-7000/Zamszowa-torebka-Leather-Country_%5B6853%5D_1200.jpg,https://www.italy-shop.eu/images/ly453/6000-7000/Zamszowa-torebka-Leather-Country_%5B6854%5D_1200.jpg,https://www.italy-shop.eu/images/ly453/6000-7000/Zamszowa-torebka-Leather-Country_%5B6855%5D_1200.jpg,https://www.italy-shop.eu/images/ly453/6000-7000/Zamszowa-torebka-Leather-Country_%5B6856%5D_1200.jpg,https://www.italy-shop.eu/images/ly453/6000-7000/Zamszowa-torebka-Leather-Country_%5B6857%5D_1200.jpg,https://www.italy-shop.eu/images/ly453/6000-7000/Zamszowa-torebka-Leather-Country_%5B6858%5D_1200.jpg,https://www.italy-shop.eu/images/ly453/6000-7000/Zamszowa-torebka-Leather-Country_%5B6859%5D_1200.jpg,https://www.italy-shop.eu/images/ly453/6000-7000/Zamszowa-torebka-Leather-Country_%5B6860%5D_1200.jpg	other
207_65	Torebka Leather Country	Skorzana torebka z charakterystycznym marszczeniem nadaje stylizacjom ciepły, jesienny charakter. Miękka faktura i pieknę odcienia harmonizują z casualowymi lookamy w stylu miejskim.	https://www.italy-shop.eu/Zamszowa-torebka-Leather-Country-p207	https://www.italy-shop.eu/images/ly453/6000-7000/Zamszowa-torebka-Leather-Country_%5B6857%5D_1200.jpg	Leather Country	590.00 PLN	in_stock	207	3032	Torebki	Cappuccino			new	female	adult			https://www.italy-shop.eu/images/ly453/6000-7000/Zamszowa-torebka-Leather-Country_%5B6853%5D_1200.jpg,https://www.italy-shop.eu/images/ly453/6000-7000/Zamszowa-torebka-Leather-Country_%5B6854%5D_1200.jpg,https://www.italy-shop.eu/images/ly453/6000-7000/Zamszowa-torebka-Leather-Country_%5B6855%5D_1200.jpg,https://www.italy-shop.eu/images/ly453/6000-7000/Zamszowa-torebka-Leather-Country_%5B6856%5D_1200.jpg,https://www.italy-shop.eu/images/ly453/6000-7000/Zamszowa-torebka-Leather-Country_%5B6857%5D_1200.jpg,https://www.italy-shop.eu/images/ly453/6000-7000/Zamszowa-torebka-Leather-Country_%5B6858%5D_1200.jpg,https://www.italy-shop.eu/images/ly453/6000-7000/Zamszowa-torebka-Leather-Country_%5B6859%5D_1200.jpg,https://www.italy-shop.eu/images/ly453/6000-7000/Zamszowa-torebka-Leather-Country_%5B6860%5D_1200.jpg	other
211_45	Torebka Leather Country	Torebka typu hobo z charakterystycznym splotem skórzanym. Miękka naturalna skóra układa się swobodnie, tworząc półokrągły kształt z jednym uchem do noszenia.	https://www.italy-shop.eu/Torebka-Leather-Country-p211	https://www.italy-shop.eu/images/ly453/1000-2000/Torebka-Leather-Country_%5B1693%5D_1200.jpg	Leather Country	470.00 PLN	in_stock	211	3032	Torebki	Czarny			new	female	adult			https://www.italy-shop.eu/images/ly453/1000-2000/Torebka-Leather-Country_%5B1692%5D_1200.jpg,https://www.italy-shop.eu/images/ly453/1000-2000/Torebka-Leather-Country_%5B1693%5D_1200.jpg,https://www.italy-shop.eu/images/ly453/1000-2000/Torebka-Leather-Country_%5B1694%5D_1200.jpg,https://www.italy-shop.eu/images/ly453/1000-2000/Torebka-Leather-Country_%5B1695%5D_1200.jpg,https://www.italy-shop.eu/images/ly453/1000-2000/Torebka-Leather-Country_%5B1696%5D_1200.jpg,https://www.italy-shop.eu/images/ly453/4000-5000/Torebka-Leather-Country_%5B4634%5D_1200.jpg,https://www.italy-shop.eu/images/ly453/1000-2000/Torebka-Leather-Country_%5B1697%5D_1200.jpg,https://www.italy-shop.eu/images/ly453/1000-2000/Torebka-Leather-Country_%5B1698%5D_1200.jpg,https://www.italy-shop.eu/images/ly453/4000-5000/Torebka-Leather-Country_%5B4635%5D_1200.jpg,https://www.italy-shop.eu/images/ly453/4000-5000/Torebka-Leather-Country_%5B4636%5D_1200.jpg	other
211_46	Torebka Leather Country	Torebka typu hobo z charakterystycznym splotem skórzanym. Miękka naturalna skóra układa się swobodnie, tworząc półokrągły kształt z jednym uchem do noszenia.	https://www.italy-shop.eu/Torebka-Leather-Country-p211	https://www.italy-shop.eu/images/ly453/1000-2000/Torebka-Leather-Country_%5B1698%5D_1200.jpg	Leather Country	470.00 PLN	in_stock	211	3032	Torebki	Biały			new	female	adult			https://www.italy-shop.eu/images/ly453/1000-2000/Torebka-Leather-Country_%5B1692%5D_1200.jpg,https://www.italy-shop.eu/images/ly453/1000-2000/Torebka-Leather-Country_%5B1693%5D_1200.jpg,https://www.italy-shop.eu/images/ly453/1000-2000/Torebka-Leather-Country_%5B1694%5D_1200.jpg,https://www.italy-shop.eu/images/ly453/1000-2000/Torebka-Leather-Country_%5B1695%5D_1200.jpg,https://www.italy-shop.eu/images/ly453/1000-2000/Torebka-Leather-Country_%5B1696%5D_1200.jpg,https://www.italy-shop.eu/images/ly453/4000-5000/Torebka-Leather-Country_%5B4634%5D_1200.jpg,https://www.italy-shop.eu/images/ly453/1000-2000/Torebka-Leather-Country_%5B1697%5D_1200.jpg,https://www.italy-shop.eu/images/ly453/1000-2000/Torebka-Leather-Country_%5B1698%5D_1200.jpg,https://www.italy-shop.eu/images/ly453/4000-5000/Torebka-Leather-Country_%5B4635%5D_1200.jpg,https://www.italy-shop.eu/images/ly453/4000-5000/Torebka-Leather-Country_%5B4636%5D_1200.jpg	other
211_47	Torebka Leather Country	Torebka typu hobo z charakterystycznym splotem skórzanym. Miękka naturalna skóra układa się swobodnie, tworząc półokrągły kształt z jednym uchem do noszenia.	https://www.italy-shop.eu/Torebka-Leather-Country-p211	https://www.italy-shop.eu/images/ly453/1000-2000/Torebka-Leather-Country_%5B1698%5D_1200.jpg	Leather Country	470.00 PLN	in_stock	211	3032	Torebki	Beżowy			new	female	adult			https://www.italy-shop.eu/images/ly453/1000-2000/Torebka-Leather-Country_%5B1692%5D_1200.jpg,https://www.italy-shop.eu/images/ly453/1000-2000/Torebka-Leather-Country_%5B1693%5D_1200.jpg,https://www.italy-shop.eu/images/ly453/1000-2000/Torebka-Leather-Country_%5B1694%5D_1200.jpg,https://www.italy-shop.eu/images/ly453/1000-2000/Torebka-Leather-Country_%5B1695%5D_1200.jpg,https://www.italy-shop.eu/images/ly453/1000-2000/Torebka-Leather-Country_%5B1696%5D_1200.jpg,https://www.italy-shop.eu/images/ly453/4000-5000/Torebka-Leather-Country_%5B4634%5D_1200.jpg,https://www.italy-shop.eu/images/ly453/1000-2000/Torebka-Leather-Country_%5B1697%5D_1200.jpg,https://www.italy-shop.eu/images/ly453/1000-2000/Torebka-Leather-Country_%5B1698%5D_1200.jpg,https://www.italy-shop.eu/images/ly453/4000-5000/Torebka-Leather-Country_%5B4635%5D_1200.jpg,https://www.italy-shop.eu/images/ly453/4000-5000/Torebka-Leather-Country_%5B4636%5D_1200.jpg	other
211_48	Torebka Leather Country	Torebka typu hobo z charakterystycznym splotem skórzanym. Miękka naturalna skóra układa się swobodnie, tworząc półokrągły kształt z jednym uchem do noszenia.	https://www.italy-shop.eu/Torebka-Leather-Country-p211	https://www.italy-shop.eu/images/ly453/1000-2000/Torebka-Leather-Country_%5B1698%5D_1200.jpg	Leather Country	470.00 PLN	in_stock	211	3032	Torebki	Zielony			new	female	adult			https://www.italy-shop.eu/images/ly453/1000-2000/Torebka-Leather-Country_%5B1692%5D_1200.jpg,https://www.italy-shop.eu/images/ly453/1000-2000/Torebka-Leather-Country_%5B1693%5D_1200.jpg,https://www.italy-shop.eu/images/ly453/1000-2000/Torebka-Leather-Country_%5B1694%5D_1200.jpg,https://www.italy-shop.eu/images/ly453/1000-2000/Torebka-Leather-Country_%5B1695%5D_1200.jpg,https://www.italy-shop.eu/images/ly453/1000-2000/Torebka-Leather-Country_%5B1696%5D_1200.jpg,https://www.italy-shop.eu/images/ly453/4000-5000/Torebka-Leather-Country_%5B4634%5D_1200.jpg,https://www.italy-shop.eu/images/ly453/1000-2000/Torebka-Leather-Country_%5B1697%5D_1200.jpg,https://www.italy-shop.eu/images/ly453/1000-2000/Torebka-Leather-Country_%5B1698%5D_1200.jpg,https://www.italy-shop.eu/images/ly453/4000-5000/Torebka-Leather-Country_%5B4635%5D_1200.jpg,https://www.italy-shop.eu/images/ly453/4000-5000/Torebka-Leather-Country_%5B4636%5D_1200.jpg	other
211_52	Torebka Leather Country	Torebka typu hobo z charakterystycznym splotem skórzanym. Miękka naturalna skóra układa się swobodnie, tworząc półokrągły kształt z jednym uchem do noszenia.	https://www.italy-shop.eu/Torebka-Leather-Country-p211	https://www.italy-shop.eu/images/ly453/1000-2000/Torebka-Leather-Country_%5B1692%5D_1200.jpg	Leather Country	470.00 PLN	in_stock	211	3032	Torebki	Brązowy			new	female	adult			https://www.italy-shop.eu/images/ly453/1000-2000/Torebka-Leather-Country_%5B1692%5D_1200.jpg,https://www.italy-shop.eu/images/ly453/1000-2000/Torebka-Leather-Country_%5B1693%5D_1200.jpg,https://www.italy-shop.eu/images/ly453/1000-2000/Torebka-Leather-Country_%5B1694%5D_1200.jpg,https://www.italy-shop.eu/images/ly453/1000-2000/Torebka-Leather-Country_%5B1695%5D_1200.jpg,https://www.italy-shop.eu/images/ly453/1000-2000/Torebka-Leather-Country_%5B1696%5D_1200.jpg,https://www.italy-shop.eu/images/ly453/4000-5000/Torebka-Leather-Country_%5B4634%5D_1200.jpg,https://www.italy-shop.eu/images/ly453/1000-2000/Torebka-Leather-Country_%5B1697%5D_1200.jpg,https://www.italy-shop.eu/images/ly453/1000-2000/Torebka-Leather-Country_%5B1698%5D_1200.jpg,https://www.italy-shop.eu/images/ly453/4000-5000/Torebka-Leather-Country_%5B4635%5D_1200.jpg,https://www.italy-shop.eu/images/ly453/4000-5000/Torebka-Leather-Country_%5B4636%5D_1200.jpg	other
211_59	Torebka Leather Country	Torebka typu hobo z charakterystycznym splotem skórzanym. Miękka naturalna skóra układa się swobodnie, tworząc półokrągły kształt z jednym uchem do noszenia.	https://www.italy-shop.eu/Torebka-Leather-Country-p211	https://www.italy-shop.eu/images/ly453/1000-2000/Torebka-Leather-Country_%5B1691%5D_1200.jpg	Leather Country	470.00 PLN	in_stock	211	3032	Torebki	Karmel			new	female	adult			https://www.italy-shop.eu/images/ly453/1000-2000/Torebka-Leather-Country_%5B1692%5D_1200.jpg,https://www.italy-shop.eu/images/ly453/1000-2000/Torebka-Leather-Country_%5B1693%5D_1200.jpg,https://www.italy-shop.eu/images/ly453/1000-2000/Torebka-Leather-Country_%5B1694%5D_1200.jpg,https://www.italy-shop.eu/images/ly453/1000-2000/Torebka-Leather-Country_%5B1695%5D_1200.jpg,https://www.italy-shop.eu/images/ly453/1000-2000/Torebka-Leather-Country_%5B1696%5D_1200.jpg,https://www.italy-shop.eu/images/ly453/4000-5000/Torebka-Leather-Country_%5B4634%5D_1200.jpg,https://www.italy-shop.eu/images/ly453/1000-2000/Torebka-Leather-Country_%5B1697%5D_1200.jpg,https://www.italy-shop.eu/images/ly453/1000-2000/Torebka-Leather-Country_%5B1698%5D_1200.jpg,https://www.italy-shop.eu/images/ly453/4000-5000/Torebka-Leather-Country_%5B4635%5D_1200.jpg,https://www.italy-shop.eu/images/ly453/4000-5000/Torebka-Leather-Country_%5B4636%5D_1200.jpg	other
211_60	Torebka Leather Country	Torebka typu hobo z charakterystycznym splotem skórzanym. Miękka naturalna skóra układa się swobodnie, tworząc półokrągły kształt z jednym uchem do noszenia.	https://www.italy-shop.eu/Torebka-Leather-Country-p211	https://www.italy-shop.eu/images/ly453/1000-2000/Torebka-Leather-Country_%5B1698%5D_1200.jpg	Leather Country	470.00 PLN	in_stock	211	3032	Torebki	Liliowy			new	female	adult			https://www.italy-shop.eu/images/ly453/1000-2000/Torebka-Leather-Country_%5B1692%5D_1200.jpg,https://www.italy-shop.eu/images/ly453/1000-2000/Torebka-Leather-Country_%5B1693%5D_1200.jpg,https://www.italy-shop.eu/images/ly453/1000-2000/Torebka-Leather-Country_%5B1694%5D_1200.jpg,https://www.italy-shop.eu/images/ly453/1000-2000/Torebka-Leather-Country_%5B1695%5D_1200.jpg,https://www.italy-shop.eu/images/ly453/1000-2000/Torebka-Leather-Country_%5B1696%5D_1200.jpg,https://www.italy-shop.eu/images/ly453/4000-5000/Torebka-Leather-Country_%5B4634%5D_1200.jpg,https://www.italy-shop.eu/images/ly453/1000-2000/Torebka-Leather-Country_%5B1697%5D_1200.jpg,https://www.italy-shop.eu/images/ly453/1000-2000/Torebka-Leather-Country_%5B1698%5D_1200.jpg,https://www.italy-shop.eu/images/ly453/4000-5000/Torebka-Leather-Country_%5B4635%5D_1200.jpg,https://www.italy-shop.eu/images/ly453/4000-5000/Torebka-Leather-Country_%5B4636%5D_1200.jpg	other
211_61	Torebka Leather Country	Torebka typu hobo z charakterystycznym splotem skórzanym. Miękka naturalna skóra układa się swobodnie, tworząc półokrągły kształt z jednym uchem do noszenia.	https://www.italy-shop.eu/Torebka-Leather-Country-p211	https://www.italy-shop.eu/images/ly453/1000-2000/Torebka-Leather-Country_%5B1694%5D_1200.jpg	Leather Country	470.00 PLN	in_stock	211	3032	Torebki	Metalowy			new	female	adult			https://www.italy-shop.eu/images/ly453/1000-2000/Torebka-Leather-Country_%5B1692%5D_1200.jpg,https://www.italy-shop.eu/images/ly453/1000-2000/Torebka-Leather-Country_%5B1693%5D_1200.jpg,https://www.italy-shop.eu/images/ly453/1000-2000/Torebka-Leather-Country_%5B1694%5D_1200.jpg,https://www.italy-shop.eu/images/ly453/1000-2000/Torebka-Leather-Country_%5B1695%5D_1200.jpg,https://www.italy-shop.eu/images/ly453/1000-2000/Torebka-Leather-Country_%5B1696%5D_1200.jpg,https://www.italy-shop.eu/images/ly453/4000-5000/Torebka-Leather-Country_%5B4634%5D_1200.jpg,https://www.italy-shop.eu/images/ly453/1000-2000/Torebka-Leather-Country_%5B1697%5D_1200.jpg,https://www.italy-shop.eu/images/ly453/1000-2000/Torebka-Leather-Country_%5B1698%5D_1200.jpg,https://www.italy-shop.eu/images/ly453/4000-5000/Torebka-Leather-Country_%5B4635%5D_1200.jpg,https://www.italy-shop.eu/images/ly453/4000-5000/Torebka-Leather-Country_%5B4636%5D_1200.jpg	other
211_64	Torebka Leather Country	Torebka typu hobo z charakterystycznym splotem skórzanym. Miękka naturalna skóra układa się swobodnie, tworząc półokrągły kształt z jednym uchem do noszenia.	https://www.italy-shop.eu/Torebka-Leather-Country-p211	https://www.italy-shop.eu/images/ly453/4000-5000/Torebka-Leather-Country_%5B4634%5D_1200.jpg	Leather Country	470.00 PLN	in_stock	211	3032	Torebki	Złoty			new	female	adult			https://www.italy-shop.eu/images/ly453/1000-2000/Torebka-Leather-Country_%5B1692%5D_1200.jpg,https://www.italy-shop.eu/images/ly453/1000-2000/Torebka-Leather-Country_%5B1693%5D_1200.jpg,https://www.italy-shop.eu/images/ly453/1000-2000/Torebka-Leather-Country_%5B1694%5D_1200.jpg,https://www.italy-shop.eu/images/ly453/1000-2000/Torebka-Leather-Country_%5B1695%5D_1200.jpg,https://www.italy-shop.eu/images/ly453/1000-2000/Torebka-Leather-Country_%5B1696%5D_1200.jpg,https://www.italy-shop.eu/images/ly453/4000-5000/Torebka-Leather-Country_%5B4634%5D_1200.jpg,https://www.italy-shop.eu/images/ly453/1000-2000/Torebka-Leather-Country_%5B1697%5D_1200.jpg,https://www.italy-shop.eu/images/ly453/1000-2000/Torebka-Leather-Country_%5B1698%5D_1200.jpg,https://www.italy-shop.eu/images/ly453/4000-5000/Torebka-Leather-Country_%5B4635%5D_1200.jpg,https://www.italy-shop.eu/images/ly453/4000-5000/Torebka-Leather-Country_%5B4636%5D_1200.jpg	other
211_68	Torebka Leather Country	Torebka typu hobo z charakterystycznym splotem skórzanym. Miękka naturalna skóra układa się swobodnie, tworząc półokrągły kształt z jednym uchem do noszenia.	https://www.italy-shop.eu/Torebka-Leather-Country-p211	https://www.italy-shop.eu/images/ly453/4000-5000/Torebka-Leather-Country_%5B4636%5D_1200.jpg	Leather Country	470.00 PLN	in_stock	211	3032	Torebki	Oliwkowy			new	female	adult			https://www.italy-shop.eu/images/ly453/1000-2000/Torebka-Leather-Country_%5B1692%5D_1200.jpg,https://www.italy-shop.eu/images/ly453/1000-2000/Torebka-Leather-Country_%5B1693%5D_1200.jpg,https://www.italy-shop.eu/images/ly453/1000-2000/Torebka-Leather-Country_%5B1694%5D_1200.jpg,https://www.italy-shop.eu/images/ly453/1000-2000/Torebka-Leather-Country_%5B1695%5D_1200.jpg,https://www.italy-shop.eu/images/ly453/1000-2000/Torebka-Leather-Country_%5B1696%5D_1200.jpg,https://www.italy-shop.eu/images/ly453/4000-5000/Torebka-Leather-Country_%5B4634%5D_1200.jpg,https://www.italy-shop.eu/images/ly453/1000-2000/Torebka-Leather-Country_%5B1697%5D_1200.jpg,https://www.italy-shop.eu/images/ly453/1000-2000/Torebka-Leather-Country_%5B1698%5D_1200.jpg,https://www.italy-shop.eu/images/ly453/4000-5000/Torebka-Leather-Country_%5B4635%5D_1200.jpg,https://www.italy-shop.eu/images/ly453/4000-5000/Torebka-Leather-Country_%5B4636%5D_1200.jpg	other
212_45	Torebka Leather Country	Torebka shopper z pleccionej skóry naturalnej. Charakterystyczna faktura intrecciato w klasycznych odcieniach ziemi. Skórzane uchwyty ze złotymi pierścieniami.	https://www.italy-shop.eu/Torebka-Leather-Country-p212	https://www.italy-shop.eu/images/ly453/2000-3000/Torebka-Leather-Country_%5B2114%5D_1200.jpg	Leather Country	590.00 PLN	in_stock	212	3032	Torebki	Czarny			new	female	adult			https://www.italy-shop.eu/images/ly453/2000-3000/Torebka-Leather-Country_%5B2114%5D_1200.jpg,https://www.italy-shop.eu/images/ly453/2000-3000/Torebka-Leather-Country_%5B2115%5D_1200.jpg,https://www.italy-shop.eu/images/ly453/2000-3000/Torebka-Leather-Country_%5B2116%5D_1200.jpg,https://www.italy-shop.eu/images/ly453/3000-4000/Torebka-Leather-Country_%5B3041%5D_1200.jpg,https://www.italy-shop.eu/images/ly453/2000-3000/Torebka-Leather-Country_%5B2117%5D_1200.jpg,https://www.italy-shop.eu/images/ly453/2000-3000/Torebka-Leather-Country_%5B2118%5D_1200.jpg,https://www.italy-shop.eu/images/ly453/2000-3000/Torebka-Leather-Country_%5B2119%5D_1200.jpg,https://www.italy-shop.eu/images/ly453/2000-3000/Torebka-Leather-Country_%5B2120%5D_1200.jpg,https://www.italy-shop.eu/images/ly453/2000-3000/Torebka-Leather-Country_%5B2283%5D_1200.jpg,https://www.italy-shop.eu/images/ly453/3000-4000/Torebka-Leather-Country_%5B3042%5D_1200.jpg	other
212_47	Torebka Leather Country	Torebka shopper z pleccionej skóry naturalnej. Charakterystyczna faktura intrecciato w klasycznych odcieniach ziemi. Skórzane uchwyty ze złotymi pierścieniami.	https://www.italy-shop.eu/Torebka-Leather-Country-p212	https://www.italy-shop.eu/images/ly453/2000-3000/Torebka-Leather-Country_%5B2119%5D_1200.jpg	Leather Country	590.00 PLN	in_stock	212	3032	Torebki	Beżowy			new	female	adult			https://www.italy-shop.eu/images/ly453/2000-3000/Torebka-Leather-Country_%5B2114%5D_1200.jpg,https://www.italy-shop.eu/images/ly453/2000-3000/Torebka-Leather-Country_%5B2115%5D_1200.jpg,https://www.italy-shop.eu/images/ly453/2000-3000/Torebka-Leather-Country_%5B2116%5D_1200.jpg,https://www.italy-shop.eu/images/ly453/3000-4000/Torebka-Leather-Country_%5B3041%5D_1200.jpg,https://www.italy-shop.eu/images/ly453/2000-3000/Torebka-Leather-Country_%5B2117%5D_1200.jpg,https://www.italy-shop.eu/images/ly453/2000-3000/Torebka-Leather-Country_%5B2118%5D_1200.jpg,https://www.italy-shop.eu/images/ly453/2000-3000/Torebka-Leather-Country_%5B2119%5D_1200.jpg,https://www.italy-shop.eu/images/ly453/2000-3000/Torebka-Leather-Country_%5B2120%5D_1200.jpg,https://www.italy-shop.eu/images/ly453/2000-3000/Torebka-Leather-Country_%5B2283%5D_1200.jpg,https://www.italy-shop.eu/images/ly453/3000-4000/Torebka-Leather-Country_%5B3042%5D_1200.jpg	other
212_52	Torebka Leather Country	Torebka shopper z pleccionej skóry naturalnej. Charakterystyczna faktura intrecciato w klasycznych odcieniach ziemi. Skórzane uchwyty ze złotymi pierścieniami.	https://www.italy-shop.eu/Torebka-Leather-Country-p212	https://www.italy-shop.eu/images/ly453/2000-3000/Torebka-Leather-Country_%5B2116%5D_1200.jpg	Leather Country	590.00 PLN	in_stock	212	3032	Torebki	Brązowy			new	female	adult			https://www.italy-shop.eu/images/ly453/2000-3000/Torebka-Leather-Country_%5B2114%5D_1200.jpg,https://www.italy-shop.eu/images/ly453/2000-3000/Torebka-Leather-Country_%5B2115%5D_1200.jpg,https://www.italy-shop.eu/images/ly453/2000-3000/Torebka-Leather-Country_%5B2116%5D_1200.jpg,https://www.italy-shop.eu/images/ly453/3000-4000/Torebka-Leather-Country_%5B3041%5D_1200.jpg,https://www.italy-shop.eu/images/ly453/2000-3000/Torebka-Leather-Country_%5B2117%5D_1200.jpg,https://www.italy-shop.eu/images/ly453/2000-3000/Torebka-Leather-Country_%5B2118%5D_1200.jpg,https://www.italy-shop.eu/images/ly453/2000-3000/Torebka-Leather-Country_%5B2119%5D_1200.jpg,https://www.italy-shop.eu/images/ly453/2000-3000/Torebka-Leather-Country_%5B2120%5D_1200.jpg,https://www.italy-shop.eu/images/ly453/2000-3000/Torebka-Leather-Country_%5B2283%5D_1200.jpg,https://www.italy-shop.eu/images/ly453/3000-4000/Torebka-Leather-Country_%5B3042%5D_1200.jpg	other
212_56	Torebka Leather Country	Torebka shopper z pleccionej skóry naturalnej. Charakterystyczna faktura intrecciato w klasycznych odcieniach ziemi. Skórzane uchwyty ze złotymi pierścieniami.	https://www.italy-shop.eu/Torebka-Leather-Country-p212	https://www.italy-shop.eu/images/ly453/2000-3000/Torebka-Leather-Country_%5B2283%5D_1200.jpg	Leather Country	590.00 PLN	in_stock	212	3032	Torebki	Bordowy			new	female	adult			https://www.italy-shop.eu/images/ly453/2000-3000/Torebka-Leather-Country_%5B2114%5D_1200.jpg,https://www.italy-shop.eu/images/ly453/2000-3000/Torebka-Leather-Country_%5B2115%5D_1200.jpg,https://www.italy-shop.eu/images/ly453/2000-3000/Torebka-Leather-Country_%5B2116%5D_1200.jpg,https://www.italy-shop.eu/images/ly453/3000-4000/Torebka-Leather-Country_%5B3041%5D_1200.jpg,https://www.italy-shop.eu/images/ly453/2000-3000/Torebka-Leather-Country_%5B2117%5D_1200.jpg,https://www.italy-shop.eu/images/ly453/2000-3000/Torebka-Leather-Country_%5B2118%5D_1200.jpg,https://www.italy-shop.eu/images/ly453/2000-3000/Torebka-Leather-Country_%5B2119%5D_1200.jpg,https://www.italy-shop.eu/images/ly453/2000-3000/Torebka-Leather-Country_%5B2120%5D_1200.jpg,https://www.italy-shop.eu/images/ly453/2000-3000/Torebka-Leather-Country_%5B2283%5D_1200.jpg,https://www.italy-shop.eu/images/ly453/3000-4000/Torebka-Leather-Country_%5B3042%5D_1200.jpg	other
212_59	Torebka Leather Country	Torebka shopper z pleccionej skóry naturalnej. Charakterystyczna faktura intrecciato w klasycznych odcieniach ziemi. Skórzane uchwyty ze złotymi pierścieniami.	https://www.italy-shop.eu/Torebka-Leather-Country-p212	https://www.italy-shop.eu/images/ly453/2000-3000/Torebka-Leather-Country_%5B2117%5D_1200.jpg	Leather Country	590.00 PLN	in_stock	212	3032	Torebki	Karmel			new	female	adult			https://www.italy-shop.eu/images/ly453/2000-3000/Torebka-Leather-Country_%5B2114%5D_1200.jpg,https://www.italy-shop.eu/images/ly453/2000-3000/Torebka-Leather-Country_%5B2115%5D_1200.jpg,https://www.italy-shop.eu/images/ly453/2000-3000/Torebka-Leather-Country_%5B2116%5D_1200.jpg,https://www.italy-shop.eu/images/ly453/3000-4000/Torebka-Leather-Country_%5B3041%5D_1200.jpg,https://www.italy-shop.eu/images/ly453/2000-3000/Torebka-Leather-Country_%5B2117%5D_1200.jpg,https://www.italy-shop.eu/images/ly453/2000-3000/Torebka-Leather-Country_%5B2118%5D_1200.jpg,https://www.italy-shop.eu/images/ly453/2000-3000/Torebka-Leather-Country_%5B2119%5D_1200.jpg,https://www.italy-shop.eu/images/ly453/2000-3000/Torebka-Leather-Country_%5B2120%5D_1200.jpg,https://www.italy-shop.eu/images/ly453/2000-3000/Torebka-Leather-Country_%5B2283%5D_1200.jpg,https://www.italy-shop.eu/images/ly453/3000-4000/Torebka-Leather-Country_%5B3042%5D_1200.jpg	other
217_45	Torebka Leather Country	Torebka o charakterystycznym pikowanym wzorze z miękkiej skóry naturalnej w kolorze cappuccino. Kompaktowy fason z okrągłymi uchwytami i delikatnym połyskiem powierzchni.	https://www.italy-shop.eu/Torebka-Leather-Country-p217	https://www.italy-shop.eu/images/ly453/2000-3000/Torebka-Leather-Country_%5B2503%5D_1200.jpg	Leather Country	560.00 PLN	in_stock	217	3032	Torebki	Czarny			new	female	adult			https://www.italy-shop.eu/images/ly453/3000-4000/Torebka-Leather-Country_%5B3040%5D_1200.jpg,https://www.italy-shop.eu/images/ly453/2000-3000/Torebka-Leather-Country_%5B2493%5D_1200.jpg,https://www.italy-shop.eu/images/ly453/2000-3000/Torebka-Leather-Country_%5B2494%5D_1200.jpg,https://www.italy-shop.eu/images/ly453/2000-3000/Torebka-Leather-Country_%5B2495%5D_1200.jpg,https://www.italy-shop.eu/images/ly453/2000-3000/Torebka-Leather-Country_%5B2496%5D_1200.jpg,https://www.italy-shop.eu/images/ly453/2000-3000/Torebka-Leather-Country_%5B2497%5D_1200.jpg,https://www.italy-shop.eu/images/ly453/2000-3000/Torebka-Leather-Country_%5B2498%5D_1200.jpg,https://www.italy-shop.eu/images/ly453/2000-3000/Torebka-Leather-Country_%5B2499%5D_1200.jpg,https://www.italy-shop.eu/images/ly453/2000-3000/Torebka-Leather-Country_%5B2501%5D_1200.jpg,https://www.italy-shop.eu/images/ly453/2000-3000/Torebka-Leather-Country_%5B2503%5D_1200.jpg	other
217_47	Torebka Leather Country	Torebka o charakterystycznym pikowanym wzorze z miękkiej skóry naturalnej w kolorze cappuccino. Kompaktowy fason z okrągłymi uchwytami i delikatnym połyskiem powierzchni.	https://www.italy-shop.eu/Torebka-Leather-Country-p217	https://www.italy-shop.eu/images/ly453/3000-4000/Torebka-Leather-Country_%5B3039%5D_1200.jpg	Leather Country	560.00 PLN	in_stock	217	3032	Torebki	Beżowy			new	female	adult			https://www.italy-shop.eu/images/ly453/3000-4000/Torebka-Leather-Country_%5B3040%5D_1200.jpg,https://www.italy-shop.eu/images/ly453/2000-3000/Torebka-Leather-Country_%5B2493%5D_1200.jpg,https://www.italy-shop.eu/images/ly453/2000-3000/Torebka-Leather-Country_%5B2494%5D_1200.jpg,https://www.italy-shop.eu/images/ly453/2000-3000/Torebka-Leather-Country_%5B2495%5D_1200.jpg,https://www.italy-shop.eu/images/ly453/2000-3000/Torebka-Leather-Country_%5B2496%5D_1200.jpg,https://www.italy-shop.eu/images/ly453/2000-3000/Torebka-Leather-Country_%5B2497%5D_1200.jpg,https://www.italy-shop.eu/images/ly453/2000-3000/Torebka-Leather-Country_%5B2498%5D_1200.jpg,https://www.italy-shop.eu/images/ly453/2000-3000/Torebka-Leather-Country_%5B2499%5D_1200.jpg,https://www.italy-shop.eu/images/ly453/2000-3000/Torebka-Leather-Country_%5B2501%5D_1200.jpg,https://www.italy-shop.eu/images/ly453/2000-3000/Torebka-Leather-Country_%5B2503%5D_1200.jpg	other
217_49	Torebka Leather Country	Torebka o charakterystycznym pikowanym wzorze z miękkiej skóry naturalnej w kolorze cappuccino. Kompaktowy fason z okrągłymi uchwytami i delikatnym połyskiem powierzchni.	https://www.italy-shop.eu/Torebka-Leather-Country-p217	https://www.italy-shop.eu/images/ly453/2000-3000/Torebka-Leather-Country_%5B2494%5D_1200.jpg	Leather Country	560.00 PLN	in_stock	217	3032	Torebki	Czerwony			new	female	adult			https://www.italy-shop.eu/images/ly453/3000-4000/Torebka-Leather-Country_%5B3040%5D_1200.jpg,https://www.italy-shop.eu/images/ly453/2000-3000/Torebka-Leather-Country_%5B2493%5D_1200.jpg,https://www.italy-shop.eu/images/ly453/2000-3000/Torebka-Leather-Country_%5B2494%5D_1200.jpg,https://www.italy-shop.eu/images/ly453/2000-3000/Torebka-Leather-Country_%5B2495%5D_1200.jpg,https://www.italy-shop.eu/images/ly453/2000-3000/Torebka-Leather-Country_%5B2496%5D_1200.jpg,https://www.italy-shop.eu/images/ly453/2000-3000/Torebka-Leather-Country_%5B2497%5D_1200.jpg,https://www.italy-shop.eu/images/ly453/2000-3000/Torebka-Leather-Country_%5B2498%5D_1200.jpg,https://www.italy-shop.eu/images/ly453/2000-3000/Torebka-Leather-Country_%5B2499%5D_1200.jpg,https://www.italy-shop.eu/images/ly453/2000-3000/Torebka-Leather-Country_%5B2501%5D_1200.jpg,https://www.italy-shop.eu/images/ly453/2000-3000/Torebka-Leather-Country_%5B2503%5D_1200.jpg	other
217_65	Torebka Leather Country	Torebka o charakterystycznym pikowanym wzorze z miękkiej skóry naturalnej w kolorze cappuccino. Kompaktowy fason z okrągłymi uchwytami i delikatnym połyskiem powierzchni.	https://www.italy-shop.eu/Torebka-Leather-Country-p217	https://www.italy-shop.eu/images/ly453/2000-3000/Torebka-Leather-Country_%5B2501%5D_1200.jpg	Leather Country	560.00 PLN	in_stock	217	3032	Torebki	Cappuccino			new	female	adult			https://www.italy-shop.eu/images/ly453/3000-4000/Torebka-Leather-Country_%5B3040%5D_1200.jpg,https://www.italy-shop.eu/images/ly453/2000-3000/Torebka-Leather-Country_%5B2493%5D_1200.jpg,https://www.italy-shop.eu/images/ly453/2000-3000/Torebka-Leather-Country_%5B2494%5D_1200.jpg,https://www.italy-shop.eu/images/ly453/2000-3000/Torebka-Leather-Country_%5B2495%5D_1200.jpg,https://www.italy-shop.eu/images/ly453/2000-3000/Torebka-Leather-Country_%5B2496%5D_1200.jpg,https://www.italy-shop.eu/images/ly453/2000-3000/Torebka-Leather-Country_%5B2497%5D_1200.jpg,https://www.italy-shop.eu/images/ly453/2000-3000/Torebka-Leather-Country_%5B2498%5D_1200.jpg,https://www.italy-shop.eu/images/ly453/2000-3000/Torebka-Leather-Country_%5B2499%5D_1200.jpg,https://www.italy-shop.eu/images/ly453/2000-3000/Torebka-Leather-Country_%5B2501%5D_1200.jpg,https://www.italy-shop.eu/images/ly453/2000-3000/Torebka-Leather-Country_%5B2503%5D_1200.jpg	other
217_66	Torebka Leather Country	Torebka o charakterystycznym pikowanym wzorze z miękkiej skóry naturalnej w kolorze cappuccino. Kompaktowy fason z okrągłymi uchwytami i delikatnym połyskiem powierzchni.	https://www.italy-shop.eu/Torebka-Leather-Country-p217	https://www.italy-shop.eu/images/ly453/2000-3000/Torebka-Leather-Country_%5B2496%5D_1200.jpg	Leather Country	560.00 PLN	in_stock	217	3032	Torebki	Mleczny			new	female	adult			https://www.italy-shop.eu/images/ly453/3000-4000/Torebka-Leather-Country_%5B3040%5D_1200.jpg,https://www.italy-shop.eu/images/ly453/2000-3000/Torebka-Leather-Country_%5B2493%5D_1200.jpg,https://www.italy-shop.eu/images/ly453/2000-3000/Torebka-Leather-Country_%5B2494%5D_1200.jpg,https://www.italy-shop.eu/images/ly453/2000-3000/Torebka-Leather-Country_%5B2495%5D_1200.jpg,https://www.italy-shop.eu/images/ly453/2000-3000/Torebka-Leather-Country_%5B2496%5D_1200.jpg,https://www.italy-shop.eu/images/ly453/2000-3000/Torebka-Leather-Country_%5B2497%5D_1200.jpg,https://www.italy-shop.eu/images/ly453/2000-3000/Torebka-Leather-Country_%5B2498%5D_1200.jpg,https://www.italy-shop.eu/images/ly453/2000-3000/Torebka-Leather-Country_%5B2499%5D_1200.jpg,https://www.italy-shop.eu/images/ly453/2000-3000/Torebka-Leather-Country_%5B2501%5D_1200.jpg,https://www.italy-shop.eu/images/ly453/2000-3000/Torebka-Leather-Country_%5B2503%5D_1200.jpg	other
221_45	Torebka Leather Country	Worek zamszowy z charakterystycznym złotym pierścieniem u dołu. Miękka skóra naturalna w pięciu kolorach - od klasycznego czarnego po ciepły karmel.	https://www.italy-shop.eu/Torebka-Leather-Country-p221	https://www.italy-shop.eu/images/ly453/7000-8000/Torebka-Leather-Country_%5B7015%5D_1200.jpg	Leather Country	450.00 PLN	in_stock	221	3032	Torebki	Czarny			new	female	adult			https://www.italy-shop.eu/images/ly453/7000-8000/Torebka-Leather-Country_%5B7013%5D_1200.jpg,https://www.italy-shop.eu/images/ly453/7000-8000/Torebka-Leather-Country_%5B7021%5D_1200.jpg,https://www.italy-shop.eu/images/ly453/7000-8000/Torebka-Leather-Country_%5B7014%5D_1200.jpg,https://www.italy-shop.eu/images/ly453/7000-8000/Torebka-Leather-Country_%5B7015%5D_1200.jpg,https://www.italy-shop.eu/images/ly453/7000-8000/Torebka-Leather-Country_%5B7016%5D_1200.jpg,https://www.italy-shop.eu/images/ly453/7000-8000/Torebka-Leather-Country_%5B7017%5D_1200.jpg,https://www.italy-shop.eu/images/ly453/7000-8000/Torebka-Leather-Country_%5B7018%5D_1200.jpg,https://www.italy-shop.eu/images/ly453/7000-8000/Torebka-Leather-Country_%5B7019%5D_1200.jpg,https://www.italy-shop.eu/images/ly453/7000-8000/Torebka-Leather-Country_%5B7020%5D_1200.jpg,https://www.italy-shop.eu/images/ly453/7000-8000/Torebka-Leather-Country_%5B7022%5D_1200.jpg	other
221_49	Torebka Leather Country	Worek zamszowy z charakterystycznym złotym pierścieniem u dołu. Miękka skóra naturalna w pięciu kolorach - od klasycznego czarnego po ciepły karmel.	https://www.italy-shop.eu/Torebka-Leather-Country-p221	https://www.italy-shop.eu/images/ly453/7000-8000/Torebka-Leather-Country_%5B7022%5D_1200.jpg	Leather Country	450.00 PLN	in_stock	221	3032	Torebki	Czerwony			new	female	adult			https://www.italy-shop.eu/images/ly453/7000-8000/Torebka-Leather-Country_%5B7013%5D_1200.jpg,https://www.italy-shop.eu/images/ly453/7000-8000/Torebka-Leather-Country_%5B7021%5D_1200.jpg,https://www.italy-shop.eu/images/ly453/7000-8000/Torebka-Leather-Country_%5B7014%5D_1200.jpg,https://www.italy-shop.eu/images/ly453/7000-8000/Torebka-Leather-Country_%5B7015%5D_1200.jpg,https://www.italy-shop.eu/images/ly453/7000-8000/Torebka-Leather-Country_%5B7016%5D_1200.jpg,https://www.italy-shop.eu/images/ly453/7000-8000/Torebka-Leather-Country_%5B7017%5D_1200.jpg,https://www.italy-shop.eu/images/ly453/7000-8000/Torebka-Leather-Country_%5B7018%5D_1200.jpg,https://www.italy-shop.eu/images/ly453/7000-8000/Torebka-Leather-Country_%5B7019%5D_1200.jpg,https://www.italy-shop.eu/images/ly453/7000-8000/Torebka-Leather-Country_%5B7020%5D_1200.jpg,https://www.italy-shop.eu/images/ly453/7000-8000/Torebka-Leather-Country_%5B7022%5D_1200.jpg	other
221_56	Torebka Leather Country	Worek zamszowy z charakterystycznym złotym pierścieniem u dołu. Miękka skóra naturalna w pięciu kolorach - od klasycznego czarnego po ciepły karmel.	https://www.italy-shop.eu/Torebka-Leather-Country-p221	https://www.italy-shop.eu/images/ly453/7000-8000/Torebka-Leather-Country_%5B7012%5D_1200.jpg	Leather Country	450.00 PLN	in_stock	221	3032	Torebki	Bordowy			new	female	adult			https://www.italy-shop.eu/images/ly453/7000-8000/Torebka-Leather-Country_%5B7013%5D_1200.jpg,https://www.italy-shop.eu/images/ly453/7000-8000/Torebka-Leather-Country_%5B7021%5D_1200.jpg,https://www.italy-shop.eu/images/ly453/7000-8000/Torebka-Leather-Country_%5B7014%5D_1200.jpg,https://www.italy-shop.eu/images/ly453/7000-8000/Torebka-Leather-Country_%5B7015%5D_1200.jpg,https://www.italy-shop.eu/images/ly453/7000-8000/Torebka-Leather-Country_%5B7016%5D_1200.jpg,https://www.italy-shop.eu/images/ly453/7000-8000/Torebka-Leather-Country_%5B7017%5D_1200.jpg,https://www.italy-shop.eu/images/ly453/7000-8000/Torebka-Leather-Country_%5B7018%5D_1200.jpg,https://www.italy-shop.eu/images/ly453/7000-8000/Torebka-Leather-Country_%5B7019%5D_1200.jpg,https://www.italy-shop.eu/images/ly453/7000-8000/Torebka-Leather-Country_%5B7020%5D_1200.jpg,https://www.italy-shop.eu/images/ly453/7000-8000/Torebka-Leather-Country_%5B7022%5D_1200.jpg	other
221_59	Torebka Leather Country	Worek zamszowy z charakterystycznym złotym pierścieniem u dołu. Miękka skóra naturalna w pięciu kolorach - od klasycznego czarnego po ciepły karmel.	https://www.italy-shop.eu/Torebka-Leather-Country-p221	https://www.italy-shop.eu/images/ly453/7000-8000/Torebka-Leather-Country_%5B7021%5D_1200.jpg	Leather Country	450.00 PLN	in_stock	221	3032	Torebki	Karmel			new	female	adult			https://www.italy-shop.eu/images/ly453/7000-8000/Torebka-Leather-Country_%5B7013%5D_1200.jpg,https://www.italy-shop.eu/images/ly453/7000-8000/Torebka-Leather-Country_%5B7021%5D_1200.jpg,https://www.italy-shop.eu/images/ly453/7000-8000/Torebka-Leather-Country_%5B7014%5D_1200.jpg,https://www.italy-shop.eu/images/ly453/7000-8000/Torebka-Leather-Country_%5B7015%5D_1200.jpg,https://www.italy-shop.eu/images/ly453/7000-8000/Torebka-Leather-Country_%5B7016%5D_1200.jpg,https://www.italy-shop.eu/images/ly453/7000-8000/Torebka-Leather-Country_%5B7017%5D_1200.jpg,https://www.italy-shop.eu/images/ly453/7000-8000/Torebka-Leather-Country_%5B7018%5D_1200.jpg,https://www.italy-shop.eu/images/ly453/7000-8000/Torebka-Leather-Country_%5B7019%5D_1200.jpg,https://www.italy-shop.eu/images/ly453/7000-8000/Torebka-Leather-Country_%5B7020%5D_1200.jpg,https://www.italy-shop.eu/images/ly453/7000-8000/Torebka-Leather-Country_%5B7022%5D_1200.jpg	other
221_68	Torebka Leather Country	Worek zamszowy z charakterystycznym złotym pierścieniem u dołu. Miękka skóra naturalna w pięciu kolorach - od klasycznego czarnego po ciepły karmel.	https://www.italy-shop.eu/Torebka-Leather-Country-p221	https://www.italy-shop.eu/images/ly453/7000-8000/Torebka-Leather-Country_%5B7013%5D_1200.jpg	Leather Country	450.00 PLN	in_stock	221	3032	Torebki	Oliwkowy			new	female	adult			https://www.italy-shop.eu/images/ly453/7000-8000/Torebka-Leather-Country_%5B7013%5D_1200.jpg,https://www.italy-shop.eu/images/ly453/7000-8000/Torebka-Leather-Country_%5B7021%5D_1200.jpg,https://www.italy-shop.eu/images/ly453/7000-8000/Torebka-Leather-Country_%5B7014%5D_1200.jpg,https://www.italy-shop.eu/images/ly453/7000-8000/Torebka-Leather-Country_%5B7015%5D_1200.jpg,https://www.italy-shop.eu/images/ly453/7000-8000/Torebka-Leather-Country_%5B7016%5D_1200.jpg,https://www.italy-shop.eu/images/ly453/7000-8000/Torebka-Leather-Country_%5B7017%5D_1200.jpg,https://www.italy-shop.eu/images/ly453/7000-8000/Torebka-Leather-Country_%5B7018%5D_1200.jpg,https://www.italy-shop.eu/images/ly453/7000-8000/Torebka-Leather-Country_%5B7019%5D_1200.jpg,https://www.italy-shop.eu/images/ly453/7000-8000/Torebka-Leather-Country_%5B7020%5D_1200.jpg,https://www.italy-shop.eu/images/ly453/7000-8000/Torebka-Leather-Country_%5B7022%5D_1200.jpg	other
221_72	Torebka Leather Country	Worek zamszowy z charakterystycznym złotym pierścieniem u dołu. Miękka skóra naturalna w pięciu kolorach - od klasycznego czarnego po ciepły karmel.	https://www.italy-shop.eu/Torebka-Leather-Country-p221	https://www.italy-shop.eu/images/ly453/7000-8000/Torebka-Leather-Country_%5B7012%5D_1200.jpg	Leather Country	450.00 PLN	in_stock	221	3032	Torebki	Taupe			new	female	adult			https://www.italy-shop.eu/images/ly453/7000-8000/Torebka-Leather-Country_%5B7013%5D_1200.jpg,https://www.italy-shop.eu/images/ly453/7000-8000/Torebka-Leather-Country_%5B7021%5D_1200.jpg,https://www.italy-shop.eu/images/ly453/7000-8000/Torebka-Leather-Country_%5B7014%5D_1200.jpg,https://www.italy-shop.eu/images/ly453/7000-8000/Torebka-Leather-Country_%5B7015%5D_1200.jpg,https://www.italy-shop.eu/images/ly453/7000-8000/Torebka-Leather-Country_%5B7016%5D_1200.jpg,https://www.italy-shop.eu/images/ly453/7000-8000/Torebka-Leather-Country_%5B7017%5D_1200.jpg,https://www.italy-shop.eu/images/ly453/7000-8000/Torebka-Leather-Country_%5B7018%5D_1200.jpg,https://www.italy-shop.eu/images/ly453/7000-8000/Torebka-Leather-Country_%5B7019%5D_1200.jpg,https://www.italy-shop.eu/images/ly453/7000-8000/Torebka-Leather-Country_%5B7020%5D_1200.jpg,https://www.italy-shop.eu/images/ly453/7000-8000/Torebka-Leather-Country_%5B7022%5D_1200.jpg	other
228_47	Torebka Leather Country	Torebka hobo z zamszowej skóry w beżowym odcieniu. Charakterystyczny pleciony wzór intrecciato nadaje struktury i głębi. Miękka konstrukcja z wygodnym uchwytem.	https://www.italy-shop.eu/Torebka-Leather-Country-p228	https://www.italy-shop.eu/images/ly453/6000-7000/Torebka-Leather-Country_%5B6810%5D_1200.jpg	Leather Country	545.00 PLN	in_stock	228	3032	Torebki	Beżowy			new	female	adult			https://www.italy-shop.eu/images/ly453/4000-5000/Torebka-Leather-Country_%5B4639%5D_1200.jpg,https://www.italy-shop.eu/images/ly453/4000-5000/Torebka-Leather-Country_%5B4640%5D_1200.jpg,https://www.italy-shop.eu/images/ly453/6000-7000/Torebka-Leather-Country_%5B6811%5D_1200.jpg,https://www.italy-shop.eu/images/ly453/4000-5000/Torebka-Leather-Country_%5B4642%5D_1200.jpg,https://www.italy-shop.eu/images/ly453/4000-5000/Torebka-Leather-Country_%5B4643%5D_1200.jpg,https://www.italy-shop.eu/images/ly453/4000-5000/Torebka-Leather-Country_%5B4644%5D_1200.jpg,https://www.italy-shop.eu/images/ly453/4000-5000/Torebka-Leather-Country_%5B4645%5D_1200.jpg	other
228_52	Torebka Leather Country	Torebka hobo z zamszowej skóry w beżowym odcieniu. Charakterystyczny pleciony wzór intrecciato nadaje struktury i głębi. Miękka konstrukcja z wygodnym uchwytem.	https://www.italy-shop.eu/Torebka-Leather-Country-p228	https://www.italy-shop.eu/images/ly453/4000-5000/Torebka-Leather-Country_%5B4644%5D_1200.jpg	Leather Country	545.00 PLN	in_stock	228	3032	Torebki	Brązowy			new	female	adult			https://www.italy-shop.eu/images/ly453/4000-5000/Torebka-Leather-Country_%5B4639%5D_1200.jpg,https://www.italy-shop.eu/images/ly453/4000-5000/Torebka-Leather-Country_%5B4640%5D_1200.jpg,https://www.italy-shop.eu/images/ly453/6000-7000/Torebka-Leather-Country_%5B6811%5D_1200.jpg,https://www.italy-shop.eu/images/ly453/4000-5000/Torebka-Leather-Country_%5B4642%5D_1200.jpg,https://www.italy-shop.eu/images/ly453/4000-5000/Torebka-Leather-Country_%5B4643%5D_1200.jpg,https://www.italy-shop.eu/images/ly453/4000-5000/Torebka-Leather-Country_%5B4644%5D_1200.jpg,https://www.italy-shop.eu/images/ly453/4000-5000/Torebka-Leather-Country_%5B4645%5D_1200.jpg	other
228_59	Torebka Leather Country	Torebka hobo z zamszowej skóry w beżowym odcieniu. Charakterystyczny pleciony wzór intrecciato nadaje struktury i głębi. Miękka konstrukcja z wygodnym uchwytem.	https://www.italy-shop.eu/Torebka-Leather-Country-p228	https://www.italy-shop.eu/images/ly453/4000-5000/Torebka-Leather-Country_%5B4643%5D_1200.jpg	Leather Country	545.00 PLN	in_stock	228	3032	Torebki	Karmel			new	female	adult			https://www.italy-shop.eu/images/ly453/4000-5000/Torebka-Leather-Country_%5B4639%5D_1200.jpg,https://www.italy-shop.eu/images/ly453/4000-5000/Torebka-Leather-Country_%5B4640%5D_1200.jpg,https://www.italy-shop.eu/images/ly453/6000-7000/Torebka-Leather-Country_%5B6811%5D_1200.jpg,https://www.italy-shop.eu/images/ly453/4000-5000/Torebka-Leather-Country_%5B4642%5D_1200.jpg,https://www.italy-shop.eu/images/ly453/4000-5000/Torebka-Leather-Country_%5B4643%5D_1200.jpg,https://www.italy-shop.eu/images/ly453/4000-5000/Torebka-Leather-Country_%5B4644%5D_1200.jpg,https://www.italy-shop.eu/images/ly453/4000-5000/Torebka-Leather-Country_%5B4645%5D_1200.jpg	other
228_65	Torebka Leather Country	Torebka hobo z zamszowej skóry w beżowym odcieniu. Charakterystyczny pleciony wzór intrecciato nadaje struktury i głębi. Miękka konstrukcja z wygodnym uchwytem.	https://www.italy-shop.eu/Torebka-Leather-Country-p228	https://www.italy-shop.eu/images/ly453/4000-5000/Torebka-Leather-Country_%5B4642%5D_1200.jpg	Leather Country	545.00 PLN	in_stock	228	3032	Torebki	Cappuccino			new	female	adult			https://www.italy-shop.eu/images/ly453/4000-5000/Torebka-Leather-Country_%5B4639%5D_1200.jpg,https://www.italy-shop.eu/images/ly453/4000-5000/Torebka-Leather-Country_%5B4640%5D_1200.jpg,https://www.italy-shop.eu/images/ly453/6000-7000/Torebka-Leather-Country_%5B6811%5D_1200.jpg,https://www.italy-shop.eu/images/ly453/4000-5000/Torebka-Leather-Country_%5B4642%5D_1200.jpg,https://www.italy-shop.eu/images/ly453/4000-5000/Torebka-Leather-Country_%5B4643%5D_1200.jpg,https://www.italy-shop.eu/images/ly453/4000-5000/Torebka-Leather-Country_%5B4644%5D_1200.jpg,https://www.italy-shop.eu/images/ly453/4000-5000/Torebka-Leather-Country_%5B4645%5D_1200.jpg	other
238_45	Torebka Leather Country	Torebka z gladkiej skóry naturalnej. Klasyczna forma z dekoracyjnymi paskami i złotymi okuciami. Naturalny materiał o aksamitnej fakturze.	https://www.italy-shop.eu/Torebka-Leather-Country-p238	https://www.italy-shop.eu/images/ly453/6000-7000/Torebka-Leather-Country_%5B6049%5D_1200.jpg	Leather Country	590.00 PLN	in_stock	238	3032	Torebki	Czarny			new	female	adult			https://www.italy-shop.eu/images/ly453/6000-7000/Torebka-Leather-Country_%5B6038%5D_1200.jpg,https://www.italy-shop.eu/images/ly453/6000-7000/Torebka-Leather-Country_%5B6039%5D_1200.jpg,https://www.italy-shop.eu/images/ly453/6000-7000/Torebka-Leather-Country_%5B6040%5D_1200.jpg,https://www.italy-shop.eu/images/ly453/6000-7000/Torebka-Leather-Country_%5B6041%5D_1200.jpg,https://www.italy-shop.eu/images/ly453/6000-7000/Torebka-Leather-Country_%5B6042%5D_1200.jpg,https://www.italy-shop.eu/images/ly453/6000-7000/Torebka-Leather-Country_%5B6043%5D_1200.jpg,https://www.italy-shop.eu/images/ly453/6000-7000/Torebka-Leather-Country_%5B6045%5D_1200.jpg,https://www.italy-shop.eu/images/ly453/6000-7000/Torebka-Leather-Country_%5B6046%5D_1200.jpg,https://www.italy-shop.eu/images/ly453/6000-7000/Torebka-Leather-Country_%5B6047%5D_1200.jpg,https://www.italy-shop.eu/images/ly453/6000-7000/Torebka-Leather-Country_%5B6048%5D_1200.jpg	other
238_59	Torebka Leather Country	Torebka z gladkiej skóry naturalnej. Klasyczna forma z dekoracyjnymi paskami i złotymi okuciami. Naturalny materiał o aksamitnej fakturze.	https://www.italy-shop.eu/Torebka-Leather-Country-p238	https://www.italy-shop.eu/images/ly453/6000-7000/Torebka-Leather-Country_%5B6045%5D_1200.jpg	Leather Country	590.00 PLN	in_stock	238	3032	Torebki	Karmel			new	female	adult			https://www.italy-shop.eu/images/ly453/6000-7000/Torebka-Leather-Country_%5B6038%5D_1200.jpg,https://www.italy-shop.eu/images/ly453/6000-7000/Torebka-Leather-Country_%5B6039%5D_1200.jpg,https://www.italy-shop.eu/images/ly453/6000-7000/Torebka-Leather-Country_%5B6040%5D_1200.jpg,https://www.italy-shop.eu/images/ly453/6000-7000/Torebka-Leather-Country_%5B6041%5D_1200.jpg,https://www.italy-shop.eu/images/ly453/6000-7000/Torebka-Leather-Country_%5B6042%5D_1200.jpg,https://www.italy-shop.eu/images/ly453/6000-7000/Torebka-Leather-Country_%5B6043%5D_1200.jpg,https://www.italy-shop.eu/images/ly453/6000-7000/Torebka-Leather-Country_%5B6045%5D_1200.jpg,https://www.italy-shop.eu/images/ly453/6000-7000/Torebka-Leather-Country_%5B6046%5D_1200.jpg,https://www.italy-shop.eu/images/ly453/6000-7000/Torebka-Leather-Country_%5B6047%5D_1200.jpg,https://www.italy-shop.eu/images/ly453/6000-7000/Torebka-Leather-Country_%5B6048%5D_1200.jpg	other
238_65	Torebka Leather Country	Torebka z gladkiej skóry naturalnej. Klasyczna forma z dekoracyjnymi paskami i złotymi okuciami. Naturalny materiał o aksamitnej fakturze.	https://www.italy-shop.eu/Torebka-Leather-Country-p238	https://www.italy-shop.eu/images/ly453/6000-7000/Torebka-Leather-Country_%5B6048%5D_1200.jpg	Leather Country	590.00 PLN	in_stock	238	3032	Torebki	Cappuccino			new	female	adult			https://www.italy-shop.eu/images/ly453/6000-7000/Torebka-Leather-Country_%5B6038%5D_1200.jpg,https://www.italy-shop.eu/images/ly453/6000-7000/Torebka-Leather-Country_%5B6039%5D_1200.jpg,https://www.italy-shop.eu/images/ly453/6000-7000/Torebka-Leather-Country_%5B6040%5D_1200.jpg,https://www.italy-shop.eu/images/ly453/6000-7000/Torebka-Leather-Country_%5B6041%5D_1200.jpg,https://www.italy-shop.eu/images/ly453/6000-7000/Torebka-Leather-Country_%5B6042%5D_1200.jpg,https://www.italy-shop.eu/images/ly453/6000-7000/Torebka-Leather-Country_%5B6043%5D_1200.jpg,https://www.italy-shop.eu/images/ly453/6000-7000/Torebka-Leather-Country_%5B6045%5D_1200.jpg,https://www.italy-shop.eu/images/ly453/6000-7000/Torebka-Leather-Country_%5B6046%5D_1200.jpg,https://www.italy-shop.eu/images/ly453/6000-7000/Torebka-Leather-Country_%5B6047%5D_1200.jpg,https://www.italy-shop.eu/images/ly453/6000-7000/Torebka-Leather-Country_%5B6048%5D_1200.jpg	other
238_66	Torebka Leather Country	Torebka z gladkiej skóry naturalnej. Klasyczna forma z dekoracyjnymi paskami i złotymi okuciami. Naturalny materiał o aksamitnej fakturze.	https://www.italy-shop.eu/Torebka-Leather-Country-p238	https://www.italy-shop.eu/images/ly453/6000-7000/Torebka-Leather-Country_%5B6043%5D_1200.jpg	Leather Country	590.00 PLN	in_stock	238	3032	Torebki	Mleczny			new	female	adult			https://www.italy-shop.eu/images/ly453/6000-7000/Torebka-Leather-Country_%5B6038%5D_1200.jpg,https://www.italy-shop.eu/images/ly453/6000-7000/Torebka-Leather-Country_%5B6039%5D_1200.jpg,https://www.italy-shop.eu/images/ly453/6000-7000/Torebka-Leather-Country_%5B6040%5D_1200.jpg,https://www.italy-shop.eu/images/ly453/6000-7000/Torebka-Leather-Country_%5B6041%5D_1200.jpg,https://www.italy-shop.eu/images/ly453/6000-7000/Torebka-Leather-Country_%5B6042%5D_1200.jpg,https://www.italy-shop.eu/images/ly453/6000-7000/Torebka-Leather-Country_%5B6043%5D_1200.jpg,https://www.italy-shop.eu/images/ly453/6000-7000/Torebka-Leather-Country_%5B6045%5D_1200.jpg,https://www.italy-shop.eu/images/ly453/6000-7000/Torebka-Leather-Country_%5B6046%5D_1200.jpg,https://www.italy-shop.eu/images/ly453/6000-7000/Torebka-Leather-Country_%5B6047%5D_1200.jpg,https://www.italy-shop.eu/images/ly453/6000-7000/Torebka-Leather-Country_%5B6048%5D_1200.jpg	other
245_45	Torebka Leather Country	Kopertówka skórzana ze złotą skórą naturalną i charakterystycznym plecionym wzorem. Metalowy zamek z eleganckim uchwytem i długi pasek na ramię.	https://www.italy-shop.eu/Torebka-Leather-Country-p245	https://www.italy-shop.eu/images/ly453/6000-7000/Torebka-Leather-Country_%5B6836%5D_1200.jpg	Leather Country	479.00 PLN	in_stock	245	3032	Torebki	Czarny			new	female	adult			https://www.italy-shop.eu/images/ly453/6000-7000/Torebka-Leather-Country_%5B6838%5D_1200.jpg,https://www.italy-shop.eu/images/ly453/6000-7000/Torebka-Leather-Country_%5B6840%5D_1200.jpg,https://www.italy-shop.eu/images/ly453/6000-7000/Torebka-Leather-Country_%5B6839%5D_1200.jpg,https://www.italy-shop.eu/images/ly453/4000-5000/Torebka-Leather-Country_%5B4618%5D_1200.jpg,https://www.italy-shop.eu/images/ly453/6000-7000/Torebka-Leather-Country_%5B6845%5D_1200.jpg,https://www.italy-shop.eu/images/ly453/6000-7000/Torebka-Leather-Country_%5B6847%5D_1200.jpg,https://www.italy-shop.eu/images/ly453/6000-7000/Torebka-Leather-Country_%5B6836%5D_1200.jpg,https://www.italy-shop.eu/images/ly453/6000-7000/Torebka-Leather-Country_%5B6837%5D_1200.jpg,https://www.italy-shop.eu/images/ly453/4000-5000/Torebka-Leather-Country_%5B4616%5D_1200.jpg,https://www.italy-shop.eu/images/ly453/6000-7000/Torebka-Leather-Country_%5B6833%5D_1200.jpg	other
245_48	Torebka Leather Country	Kopertówka skórzana ze złotą skórą naturalną i charakterystycznym plecionym wzorem. Metalowy zamek z eleganckim uchwytem i długi pasek na ramię.	https://www.italy-shop.eu/Torebka-Leather-Country-p245	https://www.italy-shop.eu/images/ly453/6000-7000/Torebka-Leather-Country_%5B6841%5D_1200.jpg	Leather Country	479.00 PLN	in_stock	245	3032	Torebki	Zielony			new	female	adult			https://www.italy-shop.eu/images/ly453/6000-7000/Torebka-Leather-Country_%5B6838%5D_1200.jpg,https://www.italy-shop.eu/images/ly453/6000-7000/Torebka-Leather-Country_%5B6840%5D_1200.jpg,https://www.italy-shop.eu/images/ly453/6000-7000/Torebka-Leather-Country_%5B6839%5D_1200.jpg,https://www.italy-shop.eu/images/ly453/4000-5000/Torebka-Leather-Country_%5B4618%5D_1200.jpg,https://www.italy-shop.eu/images/ly453/6000-7000/Torebka-Leather-Country_%5B6845%5D_1200.jpg,https://www.italy-shop.eu/images/ly453/6000-7000/Torebka-Leather-Country_%5B6847%5D_1200.jpg,https://www.italy-shop.eu/images/ly453/6000-7000/Torebka-Leather-Country_%5B6836%5D_1200.jpg,https://www.italy-shop.eu/images/ly453/6000-7000/Torebka-Leather-Country_%5B6837%5D_1200.jpg,https://www.italy-shop.eu/images/ly453/4000-5000/Torebka-Leather-Country_%5B4616%5D_1200.jpg,https://www.italy-shop.eu/images/ly453/6000-7000/Torebka-Leather-Country_%5B6833%5D_1200.jpg	other
245_56	Torebka Leather Country	Kopertówka skórzana ze złotą skórą naturalną i charakterystycznym plecionym wzorem. Metalowy zamek z eleganckim uchwytem i długi pasek na ramię.	https://www.italy-shop.eu/Torebka-Leather-Country-p245	https://www.italy-shop.eu/images/ly453/6000-7000/Torebka-Leather-Country_%5B6845%5D_1200.jpg	Leather Country	479.00 PLN	in_stock	245	3032	Torebki	Bordowy			new	female	adult			https://www.italy-shop.eu/images/ly453/6000-7000/Torebka-Leather-Country_%5B6838%5D_1200.jpg,https://www.italy-shop.eu/images/ly453/6000-7000/Torebka-Leather-Country_%5B6840%5D_1200.jpg,https://www.italy-shop.eu/images/ly453/6000-7000/Torebka-Leather-Country_%5B6839%5D_1200.jpg,https://www.italy-shop.eu/images/ly453/4000-5000/Torebka-Leather-Country_%5B4618%5D_1200.jpg,https://www.italy-shop.eu/images/ly453/6000-7000/Torebka-Leather-Country_%5B6845%5D_1200.jpg,https://www.italy-shop.eu/images/ly453/6000-7000/Torebka-Leather-Country_%5B6847%5D_1200.jpg,https://www.italy-shop.eu/images/ly453/6000-7000/Torebka-Leather-Country_%5B6836%5D_1200.jpg,https://www.italy-shop.eu/images/ly453/6000-7000/Torebka-Leather-Country_%5B6837%5D_1200.jpg,https://www.italy-shop.eu/images/ly453/4000-5000/Torebka-Leather-Country_%5B4616%5D_1200.jpg,https://www.italy-shop.eu/images/ly453/6000-7000/Torebka-Leather-Country_%5B6833%5D_1200.jpg	other
245_59	Torebka Leather Country	Kopertówka skórzana ze złotą skórą naturalną i charakterystycznym plecionym wzorem. Metalowy zamek z eleganckim uchwytem i długi pasek na ramię.	https://www.italy-shop.eu/Torebka-Leather-Country-p245	https://www.italy-shop.eu/images/ly453/6000-7000/Torebka-Leather-Country_%5B6834%5D_1200.jpg	Leather Country	479.00 PLN	in_stock	245	3032	Torebki	Karmel			new	female	adult			https://www.italy-shop.eu/images/ly453/6000-7000/Torebka-Leather-Country_%5B6838%5D_1200.jpg,https://www.italy-shop.eu/images/ly453/6000-7000/Torebka-Leather-Country_%5B6840%5D_1200.jpg,https://www.italy-shop.eu/images/ly453/6000-7000/Torebka-Leather-Country_%5B6839%5D_1200.jpg,https://www.italy-shop.eu/images/ly453/4000-5000/Torebka-Leather-Country_%5B4618%5D_1200.jpg,https://www.italy-shop.eu/images/ly453/6000-7000/Torebka-Leather-Country_%5B6845%5D_1200.jpg,https://www.italy-shop.eu/images/ly453/6000-7000/Torebka-Leather-Country_%5B6847%5D_1200.jpg,https://www.italy-shop.eu/images/ly453/6000-7000/Torebka-Leather-Country_%5B6836%5D_1200.jpg,https://www.italy-shop.eu/images/ly453/6000-7000/Torebka-Leather-Country_%5B6837%5D_1200.jpg,https://www.italy-shop.eu/images/ly453/4000-5000/Torebka-Leather-Country_%5B4616%5D_1200.jpg,https://www.italy-shop.eu/images/ly453/6000-7000/Torebka-Leather-Country_%5B6833%5D_1200.jpg	other
245_61	Torebka Leather Country	Kopertówka skórzana ze złotą skórą naturalną i charakterystycznym plecionym wzorem. Metalowy zamek z eleganckim uchwytem i długi pasek na ramię.	https://www.italy-shop.eu/Torebka-Leather-Country-p245	https://www.italy-shop.eu/images/ly453/4000-5000/Torebka-Leather-Country_%5B4620%5D_1200.jpg	Leather Country	479.00 PLN	in_stock	245	3032	Torebki	Metalowy			new	female	adult			https://www.italy-shop.eu/images/ly453/6000-7000/Torebka-Leather-Country_%5B6838%5D_1200.jpg,https://www.italy-shop.eu/images/ly453/6000-7000/Torebka-Leather-Country_%5B6840%5D_1200.jpg,https://www.italy-shop.eu/images/ly453/6000-7000/Torebka-Leather-Country_%5B6839%5D_1200.jpg,https://www.italy-shop.eu/images/ly453/4000-5000/Torebka-Leather-Country_%5B4618%5D_1200.jpg,https://www.italy-shop.eu/images/ly453/6000-7000/Torebka-Leather-Country_%5B6845%5D_1200.jpg,https://www.italy-shop.eu/images/ly453/6000-7000/Torebka-Leather-Country_%5B6847%5D_1200.jpg,https://www.italy-shop.eu/images/ly453/6000-7000/Torebka-Leather-Country_%5B6836%5D_1200.jpg,https://www.italy-shop.eu/images/ly453/6000-7000/Torebka-Leather-Country_%5B6837%5D_1200.jpg,https://www.italy-shop.eu/images/ly453/4000-5000/Torebka-Leather-Country_%5B4616%5D_1200.jpg,https://www.italy-shop.eu/images/ly453/6000-7000/Torebka-Leather-Country_%5B6833%5D_1200.jpg	other
245_64	Torebka Leather Country	Kopertówka skórzana ze złotą skórą naturalną i charakterystycznym plecionym wzorem. Metalowy zamek z eleganckim uchwytem i długi pasek na ramię.	https://www.italy-shop.eu/Torebka-Leather-Country-p245	https://www.italy-shop.eu/images/ly453/4000-5000/Torebka-Leather-Country_%5B4616%5D_1200.jpg	Leather Country	479.00 PLN	in_stock	245	3032	Torebki	Złoty			new	female	adult			https://www.italy-shop.eu/images/ly453/6000-7000/Torebka-Leather-Country_%5B6838%5D_1200.jpg,https://www.italy-shop.eu/images/ly453/6000-7000/Torebka-Leather-Country_%5B6840%5D_1200.jpg,https://www.italy-shop.eu/images/ly453/6000-7000/Torebka-Leather-Country_%5B6839%5D_1200.jpg,https://www.italy-shop.eu/images/ly453/4000-5000/Torebka-Leather-Country_%5B4618%5D_1200.jpg,https://www.italy-shop.eu/images/ly453/6000-7000/Torebka-Leather-Country_%5B6845%5D_1200.jpg,https://www.italy-shop.eu/images/ly453/6000-7000/Torebka-Leather-Country_%5B6847%5D_1200.jpg,https://www.italy-shop.eu/images/ly453/6000-7000/Torebka-Leather-Country_%5B6836%5D_1200.jpg,https://www.italy-shop.eu/images/ly453/6000-7000/Torebka-Leather-Country_%5B6837%5D_1200.jpg,https://www.italy-shop.eu/images/ly453/4000-5000/Torebka-Leather-Country_%5B4616%5D_1200.jpg,https://www.italy-shop.eu/images/ly453/6000-7000/Torebka-Leather-Country_%5B6833%5D_1200.jpg	other
245_66	Torebka Leather Country	Kopertówka skórzana ze złotą skórą naturalną i charakterystycznym plecionym wzorem. Metalowy zamek z eleganckim uchwytem i długi pasek na ramię.	https://www.italy-shop.eu/Torebka-Leather-Country-p245	https://www.italy-shop.eu/images/ly453/6000-7000/Torebka-Leather-Country_%5B6840%5D_1200.jpg	Leather Country	479.00 PLN	in_stock	245	3032	Torebki	Mleczny			new	female	adult			https://www.italy-shop.eu/images/ly453/6000-7000/Torebka-Leather-Country_%5B6838%5D_1200.jpg,https://www.italy-shop.eu/images/ly453/6000-7000/Torebka-Leather-Country_%5B6840%5D_1200.jpg,https://www.italy-shop.eu/images/ly453/6000-7000/Torebka-Leather-Country_%5B6839%5D_1200.jpg,https://www.italy-shop.eu/images/ly453/4000-5000/Torebka-Leather-Country_%5B4618%5D_1200.jpg,https://www.italy-shop.eu/images/ly453/6000-7000/Torebka-Leather-Country_%5B6845%5D_1200.jpg,https://www.italy-shop.eu/images/ly453/6000-7000/Torebka-Leather-Country_%5B6847%5D_1200.jpg,https://www.italy-shop.eu/images/ly453/6000-7000/Torebka-Leather-Country_%5B6836%5D_1200.jpg,https://www.italy-shop.eu/images/ly453/6000-7000/Torebka-Leather-Country_%5B6837%5D_1200.jpg,https://www.italy-shop.eu/images/ly453/4000-5000/Torebka-Leather-Country_%5B4616%5D_1200.jpg,https://www.italy-shop.eu/images/ly453/6000-7000/Torebka-Leather-Country_%5B6833%5D_1200.jpg	other
245_82	Torebka Leather Country	Kopertówka skórzana ze złotą skórą naturalną i charakterystycznym plecionym wzorem. Metalowy zamek z eleganckim uchwytem i długi pasek na ramię.	https://www.italy-shop.eu/Torebka-Leather-Country-p245	https://www.italy-shop.eu/images/ly453/6000-7000/Torebka-Leather-Country_%5B6835%5D_1200.jpg	Leather Country	479.00 PLN	in_stock	245	3032	Torebki	Koniak			new	female	adult			https://www.italy-shop.eu/images/ly453/6000-7000/Torebka-Leather-Country_%5B6838%5D_1200.jpg,https://www.italy-shop.eu/images/ly453/6000-7000/Torebka-Leather-Country_%5B6840%5D_1200.jpg,https://www.italy-shop.eu/images/ly453/6000-7000/Torebka-Leather-Country_%5B6839%5D_1200.jpg,https://www.italy-shop.eu/images/ly453/4000-5000/Torebka-Leather-Country_%5B4618%5D_1200.jpg,https://www.italy-shop.eu/images/ly453/6000-7000/Torebka-Leather-Country_%5B6845%5D_1200.jpg,https://www.italy-shop.eu/images/ly453/6000-7000/Torebka-Leather-Country_%5B6847%5D_1200.jpg,https://www.italy-shop.eu/images/ly453/6000-7000/Torebka-Leather-Country_%5B6836%5D_1200.jpg,https://www.italy-shop.eu/images/ly453/6000-7000/Torebka-Leather-Country_%5B6837%5D_1200.jpg,https://www.italy-shop.eu/images/ly453/4000-5000/Torebka-Leather-Country_%5B4616%5D_1200.jpg,https://www.italy-shop.eu/images/ly453/6000-7000/Torebka-Leather-Country_%5B6833%5D_1200.jpg	other
245_84	Torebka Leather Country	Kopertówka skórzana ze złotą skórą naturalną i charakterystycznym plecionym wzorem. Metalowy zamek z eleganckim uchwytem i długi pasek na ramię.	https://www.italy-shop.eu/Torebka-Leather-Country-p245	https://www.italy-shop.eu/images/ly453/6000-7000/Torebka-Leather-Country_%5B6839%5D_1200.jpg	Leather Country	479.00 PLN	in_stock	245	3032	Torebki	Szmaragdowy			new	female	adult			https://www.italy-shop.eu/images/ly453/6000-7000/Torebka-Leather-Country_%5B6838%5D_1200.jpg,https://www.italy-shop.eu/images/ly453/6000-7000/Torebka-Leather-Country_%5B6840%5D_1200.jpg,https://www.italy-shop.eu/images/ly453/6000-7000/Torebka-Leather-Country_%5B6839%5D_1200.jpg,https://www.italy-shop.eu/images/ly453/4000-5000/Torebka-Leather-Country_%5B4618%5D_1200.jpg,https://www.italy-shop.eu/images/ly453/6000-7000/Torebka-Leather-Country_%5B6845%5D_1200.jpg,https://www.italy-shop.eu/images/ly453/6000-7000/Torebka-Leather-Country_%5B6847%5D_1200.jpg,https://www.italy-shop.eu/images/ly453/6000-7000/Torebka-Leather-Country_%5B6836%5D_1200.jpg,https://www.italy-shop.eu/images/ly453/6000-7000/Torebka-Leather-Country_%5B6837%5D_1200.jpg,https://www.italy-shop.eu/images/ly453/4000-5000/Torebka-Leather-Country_%5B4616%5D_1200.jpg,https://www.italy-shop.eu/images/ly453/6000-7000/Torebka-Leather-Country_%5B6833%5D_1200.jpg	other
250_58	Torebka Leather Country	Kompaktowa torebka na ramię z gładkiej skóry naturalnej w ciepłym odcieniu karmelu. Złote okucia i regulowany pasek z dodatkową rączką do noszenia w dłoni.	https://www.italy-shop.eu/Torebka-Leather-Country-p250	https://www.italy-shop.eu/images/ly453/6000-7000/Torebka-Leather-Country_%5B6551%5D_1200.jpg	Leather Country	460.00 PLN	in_stock	250	3032	Torebki	Szary			new	female	adult			https://www.italy-shop.eu/images/ly453/6000-7000/Torebka-Leather-Country_%5B6562%5D_1200.jpg,https://www.italy-shop.eu/images/ly453/6000-7000/Torebka-Leather-Country_%5B6563%5D_1200.jpg,https://www.italy-shop.eu/images/ly453/6000-7000/Torebka-Leather-Country_%5B6564%5D_1200.jpg,https://www.italy-shop.eu/images/ly453/6000-7000/Torebka-Leather-Country_%5B6551%5D_1200.jpg,https://www.italy-shop.eu/images/ly453/6000-7000/Torebka-Leather-Country_%5B6565%5D_1200.jpg,https://www.italy-shop.eu/images/ly453/6000-7000/Torebka-Leather-Country_%5B6566%5D_1200.jpg,https://www.italy-shop.eu/images/ly453/6000-7000/Torebka-Leather-Country_%5B6567%5D_1200.jpg,https://www.italy-shop.eu/images/ly453/2000-3000/Torebka-Leather-Country_%5B2755%5D_1200.jpg,https://www.italy-shop.eu/images/ly453/2000-3000/Torebka-Leather-Country_%5B2756%5D_1200.jpg,https://www.italy-shop.eu/images/ly453/2000-3000/Torebka-Leather-Country_%5B2757%5D_1200.jpg	other
250_59	Torebka Leather Country	Kompaktowa torebka na ramię z gładkiej skóry naturalnej w ciepłym odcieniu karmelu. Złote okucia i regulowany pasek z dodatkową rączką do noszenia w dłoni.	https://www.italy-shop.eu/Torebka-Leather-Country-p250	https://www.italy-shop.eu/images/ly453/2000-3000/Torebka-Leather-Country_%5B2754%5D_1200.jpg	Leather Country	460.00 PLN	in_stock	250	3032	Torebki	Karmel			new	female	adult			https://www.italy-shop.eu/images/ly453/6000-7000/Torebka-Leather-Country_%5B6562%5D_1200.jpg,https://www.italy-shop.eu/images/ly453/6000-7000/Torebka-Leather-Country_%5B6563%5D_1200.jpg,https://www.italy-shop.eu/images/ly453/6000-7000/Torebka-Leather-Country_%5B6564%5D_1200.jpg,https://www.italy-shop.eu/images/ly453/6000-7000/Torebka-Leather-Country_%5B6551%5D_1200.jpg,https://www.italy-shop.eu/images/ly453/6000-7000/Torebka-Leather-Country_%5B6565%5D_1200.jpg,https://www.italy-shop.eu/images/ly453/6000-7000/Torebka-Leather-Country_%5B6566%5D_1200.jpg,https://www.italy-shop.eu/images/ly453/6000-7000/Torebka-Leather-Country_%5B6567%5D_1200.jpg,https://www.italy-shop.eu/images/ly453/2000-3000/Torebka-Leather-Country_%5B2755%5D_1200.jpg,https://www.italy-shop.eu/images/ly453/2000-3000/Torebka-Leather-Country_%5B2756%5D_1200.jpg,https://www.italy-shop.eu/images/ly453/2000-3000/Torebka-Leather-Country_%5B2757%5D_1200.jpg	other
252_45	Torebka Leather Country	Pleciona torebka z miękkiej skóry naturalnej w fakturze koszykową. Kompaktowy rozmiar z podwójnymi uchwytami, dostępna w ośmiu kolorach włącznie z klasycznym karmelem i niebieskim.	https://www.italy-shop.eu/Torebka-Leather-Country-p252	https://www.italy-shop.eu/images/ly453/4000-5000/Torebka-Leather-Country_%5B4605%5D_1200.jpg	Leather Country	780.00 PLN	in_stock	252	3032	Torebki	Czarny			new	female	adult			https://www.italy-shop.eu/images/ly453/4000-5000/Torebka-Leather-Country_%5B4605%5D_1200.jpg,https://www.italy-shop.eu/images/ly453/4000-5000/Torebka-Leather-Country_%5B4606%5D_1200.jpg,https://www.italy-shop.eu/images/ly453/4000-5000/Torebka-Leather-Country_%5B4607%5D_1200.jpg,https://www.italy-shop.eu/images/ly453/4000-5000/Torebka-Leather-Country_%5B4608%5D_1200.jpg,https://www.italy-shop.eu/images/ly453/4000-5000/Torebka-Leather-Country_%5B4609%5D_1200.jpg,https://www.italy-shop.eu/images/ly453/4000-5000/Torebka-Leather-Country_%5B4610%5D_1200.jpg,https://www.italy-shop.eu/images/ly453/4000-5000/Torebka-Leather-Country_%5B4611%5D_1200.jpg,https://www.italy-shop.eu/images/ly453/4000-5000/Torebka-Leather-Country_%5B4612%5D_1200.jpg,https://www.italy-shop.eu/images/ly453/4000-5000/Torebka-Leather-Country_%5B4613%5D_1200.jpg,https://www.italy-shop.eu/images/ly453/4000-5000/Torebka-Leather-Country_%5B4614%5D_1200.jpg	other
252_52	Torebka Leather Country	Pleciona torebka z miękkiej skóry naturalnej w fakturze koszykową. Kompaktowy rozmiar z podwójnymi uchwytami, dostępna w ośmiu kolorach włącznie z klasycznym karmelem i niebieskim.	https://www.italy-shop.eu/Torebka-Leather-Country-p252	https://www.italy-shop.eu/images/ly453/4000-5000/Torebka-Leather-Country_%5B4606%5D_1200.jpg	Leather Country	780.00 PLN	in_stock	252	3032	Torebki	Brązowy			new	female	adult			https://www.italy-shop.eu/images/ly453/4000-5000/Torebka-Leather-Country_%5B4605%5D_1200.jpg,https://www.italy-shop.eu/images/ly453/4000-5000/Torebka-Leather-Country_%5B4606%5D_1200.jpg,https://www.italy-shop.eu/images/ly453/4000-5000/Torebka-Leather-Country_%5B4607%5D_1200.jpg,https://www.italy-shop.eu/images/ly453/4000-5000/Torebka-Leather-Country_%5B4608%5D_1200.jpg,https://www.italy-shop.eu/images/ly453/4000-5000/Torebka-Leather-Country_%5B4609%5D_1200.jpg,https://www.italy-shop.eu/images/ly453/4000-5000/Torebka-Leather-Country_%5B4610%5D_1200.jpg,https://www.italy-shop.eu/images/ly453/4000-5000/Torebka-Leather-Country_%5B4611%5D_1200.jpg,https://www.italy-shop.eu/images/ly453/4000-5000/Torebka-Leather-Country_%5B4612%5D_1200.jpg,https://www.italy-shop.eu/images/ly453/4000-5000/Torebka-Leather-Country_%5B4613%5D_1200.jpg,https://www.italy-shop.eu/images/ly453/4000-5000/Torebka-Leather-Country_%5B4614%5D_1200.jpg	other
252_56	Torebka Leather Country	Pleciona torebka z miękkiej skóry naturalnej w fakturze koszykową. Kompaktowy rozmiar z podwójnymi uchwytami, dostępna w ośmiu kolorach włącznie z klasycznym karmelem i niebieskim.	https://www.italy-shop.eu/Torebka-Leather-Country-p252	https://www.italy-shop.eu/images/ly453/4000-5000/Torebka-Leather-Country_%5B4607%5D_1200.jpg	Leather Country	780.00 PLN	in_stock	252	3032	Torebki	Bordowy			new	female	adult			https://www.italy-shop.eu/images/ly453/4000-5000/Torebka-Leather-Country_%5B4605%5D_1200.jpg,https://www.italy-shop.eu/images/ly453/4000-5000/Torebka-Leather-Country_%5B4606%5D_1200.jpg,https://www.italy-shop.eu/images/ly453/4000-5000/Torebka-Leather-Country_%5B4607%5D_1200.jpg,https://www.italy-shop.eu/images/ly453/4000-5000/Torebka-Leather-Country_%5B4608%5D_1200.jpg,https://www.italy-shop.eu/images/ly453/4000-5000/Torebka-Leather-Country_%5B4609%5D_1200.jpg,https://www.italy-shop.eu/images/ly453/4000-5000/Torebka-Leather-Country_%5B4610%5D_1200.jpg,https://www.italy-shop.eu/images/ly453/4000-5000/Torebka-Leather-Country_%5B4611%5D_1200.jpg,https://www.italy-shop.eu/images/ly453/4000-5000/Torebka-Leather-Country_%5B4612%5D_1200.jpg,https://www.italy-shop.eu/images/ly453/4000-5000/Torebka-Leather-Country_%5B4613%5D_1200.jpg,https://www.italy-shop.eu/images/ly453/4000-5000/Torebka-Leather-Country_%5B4614%5D_1200.jpg	other
252_59	Torebka Leather Country	Pleciona torebka z miękkiej skóry naturalnej w fakturze koszykową. Kompaktowy rozmiar z podwójnymi uchwytami, dostępna w ośmiu kolorach włącznie z klasycznym karmelem i niebieskim.	https://www.italy-shop.eu/Torebka-Leather-Country-p252	https://www.italy-shop.eu/images/ly453/4000-5000/Torebka-Leather-Country_%5B4611%5D_1200.jpg	Leather Country	780.00 PLN	in_stock	252	3032	Torebki	Karmel			new	female	adult			https://www.italy-shop.eu/images/ly453/4000-5000/Torebka-Leather-Country_%5B4605%5D_1200.jpg,https://www.italy-shop.eu/images/ly453/4000-5000/Torebka-Leather-Country_%5B4606%5D_1200.jpg,https://www.italy-shop.eu/images/ly453/4000-5000/Torebka-Leather-Country_%5B4607%5D_1200.jpg,https://www.italy-shop.eu/images/ly453/4000-5000/Torebka-Leather-Country_%5B4608%5D_1200.jpg,https://www.italy-shop.eu/images/ly453/4000-5000/Torebka-Leather-Country_%5B4609%5D_1200.jpg,https://www.italy-shop.eu/images/ly453/4000-5000/Torebka-Leather-Country_%5B4610%5D_1200.jpg,https://www.italy-shop.eu/images/ly453/4000-5000/Torebka-Leather-Country_%5B4611%5D_1200.jpg,https://www.italy-shop.eu/images/ly453/4000-5000/Torebka-Leather-Country_%5B4612%5D_1200.jpg,https://www.italy-shop.eu/images/ly453/4000-5000/Torebka-Leather-Country_%5B4613%5D_1200.jpg,https://www.italy-shop.eu/images/ly453/4000-5000/Torebka-Leather-Country_%5B4614%5D_1200.jpg	other
252_65	Torebka Leather Country	Pleciona torebka z miękkiej skóry naturalnej w fakturze koszykową. Kompaktowy rozmiar z podwójnymi uchwytami, dostępna w ośmiu kolorach włącznie z klasycznym karmelem i niebieskim.	https://www.italy-shop.eu/Torebka-Leather-Country-p252	https://www.italy-shop.eu/images/ly453/4000-5000/Torebka-Leather-Country_%5B4605%5D_1200.jpg	Leather Country	780.00 PLN	in_stock	252	3032	Torebki	Cappuccino			new	female	adult			https://www.italy-shop.eu/images/ly453/4000-5000/Torebka-Leather-Country_%5B4605%5D_1200.jpg,https://www.italy-shop.eu/images/ly453/4000-5000/Torebka-Leather-Country_%5B4606%5D_1200.jpg,https://www.italy-shop.eu/images/ly453/4000-5000/Torebka-Leather-Country_%5B4607%5D_1200.jpg,https://www.italy-shop.eu/images/ly453/4000-5000/Torebka-Leather-Country_%5B4608%5D_1200.jpg,https://www.italy-shop.eu/images/ly453/4000-5000/Torebka-Leather-Country_%5B4609%5D_1200.jpg,https://www.italy-shop.eu/images/ly453/4000-5000/Torebka-Leather-Country_%5B4610%5D_1200.jpg,https://www.italy-shop.eu/images/ly453/4000-5000/Torebka-Leather-Country_%5B4611%5D_1200.jpg,https://www.italy-shop.eu/images/ly453/4000-5000/Torebka-Leather-Country_%5B4612%5D_1200.jpg,https://www.italy-shop.eu/images/ly453/4000-5000/Torebka-Leather-Country_%5B4613%5D_1200.jpg,https://www.italy-shop.eu/images/ly453/4000-5000/Torebka-Leather-Country_%5B4614%5D_1200.jpg	other
252_66	Torebka Leather Country	Pleciona torebka z miękkiej skóry naturalnej w fakturze koszykową. Kompaktowy rozmiar z podwójnymi uchwytami, dostępna w ośmiu kolorach włącznie z klasycznym karmelem i niebieskim.	https://www.italy-shop.eu/Torebka-Leather-Country-p252	https://www.italy-shop.eu/images/ly453/5000-6000/Torebka-Leather-Country_%5B5703%5D_1200.jpg	Leather Country	780.00 PLN	in_stock	252	3032	Torebki	Mleczny			new	female	adult			https://www.italy-shop.eu/images/ly453/4000-5000/Torebka-Leather-Country_%5B4605%5D_1200.jpg,https://www.italy-shop.eu/images/ly453/4000-5000/Torebka-Leather-Country_%5B4606%5D_1200.jpg,https://www.italy-shop.eu/images/ly453/4000-5000/Torebka-Leather-Country_%5B4607%5D_1200.jpg,https://www.italy-shop.eu/images/ly453/4000-5000/Torebka-Leather-Country_%5B4608%5D_1200.jpg,https://www.italy-shop.eu/images/ly453/4000-5000/Torebka-Leather-Country_%5B4609%5D_1200.jpg,https://www.italy-shop.eu/images/ly453/4000-5000/Torebka-Leather-Country_%5B4610%5D_1200.jpg,https://www.italy-shop.eu/images/ly453/4000-5000/Torebka-Leather-Country_%5B4611%5D_1200.jpg,https://www.italy-shop.eu/images/ly453/4000-5000/Torebka-Leather-Country_%5B4612%5D_1200.jpg,https://www.italy-shop.eu/images/ly453/4000-5000/Torebka-Leather-Country_%5B4613%5D_1200.jpg,https://www.italy-shop.eu/images/ly453/4000-5000/Torebka-Leather-Country_%5B4614%5D_1200.jpg	other
252_68	Torebka Leather Country	Pleciona torebka z miękkiej skóry naturalnej w fakturze koszykową. Kompaktowy rozmiar z podwójnymi uchwytami, dostępna w ośmiu kolorach włącznie z klasycznym karmelem i niebieskim.	https://www.italy-shop.eu/Torebka-Leather-Country-p252	https://www.italy-shop.eu/images/ly453/4000-5000/Torebka-Leather-Country_%5B4605%5D_1200.jpg	Leather Country	780.00 PLN	in_stock	252	3032	Torebki	Oliwkowy			new	female	adult			https://www.italy-shop.eu/images/ly453/4000-5000/Torebka-Leather-Country_%5B4605%5D_1200.jpg,https://www.italy-shop.eu/images/ly453/4000-5000/Torebka-Leather-Country_%5B4606%5D_1200.jpg,https://www.italy-shop.eu/images/ly453/4000-5000/Torebka-Leather-Country_%5B4607%5D_1200.jpg,https://www.italy-shop.eu/images/ly453/4000-5000/Torebka-Leather-Country_%5B4608%5D_1200.jpg,https://www.italy-shop.eu/images/ly453/4000-5000/Torebka-Leather-Country_%5B4609%5D_1200.jpg,https://www.italy-shop.eu/images/ly453/4000-5000/Torebka-Leather-Country_%5B4610%5D_1200.jpg,https://www.italy-shop.eu/images/ly453/4000-5000/Torebka-Leather-Country_%5B4611%5D_1200.jpg,https://www.italy-shop.eu/images/ly453/4000-5000/Torebka-Leather-Country_%5B4612%5D_1200.jpg,https://www.italy-shop.eu/images/ly453/4000-5000/Torebka-Leather-Country_%5B4613%5D_1200.jpg,https://www.italy-shop.eu/images/ly453/4000-5000/Torebka-Leather-Country_%5B4614%5D_1200.jpg	other
135_45	Torebka Leather Country z lańcuchem	Mała torebka z brązowej skóry naturalnej z dekoracyjnym splotem. Metalowy łańcuch w kolorze antracytu, kompaktowe rozmiary 20x13 cm. Włoska skóra bez nadruku w cenie.	https://www.italy-shop.eu/Torebka-Leather-Country-z-lancuchem-p135	https://www.italy-shop.eu/images/ly453/4000-5000/Torebka-Leather-Country-z-lancuchem_%5B4157%5D_1200.jpg	Leather Country	320.00 PLN	in_stock	135	3032	Torebki	Czarny			new	female	adult			https://www.italy-shop.eu/images/ly453/4000-5000/Torebka-Leather-Country-z-lancuchem_%5B4153%5D_1200.jpg,https://www.italy-shop.eu/images/ly453/4000-5000/Torebka-Leather-Country-z-lancuchem_%5B4154%5D_1200.jpg,https://www.italy-shop.eu/images/ly453/4000-5000/Torebka-Leather-Country-z-lancuchem_%5B4155%5D_1200.jpg,https://www.italy-shop.eu/images/ly453/4000-5000/Torebka-Leather-Country-z-lancuchem_%5B4156%5D_1200.jpg,https://www.italy-shop.eu/images/ly453/4000-5000/Torebka-Leather-Country-z-lancuchem_%5B4157%5D_1200.jpg,https://www.italy-shop.eu/images/ly453/4000-5000/Torebka-Leather-Country-z-lancuchem_%5B4158%5D_1200.jpg,https://www.italy-shop.eu/images/ly453/4000-5000/Torebka-Leather-Country-z-lancuchem_%5B4159%5D_1200.jpg	other
135_46	Torebka Leather Country z lańcuchem	Mała torebka z brązowej skóry naturalnej z dekoracyjnym splotem. Metalowy łańcuch w kolorze antracytu, kompaktowe rozmiary 20x13 cm. Włoska skóra bez nadruku w cenie.	https://www.italy-shop.eu/Torebka-Leather-Country-z-lancuchem-p135	https://www.italy-shop.eu/images/ly453/4000-5000/Torebka-Leather-Country-z-lancuchem_%5B4155%5D_1200.jpg	Leather Country	320.00 PLN	in_stock	135	3032	Torebki	Biały			new	female	adult			https://www.italy-shop.eu/images/ly453/4000-5000/Torebka-Leather-Country-z-lancuchem_%5B4153%5D_1200.jpg,https://www.italy-shop.eu/images/ly453/4000-5000/Torebka-Leather-Country-z-lancuchem_%5B4154%5D_1200.jpg,https://www.italy-shop.eu/images/ly453/4000-5000/Torebka-Leather-Country-z-lancuchem_%5B4155%5D_1200.jpg,https://www.italy-shop.eu/images/ly453/4000-5000/Torebka-Leather-Country-z-lancuchem_%5B4156%5D_1200.jpg,https://www.italy-shop.eu/images/ly453/4000-5000/Torebka-Leather-Country-z-lancuchem_%5B4157%5D_1200.jpg,https://www.italy-shop.eu/images/ly453/4000-5000/Torebka-Leather-Country-z-lancuchem_%5B4158%5D_1200.jpg,https://www.italy-shop.eu/images/ly453/4000-5000/Torebka-Leather-Country-z-lancuchem_%5B4159%5D_1200.jpg	other
135_47	Torebka Leather Country z lańcuchem	Mała torebka z brązowej skóry naturalnej z dekoracyjnym splotem. Metalowy łańcuch w kolorze antracytu, kompaktowe rozmiary 20x13 cm. Włoska skóra bez nadruku w cenie.	https://www.italy-shop.eu/Torebka-Leather-Country-z-lancuchem-p135	https://www.italy-shop.eu/images/ly453/4000-5000/Torebka-Leather-Country-z-lancuchem_%5B4155%5D_1200.jpg	Leather Country	320.00 PLN	in_stock	135	3032	Torebki	Beżowy			new	female	adult			https://www.italy-shop.eu/images/ly453/4000-5000/Torebka-Leather-Country-z-lancuchem_%5B4153%5D_1200.jpg,https://www.italy-shop.eu/images/ly453/4000-5000/Torebka-Leather-Country-z-lancuchem_%5B4154%5D_1200.jpg,https://www.italy-shop.eu/images/ly453/4000-5000/Torebka-Leather-Country-z-lancuchem_%5B4155%5D_1200.jpg,https://www.italy-shop.eu/images/ly453/4000-5000/Torebka-Leather-Country-z-lancuchem_%5B4156%5D_1200.jpg,https://www.italy-shop.eu/images/ly453/4000-5000/Torebka-Leather-Country-z-lancuchem_%5B4157%5D_1200.jpg,https://www.italy-shop.eu/images/ly453/4000-5000/Torebka-Leather-Country-z-lancuchem_%5B4158%5D_1200.jpg,https://www.italy-shop.eu/images/ly453/4000-5000/Torebka-Leather-Country-z-lancuchem_%5B4159%5D_1200.jpg	other
135_52	Torebka Leather Country z lańcuchem	Mała torebka z brązowej skóry naturalnej z dekoracyjnym splotem. Metalowy łańcuch w kolorze antracytu, kompaktowe rozmiary 20x13 cm. Włoska skóra bez nadruku w cenie.	https://www.italy-shop.eu/Torebka-Leather-Country-z-lancuchem-p135	https://www.italy-shop.eu/images/ly453/4000-5000/Torebka-Leather-Country-z-lancuchem_%5B4155%5D_1200.jpg	Leather Country	320.00 PLN	in_stock	135	3032	Torebki	Brązowy			new	female	adult			https://www.italy-shop.eu/images/ly453/4000-5000/Torebka-Leather-Country-z-lancuchem_%5B4153%5D_1200.jpg,https://www.italy-shop.eu/images/ly453/4000-5000/Torebka-Leather-Country-z-lancuchem_%5B4154%5D_1200.jpg,https://www.italy-shop.eu/images/ly453/4000-5000/Torebka-Leather-Country-z-lancuchem_%5B4155%5D_1200.jpg,https://www.italy-shop.eu/images/ly453/4000-5000/Torebka-Leather-Country-z-lancuchem_%5B4156%5D_1200.jpg,https://www.italy-shop.eu/images/ly453/4000-5000/Torebka-Leather-Country-z-lancuchem_%5B4157%5D_1200.jpg,https://www.italy-shop.eu/images/ly453/4000-5000/Torebka-Leather-Country-z-lancuchem_%5B4158%5D_1200.jpg,https://www.italy-shop.eu/images/ly453/4000-5000/Torebka-Leather-Country-z-lancuchem_%5B4159%5D_1200.jpg	other
135_56	Torebka Leather Country z lańcuchem	Mała torebka z brązowej skóry naturalnej z dekoracyjnym splotem. Metalowy łańcuch w kolorze antracytu, kompaktowe rozmiary 20x13 cm. Włoska skóra bez nadruku w cenie.	https://www.italy-shop.eu/Torebka-Leather-Country-z-lancuchem-p135	https://www.italy-shop.eu/images/ly453/4000-5000/Torebka-Leather-Country-z-lancuchem_%5B4155%5D_1200.jpg	Leather Country	320.00 PLN	in_stock	135	3032	Torebki	Bordowy			new	female	adult			https://www.italy-shop.eu/images/ly453/4000-5000/Torebka-Leather-Country-z-lancuchem_%5B4153%5D_1200.jpg,https://www.italy-shop.eu/images/ly453/4000-5000/Torebka-Leather-Country-z-lancuchem_%5B4154%5D_1200.jpg,https://www.italy-shop.eu/images/ly453/4000-5000/Torebka-Leather-Country-z-lancuchem_%5B4155%5D_1200.jpg,https://www.italy-shop.eu/images/ly453/4000-5000/Torebka-Leather-Country-z-lancuchem_%5B4156%5D_1200.jpg,https://www.italy-shop.eu/images/ly453/4000-5000/Torebka-Leather-Country-z-lancuchem_%5B4157%5D_1200.jpg,https://www.italy-shop.eu/images/ly453/4000-5000/Torebka-Leather-Country-z-lancuchem_%5B4158%5D_1200.jpg,https://www.italy-shop.eu/images/ly453/4000-5000/Torebka-Leather-Country-z-lancuchem_%5B4159%5D_1200.jpg	other
135_59	Torebka Leather Country z lańcuchem	Mała torebka z brązowej skóry naturalnej z dekoracyjnym splotem. Metalowy łańcuch w kolorze antracytu, kompaktowe rozmiary 20x13 cm. Włoska skóra bez nadruku w cenie.	https://www.italy-shop.eu/Torebka-Leather-Country-z-lancuchem-p135	https://www.italy-shop.eu/images/ly453/4000-5000/Torebka-Leather-Country-z-lancuchem_%5B4152%5D_1200.jpg	Leather Country	320.00 PLN	in_stock	135	3032	Torebki	Karmel			new	female	adult			https://www.italy-shop.eu/images/ly453/4000-5000/Torebka-Leather-Country-z-lancuchem_%5B4153%5D_1200.jpg,https://www.italy-shop.eu/images/ly453/4000-5000/Torebka-Leather-Country-z-lancuchem_%5B4154%5D_1200.jpg,https://www.italy-shop.eu/images/ly453/4000-5000/Torebka-Leather-Country-z-lancuchem_%5B4155%5D_1200.jpg,https://www.italy-shop.eu/images/ly453/4000-5000/Torebka-Leather-Country-z-lancuchem_%5B4156%5D_1200.jpg,https://www.italy-shop.eu/images/ly453/4000-5000/Torebka-Leather-Country-z-lancuchem_%5B4157%5D_1200.jpg,https://www.italy-shop.eu/images/ly453/4000-5000/Torebka-Leather-Country-z-lancuchem_%5B4158%5D_1200.jpg,https://www.italy-shop.eu/images/ly453/4000-5000/Torebka-Leather-Country-z-lancuchem_%5B4159%5D_1200.jpg	other
135_65	Torebka Leather Country z lańcuchem	Mała torebka z brązowej skóry naturalnej z dekoracyjnym splotem. Metalowy łańcuch w kolorze antracytu, kompaktowe rozmiary 20x13 cm. Włoska skóra bez nadruku w cenie.	https://www.italy-shop.eu/Torebka-Leather-Country-z-lancuchem-p135	https://www.italy-shop.eu/images/ly453/4000-5000/Torebka-Leather-Country-z-lancuchem_%5B4155%5D_1200.jpg	Leather Country	320.00 PLN	in_stock	135	3032	Torebki	Cappuccino			new	female	adult			https://www.italy-shop.eu/images/ly453/4000-5000/Torebka-Leather-Country-z-lancuchem_%5B4153%5D_1200.jpg,https://www.italy-shop.eu/images/ly453/4000-5000/Torebka-Leather-Country-z-lancuchem_%5B4154%5D_1200.jpg,https://www.italy-shop.eu/images/ly453/4000-5000/Torebka-Leather-Country-z-lancuchem_%5B4155%5D_1200.jpg,https://www.italy-shop.eu/images/ly453/4000-5000/Torebka-Leather-Country-z-lancuchem_%5B4156%5D_1200.jpg,https://www.italy-shop.eu/images/ly453/4000-5000/Torebka-Leather-Country-z-lancuchem_%5B4157%5D_1200.jpg,https://www.italy-shop.eu/images/ly453/4000-5000/Torebka-Leather-Country-z-lancuchem_%5B4158%5D_1200.jpg,https://www.italy-shop.eu/images/ly453/4000-5000/Torebka-Leather-Country-z-lancuchem_%5B4159%5D_1200.jpg	other
135_66	Torebka Leather Country z lańcuchem	Mała torebka z brązowej skóry naturalnej z dekoracyjnym splotem. Metalowy łańcuch w kolorze antracytu, kompaktowe rozmiary 20x13 cm. Włoska skóra bez nadruku w cenie.	https://www.italy-shop.eu/Torebka-Leather-Country-z-lancuchem-p135	https://www.italy-shop.eu/images/ly453/4000-5000/Torebka-Leather-Country-z-lancuchem_%5B4155%5D_1200.jpg	Leather Country	320.00 PLN	in_stock	135	3032	Torebki	Mleczny			new	female	adult			https://www.italy-shop.eu/images/ly453/4000-5000/Torebka-Leather-Country-z-lancuchem_%5B4153%5D_1200.jpg,https://www.italy-shop.eu/images/ly453/4000-5000/Torebka-Leather-Country-z-lancuchem_%5B4154%5D_1200.jpg,https://www.italy-shop.eu/images/ly453/4000-5000/Torebka-Leather-Country-z-lancuchem_%5B4155%5D_1200.jpg,https://www.italy-shop.eu/images/ly453/4000-5000/Torebka-Leather-Country-z-lancuchem_%5B4156%5D_1200.jpg,https://www.italy-shop.eu/images/ly453/4000-5000/Torebka-Leather-Country-z-lancuchem_%5B4157%5D_1200.jpg,https://www.italy-shop.eu/images/ly453/4000-5000/Torebka-Leather-Country-z-lancuchem_%5B4158%5D_1200.jpg,https://www.italy-shop.eu/images/ly453/4000-5000/Torebka-Leather-Country-z-lancuchem_%5B4159%5D_1200.jpg	other
115_45	Torebka Skórzana	Shopper skórzany z ziarnistej skóry naturalnej w kolorze cappuccino. Złote okucia i dodatkowa apaszka tworzą kompletny obraz klasycznej włoskiej torby.	https://www.italy-shop.eu/Torebka-Skorzana-p115	https://www.italy-shop.eu/images/ly453/6000-7000/Torebka-Skorzana_%5B6790%5D_1200.jpg	Leather Country	516.00 PLN	in_stock	115	3032	Torebki	Czarny			new	female	adult			https://www.italy-shop.eu/images/ly453/6000-7000/Torebka-Skorzana_%5B6788%5D_1200.jpg,https://www.italy-shop.eu/images/ly453/1000-2000/Torebka-Skorzana_%5B1332%5D_1200.jpg,https://www.italy-shop.eu/images/ly453/1000-2000/Torebka-Skorzana_%5B1333%5D_1200.jpg,https://www.italy-shop.eu/images/ly453/1000-2000/Torebka-Skorzana_%5B1375%5D_1200.jpg,https://www.italy-shop.eu/images/ly453/1000-2000/Torebka-Skorzana_%5B1376%5D_1200.jpg,https://www.italy-shop.eu/images/ly453/1000-2000/Torebka-Skorzana_%5B1377%5D_1200.jpg,https://www.italy-shop.eu/images/ly453/1000-2000/Torebka-Skorzana_%5B1420%5D_1200.jpg,https://www.italy-shop.eu/images/ly453/1000-2000/Torebka-Skorzana_%5B1421%5D_1200.jpg,https://www.italy-shop.eu/images/ly453/1000-2000/Torebka-Skorzana_%5B1422%5D_1200.jpg,https://www.italy-shop.eu/images/ly453/1000-2000/Torebka-Skorzana_%5B1423%5D_1200.jpg	other
115_49	Torebka Skórzana	Shopper skórzany z ziarnistej skóry naturalnej w kolorze cappuccino. Złote okucia i dodatkowa apaszka tworzą kompletny obraz klasycznej włoskiej torby.	https://www.italy-shop.eu/Torebka-Skorzana-p115	https://www.italy-shop.eu/images/ly453/1000-2000/Torebka-Skorzana_%5B1376%5D_1200.jpg	Leather Country	516.00 PLN	in_stock	115	3032	Torebki	Czerwony			new	female	adult			https://www.italy-shop.eu/images/ly453/6000-7000/Torebka-Skorzana_%5B6788%5D_1200.jpg,https://www.italy-shop.eu/images/ly453/1000-2000/Torebka-Skorzana_%5B1332%5D_1200.jpg,https://www.italy-shop.eu/images/ly453/1000-2000/Torebka-Skorzana_%5B1333%5D_1200.jpg,https://www.italy-shop.eu/images/ly453/1000-2000/Torebka-Skorzana_%5B1375%5D_1200.jpg,https://www.italy-shop.eu/images/ly453/1000-2000/Torebka-Skorzana_%5B1376%5D_1200.jpg,https://www.italy-shop.eu/images/ly453/1000-2000/Torebka-Skorzana_%5B1377%5D_1200.jpg,https://www.italy-shop.eu/images/ly453/1000-2000/Torebka-Skorzana_%5B1420%5D_1200.jpg,https://www.italy-shop.eu/images/ly453/1000-2000/Torebka-Skorzana_%5B1421%5D_1200.jpg,https://www.italy-shop.eu/images/ly453/1000-2000/Torebka-Skorzana_%5B1422%5D_1200.jpg,https://www.italy-shop.eu/images/ly453/1000-2000/Torebka-Skorzana_%5B1423%5D_1200.jpg	other
115_52	Torebka Skórzana	Shopper skórzany z ziarnistej skóry naturalnej w kolorze cappuccino. Złote okucia i dodatkowa apaszka tworzą kompletny obraz klasycznej włoskiej torby.	https://www.italy-shop.eu/Torebka-Skorzana-p115	https://www.italy-shop.eu/images/ly453/1000-2000/Torebka-Skorzana_%5B1423%5D_1200.jpg	Leather Country	516.00 PLN	in_stock	115	3032	Torebki	Brązowy			new	female	adult			https://www.italy-shop.eu/images/ly453/6000-7000/Torebka-Skorzana_%5B6788%5D_1200.jpg,https://www.italy-shop.eu/images/ly453/1000-2000/Torebka-Skorzana_%5B1332%5D_1200.jpg,https://www.italy-shop.eu/images/ly453/1000-2000/Torebka-Skorzana_%5B1333%5D_1200.jpg,https://www.italy-shop.eu/images/ly453/1000-2000/Torebka-Skorzana_%5B1375%5D_1200.jpg,https://www.italy-shop.eu/images/ly453/1000-2000/Torebka-Skorzana_%5B1376%5D_1200.jpg,https://www.italy-shop.eu/images/ly453/1000-2000/Torebka-Skorzana_%5B1377%5D_1200.jpg,https://www.italy-shop.eu/images/ly453/1000-2000/Torebka-Skorzana_%5B1420%5D_1200.jpg,https://www.italy-shop.eu/images/ly453/1000-2000/Torebka-Skorzana_%5B1421%5D_1200.jpg,https://www.italy-shop.eu/images/ly453/1000-2000/Torebka-Skorzana_%5B1422%5D_1200.jpg,https://www.italy-shop.eu/images/ly453/1000-2000/Torebka-Skorzana_%5B1423%5D_1200.jpg	other
115_59	Torebka Skórzana	Shopper skórzany z ziarnistej skóry naturalnej w kolorze cappuccino. Złote okucia i dodatkowa apaszka tworzą kompletny obraz klasycznej włoskiej torby.	https://www.italy-shop.eu/Torebka-Skorzana-p115	https://www.italy-shop.eu/images/ly453/1000-2000/Torebka-Skorzana_%5B1332%5D_1200.jpg	Leather Country	516.00 PLN	in_stock	115	3032	Torebki	Karmel			new	female	adult			https://www.italy-shop.eu/images/ly453/6000-7000/Torebka-Skorzana_%5B6788%5D_1200.jpg,https://www.italy-shop.eu/images/ly453/1000-2000/Torebka-Skorzana_%5B1332%5D_1200.jpg,https://www.italy-shop.eu/images/ly453/1000-2000/Torebka-Skorzana_%5B1333%5D_1200.jpg,https://www.italy-shop.eu/images/ly453/1000-2000/Torebka-Skorzana_%5B1375%5D_1200.jpg,https://www.italy-shop.eu/images/ly453/1000-2000/Torebka-Skorzana_%5B1376%5D_1200.jpg,https://www.italy-shop.eu/images/ly453/1000-2000/Torebka-Skorzana_%5B1377%5D_1200.jpg,https://www.italy-shop.eu/images/ly453/1000-2000/Torebka-Skorzana_%5B1420%5D_1200.jpg,https://www.italy-shop.eu/images/ly453/1000-2000/Torebka-Skorzana_%5B1421%5D_1200.jpg,https://www.italy-shop.eu/images/ly453/1000-2000/Torebka-Skorzana_%5B1422%5D_1200.jpg,https://www.italy-shop.eu/images/ly453/1000-2000/Torebka-Skorzana_%5B1423%5D_1200.jpg	other
115_65	Torebka Skórzana	Shopper skórzany z ziarnistej skóry naturalnej w kolorze cappuccino. Złote okucia i dodatkowa apaszka tworzą kompletny obraz klasycznej włoskiej torby.	https://www.italy-shop.eu/Torebka-Skorzana-p115	https://www.italy-shop.eu/images/ly453/1000-2000/Torebka-Skorzana_%5B1420%5D_1200.jpg	Leather Country	516.00 PLN	in_stock	115	3032	Torebki	Cappuccino			new	female	adult			https://www.italy-shop.eu/images/ly453/6000-7000/Torebka-Skorzana_%5B6788%5D_1200.jpg,https://www.italy-shop.eu/images/ly453/1000-2000/Torebka-Skorzana_%5B1332%5D_1200.jpg,https://www.italy-shop.eu/images/ly453/1000-2000/Torebka-Skorzana_%5B1333%5D_1200.jpg,https://www.italy-shop.eu/images/ly453/1000-2000/Torebka-Skorzana_%5B1375%5D_1200.jpg,https://www.italy-shop.eu/images/ly453/1000-2000/Torebka-Skorzana_%5B1376%5D_1200.jpg,https://www.italy-shop.eu/images/ly453/1000-2000/Torebka-Skorzana_%5B1377%5D_1200.jpg,https://www.italy-shop.eu/images/ly453/1000-2000/Torebka-Skorzana_%5B1420%5D_1200.jpg,https://www.italy-shop.eu/images/ly453/1000-2000/Torebka-Skorzana_%5B1421%5D_1200.jpg,https://www.italy-shop.eu/images/ly453/1000-2000/Torebka-Skorzana_%5B1422%5D_1200.jpg,https://www.italy-shop.eu/images/ly453/1000-2000/Torebka-Skorzana_%5B1423%5D_1200.jpg	other
115_72	Torebka Skórzana	Shopper skórzany z ziarnistej skóry naturalnej w kolorze cappuccino. Złote okucia i dodatkowa apaszka tworzą kompletny obraz klasycznej włoskiej torby.	https://www.italy-shop.eu/Torebka-Skorzana-p115	https://www.italy-shop.eu/images/ly453/6000-7000/Torebka-Skorzana_%5B6794%5D_1200.jpg	Leather Country	516.00 PLN	in_stock	115	3032	Torebki	Taupe			new	female	adult			https://www.italy-shop.eu/images/ly453/6000-7000/Torebka-Skorzana_%5B6788%5D_1200.jpg,https://www.italy-shop.eu/images/ly453/1000-2000/Torebka-Skorzana_%5B1332%5D_1200.jpg,https://www.italy-shop.eu/images/ly453/1000-2000/Torebka-Skorzana_%5B1333%5D_1200.jpg,https://www.italy-shop.eu/images/ly453/1000-2000/Torebka-Skorzana_%5B1375%5D_1200.jpg,https://www.italy-shop.eu/images/ly453/1000-2000/Torebka-Skorzana_%5B1376%5D_1200.jpg,https://www.italy-shop.eu/images/ly453/1000-2000/Torebka-Skorzana_%5B1377%5D_1200.jpg,https://www.italy-shop.eu/images/ly453/1000-2000/Torebka-Skorzana_%5B1420%5D_1200.jpg,https://www.italy-shop.eu/images/ly453/1000-2000/Torebka-Skorzana_%5B1421%5D_1200.jpg,https://www.italy-shop.eu/images/ly453/1000-2000/Torebka-Skorzana_%5B1422%5D_1200.jpg,https://www.italy-shop.eu/images/ly453/1000-2000/Torebka-Skorzana_%5B1423%5D_1200.jpg	other
200_45	Torebka Skórzana	Przestronny shopper z ziarnistej skóry naturalnej w neutralnym odcieniu taupe. Miękka faktura, podwójne uchwyty i regulowany pasek na ramię. Klasyczny fason bez ozdobnych detali.	https://www.italy-shop.eu/Torebka-Skorzana-p200	https://www.italy-shop.eu/images/ly453/1000-2000/Torebka-Skorzana_%5B1528%5D_1200.jpg	Leather Country	559.00 PLN	in_stock	200	3032	Torebki	Czarny			new	female	adult			https://www.italy-shop.eu/images/ly453/1000-2000/Torebka-Skorzana_%5B1524%5D_1200.jpg,https://www.italy-shop.eu/images/ly453/1000-2000/Torebka-Skorzana_%5B1525%5D_1200.jpg,https://www.italy-shop.eu/images/ly453/1000-2000/Torebka-Skorzana_%5B1526%5D_1200.jpg,https://www.italy-shop.eu/images/ly453/1000-2000/Torebka-Skorzana_%5B1527%5D_1200.jpg,https://www.italy-shop.eu/images/ly453/1000-2000/Torebka-Skorzana_%5B1528%5D_1200.jpg,https://www.italy-shop.eu/images/ly453/1000-2000/Torebka-Skorzana_%5B1529%5D_1200.jpg,https://www.italy-shop.eu/images/ly453/1000-2000/Torebka-Skorzana_%5B1530%5D_1200.jpg,https://www.italy-shop.eu/images/ly453/1000-2000/Torebka-Skorzana_%5B1531%5D_1200.jpg,https://www.italy-shop.eu/images/ly453/1000-2000/Torebka-Skorzana_%5B1532%5D_1200.jpg	other
200_47	Torebka Skórzana	Przestronny shopper z ziarnistej skóry naturalnej w neutralnym odcieniu taupe. Miękka faktura, podwójne uchwyty i regulowany pasek na ramię. Klasyczny fason bez ozdobnych detali.	https://www.italy-shop.eu/Torebka-Skorzana-p200	https://www.italy-shop.eu/images/ly453/1000-2000/Torebka-Skorzana_%5B1523%5D_1200.jpg	Leather Country	559.00 PLN	in_stock	200	3032	Torebki	Beżowy			new	female	adult			https://www.italy-shop.eu/images/ly453/1000-2000/Torebka-Skorzana_%5B1524%5D_1200.jpg,https://www.italy-shop.eu/images/ly453/1000-2000/Torebka-Skorzana_%5B1525%5D_1200.jpg,https://www.italy-shop.eu/images/ly453/1000-2000/Torebka-Skorzana_%5B1526%5D_1200.jpg,https://www.italy-shop.eu/images/ly453/1000-2000/Torebka-Skorzana_%5B1527%5D_1200.jpg,https://www.italy-shop.eu/images/ly453/1000-2000/Torebka-Skorzana_%5B1528%5D_1200.jpg,https://www.italy-shop.eu/images/ly453/1000-2000/Torebka-Skorzana_%5B1529%5D_1200.jpg,https://www.italy-shop.eu/images/ly453/1000-2000/Torebka-Skorzana_%5B1530%5D_1200.jpg,https://www.italy-shop.eu/images/ly453/1000-2000/Torebka-Skorzana_%5B1531%5D_1200.jpg,https://www.italy-shop.eu/images/ly453/1000-2000/Torebka-Skorzana_%5B1532%5D_1200.jpg	other
200_49	Torebka Skórzana	Przestronny shopper z ziarnistej skóry naturalnej w neutralnym odcieniu taupe. Miękka faktura, podwójne uchwyty i regulowany pasek na ramię. Klasyczny fason bez ozdobnych detali.	https://www.italy-shop.eu/Torebka-Skorzana-p200	https://www.italy-shop.eu/images/ly453/1000-2000/Torebka-Skorzana_%5B1530%5D_1200.jpg	Leather Country	559.00 PLN	in_stock	200	3032	Torebki	Czerwony			new	female	adult			https://www.italy-shop.eu/images/ly453/1000-2000/Torebka-Skorzana_%5B1524%5D_1200.jpg,https://www.italy-shop.eu/images/ly453/1000-2000/Torebka-Skorzana_%5B1525%5D_1200.jpg,https://www.italy-shop.eu/images/ly453/1000-2000/Torebka-Skorzana_%5B1526%5D_1200.jpg,https://www.italy-shop.eu/images/ly453/1000-2000/Torebka-Skorzana_%5B1527%5D_1200.jpg,https://www.italy-shop.eu/images/ly453/1000-2000/Torebka-Skorzana_%5B1528%5D_1200.jpg,https://www.italy-shop.eu/images/ly453/1000-2000/Torebka-Skorzana_%5B1529%5D_1200.jpg,https://www.italy-shop.eu/images/ly453/1000-2000/Torebka-Skorzana_%5B1530%5D_1200.jpg,https://www.italy-shop.eu/images/ly453/1000-2000/Torebka-Skorzana_%5B1531%5D_1200.jpg,https://www.italy-shop.eu/images/ly453/1000-2000/Torebka-Skorzana_%5B1532%5D_1200.jpg	other
200_52	Torebka Skórzana	Przestronny shopper z ziarnistej skóry naturalnej w neutralnym odcieniu taupe. Miękka faktura, podwójne uchwyty i regulowany pasek na ramię. Klasyczny fason bez ozdobnych detali.	https://www.italy-shop.eu/Torebka-Skorzana-p200	https://www.italy-shop.eu/images/ly453/1000-2000/Torebka-Skorzana_%5B1528%5D_1200.jpg	Leather Country	559.00 PLN	in_stock	200	3032	Torebki	Brązowy			new	female	adult			https://www.italy-shop.eu/images/ly453/1000-2000/Torebka-Skorzana_%5B1524%5D_1200.jpg,https://www.italy-shop.eu/images/ly453/1000-2000/Torebka-Skorzana_%5B1525%5D_1200.jpg,https://www.italy-shop.eu/images/ly453/1000-2000/Torebka-Skorzana_%5B1526%5D_1200.jpg,https://www.italy-shop.eu/images/ly453/1000-2000/Torebka-Skorzana_%5B1527%5D_1200.jpg,https://www.italy-shop.eu/images/ly453/1000-2000/Torebka-Skorzana_%5B1528%5D_1200.jpg,https://www.italy-shop.eu/images/ly453/1000-2000/Torebka-Skorzana_%5B1529%5D_1200.jpg,https://www.italy-shop.eu/images/ly453/1000-2000/Torebka-Skorzana_%5B1530%5D_1200.jpg,https://www.italy-shop.eu/images/ly453/1000-2000/Torebka-Skorzana_%5B1531%5D_1200.jpg,https://www.italy-shop.eu/images/ly453/1000-2000/Torebka-Skorzana_%5B1532%5D_1200.jpg	other
200_59	Torebka Skórzana	Przestronny shopper z ziarnistej skóry naturalnej w neutralnym odcieniu taupe. Miękka faktura, podwójne uchwyty i regulowany pasek na ramię. Klasyczny fason bez ozdobnych detali.	https://www.italy-shop.eu/Torebka-Skorzana-p200	https://www.italy-shop.eu/images/ly453/1000-2000/Torebka-Skorzana_%5B1527%5D_1200.jpg	Leather Country	559.00 PLN	in_stock	200	3032	Torebki	Karmel			new	female	adult			https://www.italy-shop.eu/images/ly453/1000-2000/Torebka-Skorzana_%5B1524%5D_1200.jpg,https://www.italy-shop.eu/images/ly453/1000-2000/Torebka-Skorzana_%5B1525%5D_1200.jpg,https://www.italy-shop.eu/images/ly453/1000-2000/Torebka-Skorzana_%5B1526%5D_1200.jpg,https://www.italy-shop.eu/images/ly453/1000-2000/Torebka-Skorzana_%5B1527%5D_1200.jpg,https://www.italy-shop.eu/images/ly453/1000-2000/Torebka-Skorzana_%5B1528%5D_1200.jpg,https://www.italy-shop.eu/images/ly453/1000-2000/Torebka-Skorzana_%5B1529%5D_1200.jpg,https://www.italy-shop.eu/images/ly453/1000-2000/Torebka-Skorzana_%5B1530%5D_1200.jpg,https://www.italy-shop.eu/images/ly453/1000-2000/Torebka-Skorzana_%5B1531%5D_1200.jpg,https://www.italy-shop.eu/images/ly453/1000-2000/Torebka-Skorzana_%5B1532%5D_1200.jpg	other
205_52	Torebka zamszowa	Shopperka z naturalnej skóry zamszowej o matowej, aksamitnej fakturze. Pojemny fason z podwójnymi uchwytami i regulowanym paskiem na ramię. Klasyczny kształt który komponuje się ze wszystkimi stylizacjami.	https://www.italy-shop.eu/Torebka-zamszowa-p205	https://www.italy-shop.eu/images/ly453/2000-3000/Torebka-zamszowa_%5B2598%5D_1200.jpg	Leather Country	580.00 PLN	in_stock	205	3032	Torebki	Brązowy			new	female	adult			https://www.italy-shop.eu/images/ly453/2000-3000/Torebka-zamszowa_%5B2526%5D_1200.jpg,https://www.italy-shop.eu/images/ly453/2000-3000/Torebka-zamszowa_%5B2527%5D_1200.jpg,https://www.italy-shop.eu/images/ly453/2000-3000/Torebka-zamszowa_%5B2528%5D_1200.jpg,https://www.italy-shop.eu/images/ly453/2000-3000/Torebka-zamszowa_%5B2529%5D_1200.jpg,https://www.italy-shop.eu/images/ly453/2000-3000/Torebka-zamszowa_%5B2530%5D_1200.jpg,https://www.italy-shop.eu/images/ly453/2000-3000/Torebka-zamszowa_%5B2531%5D_1200.jpg,https://www.italy-shop.eu/images/ly453/2000-3000/Torebka-zamszowa_%5B2532%5D_1200.jpg,https://www.italy-shop.eu/images/ly453/2000-3000/Torebka-zamszowa_%5B2533%5D_1200.jpg,https://www.italy-shop.eu/images/ly453/2000-3000/Torebka-zamszowa_%5B2534%5D_1200.jpg,https://www.italy-shop.eu/images/ly453/2000-3000/Torebka-zamszowa_%5B2598%5D_1200.jpg	other
205_58	Torebka zamszowa	Shopperka z naturalnej skóry zamszowej o matowej, aksamitnej fakturze. Pojemny fason z podwójnymi uchwytami i regulowanym paskiem na ramię. Klasyczny kształt który komponuje się ze wszystkimi stylizacjami.	https://www.italy-shop.eu/Torebka-zamszowa-p205	https://www.italy-shop.eu/images/ly453/2000-3000/Torebka-zamszowa_%5B2528%5D_1200.jpg	Leather Country	580.00 PLN	in_stock	205	3032	Torebki	Szary			new	female	adult			https://www.italy-shop.eu/images/ly453/2000-3000/Torebka-zamszowa_%5B2526%5D_1200.jpg,https://www.italy-shop.eu/images/ly453/2000-3000/Torebka-zamszowa_%5B2527%5D_1200.jpg,https://www.italy-shop.eu/images/ly453/2000-3000/Torebka-zamszowa_%5B2528%5D_1200.jpg,https://www.italy-shop.eu/images/ly453/2000-3000/Torebka-zamszowa_%5B2529%5D_1200.jpg,https://www.italy-shop.eu/images/ly453/2000-3000/Torebka-zamszowa_%5B2530%5D_1200.jpg,https://www.italy-shop.eu/images/ly453/2000-3000/Torebka-zamszowa_%5B2531%5D_1200.jpg,https://www.italy-shop.eu/images/ly453/2000-3000/Torebka-zamszowa_%5B2532%5D_1200.jpg,https://www.italy-shop.eu/images/ly453/2000-3000/Torebka-zamszowa_%5B2533%5D_1200.jpg,https://www.italy-shop.eu/images/ly453/2000-3000/Torebka-zamszowa_%5B2534%5D_1200.jpg,https://www.italy-shop.eu/images/ly453/2000-3000/Torebka-zamszowa_%5B2598%5D_1200.jpg	other
205_59	Torebka zamszowa	Shopperka z naturalnej skóry zamszowej o matowej, aksamitnej fakturze. Pojemny fason z podwójnymi uchwytami i regulowanym paskiem na ramię. Klasyczny kształt który komponuje się ze wszystkimi stylizacjami.	https://www.italy-shop.eu/Torebka-zamszowa-p205	https://www.italy-shop.eu/images/ly453/2000-3000/Torebka-zamszowa_%5B2526%5D_1200.jpg	Leather Country	580.00 PLN	in_stock	205	3032	Torebki	Karmel			new	female	adult			https://www.italy-shop.eu/images/ly453/2000-3000/Torebka-zamszowa_%5B2526%5D_1200.jpg,https://www.italy-shop.eu/images/ly453/2000-3000/Torebka-zamszowa_%5B2527%5D_1200.jpg,https://www.italy-shop.eu/images/ly453/2000-3000/Torebka-zamszowa_%5B2528%5D_1200.jpg,https://www.italy-shop.eu/images/ly453/2000-3000/Torebka-zamszowa_%5B2529%5D_1200.jpg,https://www.italy-shop.eu/images/ly453/2000-3000/Torebka-zamszowa_%5B2530%5D_1200.jpg,https://www.italy-shop.eu/images/ly453/2000-3000/Torebka-zamszowa_%5B2531%5D_1200.jpg,https://www.italy-shop.eu/images/ly453/2000-3000/Torebka-zamszowa_%5B2532%5D_1200.jpg,https://www.italy-shop.eu/images/ly453/2000-3000/Torebka-zamszowa_%5B2533%5D_1200.jpg,https://www.italy-shop.eu/images/ly453/2000-3000/Torebka-zamszowa_%5B2534%5D_1200.jpg,https://www.italy-shop.eu/images/ly453/2000-3000/Torebka-zamszowa_%5B2598%5D_1200.jpg	other
222_45	Torebka zamszowa	Zamszowa torebka hobo w kolorze karmel z dekoracyjnymi ćwiekami i frędzlami. Miękka skóra naturalna o aksamitnej fakturze układa się swobodnie. Regulowany pasek na ramię.	https://www.italy-shop.eu/Torebka-zamszowa-p222	https://www.italy-shop.eu/images/ly453/7000-8000/Torebka-zamszowa_%5B7001%5D_1200.jpg	Leather Country	635.00 PLN	in_stock	222	3032	Torebki	Czarny			new	female	adult			https://www.italy-shop.eu/images/ly453/6000-7000/Torebka-zamszowa_%5B6997%5D_1200.jpg,https://www.italy-shop.eu/images/ly453/6000-7000/Torebka-zamszowa_%5B6998%5D_1200.jpg,https://www.italy-shop.eu/images/ly453/6000-7000/Torebka-zamszowa_%5B6999%5D_1200.jpg,https://www.italy-shop.eu/images/ly453/7000-8000/Torebka-zamszowa_%5B7000%5D_1200.jpg,https://www.italy-shop.eu/images/ly453/7000-8000/Torebka-zamszowa_%5B7001%5D_1200.jpg,https://www.italy-shop.eu/images/ly453/7000-8000/Torebka-zamszowa_%5B7002%5D_1200.jpg	other
222_52	Torebka zamszowa	Zamszowa torebka hobo w kolorze karmel z dekoracyjnymi ćwiekami i frędzlami. Miękka skóra naturalna o aksamitnej fakturze układa się swobodnie. Regulowany pasek na ramię.	https://www.italy-shop.eu/Torebka-zamszowa-p222	https://www.italy-shop.eu/images/ly453/6000-7000/Torebka-zamszowa_%5B6996%5D_1200.jpg	Leather Country	635.00 PLN	in_stock	222	3032	Torebki	Brązowy			new	female	adult			https://www.italy-shop.eu/images/ly453/6000-7000/Torebka-zamszowa_%5B6997%5D_1200.jpg,https://www.italy-shop.eu/images/ly453/6000-7000/Torebka-zamszowa_%5B6998%5D_1200.jpg,https://www.italy-shop.eu/images/ly453/6000-7000/Torebka-zamszowa_%5B6999%5D_1200.jpg,https://www.italy-shop.eu/images/ly453/7000-8000/Torebka-zamszowa_%5B7000%5D_1200.jpg,https://www.italy-shop.eu/images/ly453/7000-8000/Torebka-zamszowa_%5B7001%5D_1200.jpg,https://www.italy-shop.eu/images/ly453/7000-8000/Torebka-zamszowa_%5B7002%5D_1200.jpg	other
222_56	Torebka zamszowa	Zamszowa torebka hobo w kolorze karmel z dekoracyjnymi ćwiekami i frędzlami. Miękka skóra naturalna o aksamitnej fakturze układa się swobodnie. Regulowany pasek na ramię.	https://www.italy-shop.eu/Torebka-zamszowa-p222	https://www.italy-shop.eu/images/ly453/6000-7000/Torebka-zamszowa_%5B6998%5D_1200.jpg	Leather Country	635.00 PLN	in_stock	222	3032	Torebki	Bordowy			new	female	adult			https://www.italy-shop.eu/images/ly453/6000-7000/Torebka-zamszowa_%5B6997%5D_1200.jpg,https://www.italy-shop.eu/images/ly453/6000-7000/Torebka-zamszowa_%5B6998%5D_1200.jpg,https://www.italy-shop.eu/images/ly453/6000-7000/Torebka-zamszowa_%5B6999%5D_1200.jpg,https://www.italy-shop.eu/images/ly453/7000-8000/Torebka-zamszowa_%5B7000%5D_1200.jpg,https://www.italy-shop.eu/images/ly453/7000-8000/Torebka-zamszowa_%5B7001%5D_1200.jpg,https://www.italy-shop.eu/images/ly453/7000-8000/Torebka-zamszowa_%5B7002%5D_1200.jpg	other
222_59	Torebka zamszowa	Zamszowa torebka hobo w kolorze karmel z dekoracyjnymi ćwiekami i frędzlami. Miękka skóra naturalna o aksamitnej fakturze układa się swobodnie. Regulowany pasek na ramię.	https://www.italy-shop.eu/Torebka-zamszowa-p222	https://www.italy-shop.eu/images/ly453/6000-7000/Torebka-zamszowa_%5B6999%5D_1200.jpg	Leather Country	635.00 PLN	in_stock	222	3032	Torebki	Karmel			new	female	adult			https://www.italy-shop.eu/images/ly453/6000-7000/Torebka-zamszowa_%5B6997%5D_1200.jpg,https://www.italy-shop.eu/images/ly453/6000-7000/Torebka-zamszowa_%5B6998%5D_1200.jpg,https://www.italy-shop.eu/images/ly453/6000-7000/Torebka-zamszowa_%5B6999%5D_1200.jpg,https://www.italy-shop.eu/images/ly453/7000-8000/Torebka-zamszowa_%5B7000%5D_1200.jpg,https://www.italy-shop.eu/images/ly453/7000-8000/Torebka-zamszowa_%5B7001%5D_1200.jpg,https://www.italy-shop.eu/images/ly453/7000-8000/Torebka-zamszowa_%5B7002%5D_1200.jpg	other
222_65	Torebka zamszowa	Zamszowa torebka hobo w kolorze karmel z dekoracyjnymi ćwiekami i frędzlami. Miękka skóra naturalna o aksamitnej fakturze układa się swobodnie. Regulowany pasek na ramię.	https://www.italy-shop.eu/Torebka-zamszowa-p222	https://www.italy-shop.eu/images/ly453/6000-7000/Torebka-zamszowa_%5B6997%5D_1200.jpg	Leather Country	635.00 PLN	in_stock	222	3032	Torebki	Cappuccino			new	female	adult			https://www.italy-shop.eu/images/ly453/6000-7000/Torebka-zamszowa_%5B6997%5D_1200.jpg,https://www.italy-shop.eu/images/ly453/6000-7000/Torebka-zamszowa_%5B6998%5D_1200.jpg,https://www.italy-shop.eu/images/ly453/6000-7000/Torebka-zamszowa_%5B6999%5D_1200.jpg,https://www.italy-shop.eu/images/ly453/7000-8000/Torebka-zamszowa_%5B7000%5D_1200.jpg,https://www.italy-shop.eu/images/ly453/7000-8000/Torebka-zamszowa_%5B7001%5D_1200.jpg,https://www.italy-shop.eu/images/ly453/7000-8000/Torebka-zamszowa_%5B7002%5D_1200.jpg	other
222_68	Torebka zamszowa	Zamszowa torebka hobo w kolorze karmel z dekoracyjnymi ćwiekami i frędzlami. Miękka skóra naturalna o aksamitnej fakturze układa się swobodnie. Regulowany pasek na ramię.	https://www.italy-shop.eu/Torebka-zamszowa-p222	https://www.italy-shop.eu/images/ly453/6000-7000/Torebka-zamszowa_%5B6997%5D_1200.jpg	Leather Country	635.00 PLN	in_stock	222	3032	Torebki	Oliwkowy			new	female	adult			https://www.italy-shop.eu/images/ly453/6000-7000/Torebka-zamszowa_%5B6997%5D_1200.jpg,https://www.italy-shop.eu/images/ly453/6000-7000/Torebka-zamszowa_%5B6998%5D_1200.jpg,https://www.italy-shop.eu/images/ly453/6000-7000/Torebka-zamszowa_%5B6999%5D_1200.jpg,https://www.italy-shop.eu/images/ly453/7000-8000/Torebka-zamszowa_%5B7000%5D_1200.jpg,https://www.italy-shop.eu/images/ly453/7000-8000/Torebka-zamszowa_%5B7001%5D_1200.jpg,https://www.italy-shop.eu/images/ly453/7000-8000/Torebka-zamszowa_%5B7002%5D_1200.jpg	other
251_52	Torebka zamszowa	Torba crossbody z miękkiej skóry zamszowej. Regulowany pasek, złote okucia i praktyczna klamra z przodu. Dostępna w 4 kolorach.	https://www.italy-shop.eu/Torebka-zamszowa-p251	https://www.italy-shop.eu/images/ly453/6000-7000/Torebka-zamszowa_%5B6757%5D_1200.jpg	Leather Country	490.00 PLN	in_stock	251	3032	Torebki	Brązowy			new	female	adult			https://www.italy-shop.eu/images/ly453/6000-7000/Torebka-zamszowa_%5B6757%5D_1200.jpg,https://www.italy-shop.eu/images/ly453/6000-7000/Torebka-zamszowa_%5B6758%5D_1200.jpg,https://www.italy-shop.eu/images/ly453/6000-7000/Torebka-zamszowa_%5B6759%5D_1200.jpg,https://www.italy-shop.eu/images/ly453/6000-7000/Torebka-zamszowa_%5B6760%5D_1200.jpg	other
251_59	Torebka zamszowa	Torba crossbody z miękkiej skóry zamszowej. Regulowany pasek, złote okucia i praktyczna klamra z przodu. Dostępna w 4 kolorach.	https://www.italy-shop.eu/Torebka-zamszowa-p251	https://www.italy-shop.eu/images/ly453/6000-7000/Torebka-zamszowa_%5B6756%5D_1200.jpg	Leather Country	490.00 PLN	in_stock	251	3032	Torebki	Karmel			new	female	adult			https://www.italy-shop.eu/images/ly453/6000-7000/Torebka-zamszowa_%5B6757%5D_1200.jpg,https://www.italy-shop.eu/images/ly453/6000-7000/Torebka-zamszowa_%5B6758%5D_1200.jpg,https://www.italy-shop.eu/images/ly453/6000-7000/Torebka-zamszowa_%5B6759%5D_1200.jpg,https://www.italy-shop.eu/images/ly453/6000-7000/Torebka-zamszowa_%5B6760%5D_1200.jpg	other
251_72	Torebka zamszowa	Torba crossbody z miękkiej skóry zamszowej. Regulowany pasek, złote okucia i praktyczna klamra z przodu. Dostępna w 4 kolorach.	https://www.italy-shop.eu/Torebka-zamszowa-p251	https://www.italy-shop.eu/images/ly453/6000-7000/Torebka-zamszowa_%5B6758%5D_1200.jpg	Leather Country	490.00 PLN	in_stock	251	3032	Torebki	Taupe			new	female	adult			https://www.italy-shop.eu/images/ly453/6000-7000/Torebka-zamszowa_%5B6757%5D_1200.jpg,https://www.italy-shop.eu/images/ly453/6000-7000/Torebka-zamszowa_%5B6758%5D_1200.jpg,https://www.italy-shop.eu/images/ly453/6000-7000/Torebka-zamszowa_%5B6759%5D_1200.jpg,https://www.italy-shop.eu/images/ly453/6000-7000/Torebka-zamszowa_%5B6760%5D_1200.jpg	other
251_82	Torebka zamszowa	Torba crossbody z miękkiej skóry zamszowej. Regulowany pasek, złote okucia i praktyczna klamra z przodu. Dostępna w 4 kolorach.	https://www.italy-shop.eu/Torebka-zamszowa-p251	https://www.italy-shop.eu/images/ly453/6000-7000/Torebka-zamszowa_%5B6756%5D_1200.jpg	Leather Country	490.00 PLN	in_stock	251	3032	Torebki	Koniak			new	female	adult			https://www.italy-shop.eu/images/ly453/6000-7000/Torebka-zamszowa_%5B6757%5D_1200.jpg,https://www.italy-shop.eu/images/ly453/6000-7000/Torebka-zamszowa_%5B6758%5D_1200.jpg,https://www.italy-shop.eu/images/ly453/6000-7000/Torebka-zamszowa_%5B6759%5D_1200.jpg,https://www.italy-shop.eu/images/ly453/6000-7000/Torebka-zamszowa_%5B6760%5D_1200.jpg	other
406_56_40	Wysokie trampki Lancioni — bordowe	Wysokie trampki Lancioni w bordo, skóra i zamsz z efektem krokodyla. Sznurowane, boczny suwak, płaska podeszwa.	https://www.italy-shop.eu/Wysokie-trampki-Lancioni-bordowe-p406	https://www.italy-shop.eu/images/ly453/6000-7000/Wysokie-trampki-Lancioni-bordowe_%5B6734%5D_1200.jpg	Lancioni	960.00 PLN	in_stock	406	187	Obuwie	Bordowy	Skóra gładka	36	new	female	adult			https://www.italy-shop.eu/images/ly453/6000-7000/Wysokie-trampki-Lancioni-bordowe_%5B6735%5D_1200.jpg	jesen
406_56_41	Wysokie trampki Lancioni — bordowe	Wysokie trampki Lancioni w bordo, skóra i zamsz z efektem krokodyla. Sznurowane, boczny suwak, płaska podeszwa.	https://www.italy-shop.eu/Wysokie-trampki-Lancioni-bordowe-p406	https://www.italy-shop.eu/images/ly453/6000-7000/Wysokie-trampki-Lancioni-bordowe_%5B6734%5D_1200.jpg	Lancioni	960.00 PLN	in_stock	406	187	Obuwie	Bordowy	Skóra gładka	37	new	female	adult			https://www.italy-shop.eu/images/ly453/6000-7000/Wysokie-trampki-Lancioni-bordowe_%5B6735%5D_1200.jpg	jesen
406_56_42	Wysokie trampki Lancioni — bordowe	Wysokie trampki Lancioni w bordo, skóra i zamsz z efektem krokodyla. Sznurowane, boczny suwak, płaska podeszwa.	https://www.italy-shop.eu/Wysokie-trampki-Lancioni-bordowe-p406	https://www.italy-shop.eu/images/ly453/6000-7000/Wysokie-trampki-Lancioni-bordowe_%5B6734%5D_1200.jpg	Lancioni	960.00 PLN	in_stock	406	187	Obuwie	Bordowy	Skóra gładka	38	new	female	adult			https://www.italy-shop.eu/images/ly453/6000-7000/Wysokie-trampki-Lancioni-bordowe_%5B6735%5D_1200.jpg	jesen
406_56_43	Wysokie trampki Lancioni — bordowe	Wysokie trampki Lancioni w bordo, skóra i zamsz z efektem krokodyla. Sznurowane, boczny suwak, płaska podeszwa.	https://www.italy-shop.eu/Wysokie-trampki-Lancioni-bordowe-p406	https://www.italy-shop.eu/images/ly453/6000-7000/Wysokie-trampki-Lancioni-bordowe_%5B6734%5D_1200.jpg	Lancioni	960.00 PLN	in_stock	406	187	Obuwie	Bordowy	Skóra gładka	39	new	female	adult			https://www.italy-shop.eu/images/ly453/6000-7000/Wysokie-trampki-Lancioni-bordowe_%5B6735%5D_1200.jpg	jesen
406_56_44	Wysokie trampki Lancioni — bordowe	Wysokie trampki Lancioni w bordo, skóra i zamsz z efektem krokodyla. Sznurowane, boczny suwak, płaska podeszwa.	https://www.italy-shop.eu/Wysokie-trampki-Lancioni-bordowe-p406	https://www.italy-shop.eu/images/ly453/6000-7000/Wysokie-trampki-Lancioni-bordowe_%5B6734%5D_1200.jpg	Lancioni	960.00 PLN	in_stock	406	187	Obuwie	Bordowy	Skóra gładka	40	new	female	adult			https://www.italy-shop.eu/images/ly453/6000-7000/Wysokie-trampki-Lancioni-bordowe_%5B6735%5D_1200.jpg	jesen
406_56_63	Wysokie trampki Lancioni — bordowe	Wysokie trampki Lancioni w bordo, skóra i zamsz z efektem krokodyla. Sznurowane, boczny suwak, płaska podeszwa.	https://www.italy-shop.eu/Wysokie-trampki-Lancioni-bordowe-p406	https://www.italy-shop.eu/images/ly453/6000-7000/Wysokie-trampki-Lancioni-bordowe_%5B6734%5D_1200.jpg	Lancioni	960.00 PLN	in_stock	406	187	Obuwie	Bordowy	Skóra gładka	41	new	female	adult			https://www.italy-shop.eu/images/ly453/6000-7000/Wysokie-trampki-Lancioni-bordowe_%5B6735%5D_1200.jpg	jesen
408_52_40	Wysokie trampki Lancioni — brązowe	Wysokie trampki Lancioni w brązie, skóra i zamsz z efektem krokodyla. Sznurowane, boczny suwak, płaska podeszwa.	https://www.italy-shop.eu/Wysokie-trampki-Lancioni-brazowe-p408	https://www.italy-shop.eu/images/ly453/6000-7000/Wysokie-trampki-Lancioni-brazowe_%5B6737%5D_1200.jpg	Lancioni	960.00 PLN	in_stock	408	187	Obuwie	Brązowy	Skóra gładka	36	new	female	adult				jesen
408_52_41	Wysokie trampki Lancioni — brązowe	Wysokie trampki Lancioni w brązie, skóra i zamsz z efektem krokodyla. Sznurowane, boczny suwak, płaska podeszwa.	https://www.italy-shop.eu/Wysokie-trampki-Lancioni-brazowe-p408	https://www.italy-shop.eu/images/ly453/6000-7000/Wysokie-trampki-Lancioni-brazowe_%5B6737%5D_1200.jpg	Lancioni	960.00 PLN	in_stock	408	187	Obuwie	Brązowy	Skóra gładka	37	new	female	adult				jesen
408_52_42	Wysokie trampki Lancioni — brązowe	Wysokie trampki Lancioni w brązie, skóra i zamsz z efektem krokodyla. Sznurowane, boczny suwak, płaska podeszwa.	https://www.italy-shop.eu/Wysokie-trampki-Lancioni-brazowe-p408	https://www.italy-shop.eu/images/ly453/6000-7000/Wysokie-trampki-Lancioni-brazowe_%5B6737%5D_1200.jpg	Lancioni	960.00 PLN	in_stock	408	187	Obuwie	Brązowy	Skóra gładka	38	new	female	adult				jesen
408_52_43	Wysokie trampki Lancioni — brązowe	Wysokie trampki Lancioni w brązie, skóra i zamsz z efektem krokodyla. Sznurowane, boczny suwak, płaska podeszwa.	https://www.italy-shop.eu/Wysokie-trampki-Lancioni-brazowe-p408	https://www.italy-shop.eu/images/ly453/6000-7000/Wysokie-trampki-Lancioni-brazowe_%5B6737%5D_1200.jpg	Lancioni	960.00 PLN	in_stock	408	187	Obuwie	Brązowy	Skóra gładka	39	new	female	adult				jesen
408_52_44	Wysokie trampki Lancioni — brązowe	Wysokie trampki Lancioni w brązie, skóra i zamsz z efektem krokodyla. Sznurowane, boczny suwak, płaska podeszwa.	https://www.italy-shop.eu/Wysokie-trampki-Lancioni-brazowe-p408	https://www.italy-shop.eu/images/ly453/6000-7000/Wysokie-trampki-Lancioni-brazowe_%5B6737%5D_1200.jpg	Lancioni	960.00 PLN	in_stock	408	187	Obuwie	Brązowy	Skóra gładka	40	new	female	adult				jesen
408_52_63	Wysokie trampki Lancioni — brązowe	Wysokie trampki Lancioni w brązie, skóra i zamsz z efektem krokodyla. Sznurowane, boczny suwak, płaska podeszwa.	https://www.italy-shop.eu/Wysokie-trampki-Lancioni-brazowe-p408	https://www.italy-shop.eu/images/ly453/6000-7000/Wysokie-trampki-Lancioni-brazowe_%5B6737%5D_1200.jpg	Lancioni	960.00 PLN	in_stock	408	187	Obuwie	Brązowy	Skóra gładka	41	new	female	adult				jesen
407_59_40	Wysokie trampki Lancioni — karmel	Wysokie trampki Lancioni w karmelu, skóra i zamsz z efektem krokodyla. Sznurowane, boczny suwak, płaska podeszwa.	https://www.italy-shop.eu/Wysokie-trampki-Lancioni-karmel-p407	https://www.italy-shop.eu/images/ly453/6000-7000/Wysokie-trampki-Lancioni-karmel_%5B6736%5D_1200.jpg	Lancioni	960.00 PLN	in_stock	407	187	Obuwie	Karmel	Skóra gładka	36	new	female	adult				jesen
407_59_41	Wysokie trampki Lancioni — karmel	Wysokie trampki Lancioni w karmelu, skóra i zamsz z efektem krokodyla. Sznurowane, boczny suwak, płaska podeszwa.	https://www.italy-shop.eu/Wysokie-trampki-Lancioni-karmel-p407	https://www.italy-shop.eu/images/ly453/6000-7000/Wysokie-trampki-Lancioni-karmel_%5B6736%5D_1200.jpg	Lancioni	960.00 PLN	in_stock	407	187	Obuwie	Karmel	Skóra gładka	37	new	female	adult				jesen
407_59_42	Wysokie trampki Lancioni — karmel	Wysokie trampki Lancioni w karmelu, skóra i zamsz z efektem krokodyla. Sznurowane, boczny suwak, płaska podeszwa.	https://www.italy-shop.eu/Wysokie-trampki-Lancioni-karmel-p407	https://www.italy-shop.eu/images/ly453/6000-7000/Wysokie-trampki-Lancioni-karmel_%5B6736%5D_1200.jpg	Lancioni	960.00 PLN	in_stock	407	187	Obuwie	Karmel	Skóra gładka	38	new	female	adult				jesen
407_59_43	Wysokie trampki Lancioni — karmel	Wysokie trampki Lancioni w karmelu, skóra i zamsz z efektem krokodyla. Sznurowane, boczny suwak, płaska podeszwa.	https://www.italy-shop.eu/Wysokie-trampki-Lancioni-karmel-p407	https://www.italy-shop.eu/images/ly453/6000-7000/Wysokie-trampki-Lancioni-karmel_%5B6736%5D_1200.jpg	Lancioni	960.00 PLN	in_stock	407	187	Obuwie	Karmel	Skóra gładka	39	new	female	adult				jesen
407_59_44	Wysokie trampki Lancioni — karmel	Wysokie trampki Lancioni w karmelu, skóra i zamsz z efektem krokodyla. Sznurowane, boczny suwak, płaska podeszwa.	https://www.italy-shop.eu/Wysokie-trampki-Lancioni-karmel-p407	https://www.italy-shop.eu/images/ly453/6000-7000/Wysokie-trampki-Lancioni-karmel_%5B6736%5D_1200.jpg	Lancioni	960.00 PLN	in_stock	407	187	Obuwie	Karmel	Skóra gładka	40	new	female	adult				jesen
407_59_63	Wysokie trampki Lancioni — karmel	Wysokie trampki Lancioni w karmelu, skóra i zamsz z efektem krokodyla. Sznurowane, boczny suwak, płaska podeszwa.	https://www.italy-shop.eu/Wysokie-trampki-Lancioni-karmel-p407	https://www.italy-shop.eu/images/ly453/6000-7000/Wysokie-trampki-Lancioni-karmel_%5B6736%5D_1200.jpg	Lancioni	960.00 PLN	in_stock	407	187	Obuwie	Karmel	Skóra gładka	41	new	female	adult				jesen
409_72_40	Wysokie trampki Lancioni — taupe	Wysokie trampki Lancioni w kolorze taupe, skóra i zamsz z efektem krokodyla. Sznurowane, boczny suwak, płaska podeszwa.	https://www.italy-shop.eu/Wysokie-trampki-Lancioni-taupe-p409	https://www.italy-shop.eu/images/ly453/6000-7000/Wysokie-trampki-Lancioni-taupe_%5B6738%5D_1200.jpg	Lancioni	960.00 PLN	in_stock	409	187	Obuwie	Taupe	Skóra gładka	36	new	female	adult				jesen
409_72_41	Wysokie trampki Lancioni — taupe	Wysokie trampki Lancioni w kolorze taupe, skóra i zamsz z efektem krokodyla. Sznurowane, boczny suwak, płaska podeszwa.	https://www.italy-shop.eu/Wysokie-trampki-Lancioni-taupe-p409	https://www.italy-shop.eu/images/ly453/6000-7000/Wysokie-trampki-Lancioni-taupe_%5B6738%5D_1200.jpg	Lancioni	960.00 PLN	in_stock	409	187	Obuwie	Taupe	Skóra gładka	37	new	female	adult				jesen
409_72_42	Wysokie trampki Lancioni — taupe	Wysokie trampki Lancioni w kolorze taupe, skóra i zamsz z efektem krokodyla. Sznurowane, boczny suwak, płaska podeszwa.	https://www.italy-shop.eu/Wysokie-trampki-Lancioni-taupe-p409	https://www.italy-shop.eu/images/ly453/6000-7000/Wysokie-trampki-Lancioni-taupe_%5B6738%5D_1200.jpg	Lancioni	960.00 PLN	in_stock	409	187	Obuwie	Taupe	Skóra gładka	38	new	female	adult				jesen
409_72_43	Wysokie trampki Lancioni — taupe	Wysokie trampki Lancioni w kolorze taupe, skóra i zamsz z efektem krokodyla. Sznurowane, boczny suwak, płaska podeszwa.	https://www.italy-shop.eu/Wysokie-trampki-Lancioni-taupe-p409	https://www.italy-shop.eu/images/ly453/6000-7000/Wysokie-trampki-Lancioni-taupe_%5B6738%5D_1200.jpg	Lancioni	960.00 PLN	in_stock	409	187	Obuwie	Taupe	Skóra gładka	39	new	female	adult				jesen
409_72_44	Wysokie trampki Lancioni — taupe	Wysokie trampki Lancioni w kolorze taupe, skóra i zamsz z efektem krokodyla. Sznurowane, boczny suwak, płaska podeszwa.	https://www.italy-shop.eu/Wysokie-trampki-Lancioni-taupe-p409	https://www.italy-shop.eu/images/ly453/6000-7000/Wysokie-trampki-Lancioni-taupe_%5B6738%5D_1200.jpg	Lancioni	960.00 PLN	in_stock	409	187	Obuwie	Taupe	Skóra gładka	40	new	female	adult				jesen
409_72_63	Wysokie trampki Lancioni — taupe	Wysokie trampki Lancioni w kolorze taupe, skóra i zamsz z efektem krokodyla. Sznurowane, boczny suwak, płaska podeszwa.	https://www.italy-shop.eu/Wysokie-trampki-Lancioni-taupe-p409	https://www.italy-shop.eu/images/ly453/6000-7000/Wysokie-trampki-Lancioni-taupe_%5B6738%5D_1200.jpg	Lancioni	960.00 PLN	in_stock	409	187	Obuwie	Taupe	Skóra gładka	41	new	female	adult				jesen
117_47	Zamszowa torebka Leather Country	Kompaktowa torebka typu bowling z miękkiej skóry zamszowej w odcieniu karmel. Konstrukcja ze złotymi okuciami i podwójnymi uchwytami do noszenia w ręce.	https://www.italy-shop.eu/Zamszowa-torebka-Leather-Country-p117	https://www.italy-shop.eu/images/ly453/2000-3000/Zamszowa-torebka-Leather-Country_%5B2954%5D_1200.jpg	Leather Country	539.00 PLN	in_stock	117	3032	Torebki	Beżowy			new	female	adult			https://www.italy-shop.eu/images/ly453/2000-3000/Zamszowa-torebka-Leather-Country_%5B2954%5D_1200.jpg,https://www.italy-shop.eu/images/ly453/2000-3000/Zamszowa-torebka-Leather-Country_%5B2964%5D_1200.jpg,https://www.italy-shop.eu/images/ly453/2000-3000/Zamszowa-torebka-Leather-Country_%5B2955%5D_1200.jpg,https://www.italy-shop.eu/images/ly453/2000-3000/Zamszowa-torebka-Leather-Country_%5B2956%5D_1200.jpg,https://www.italy-shop.eu/images/ly453/2000-3000/Zamszowa-torebka-Leather-Country_%5B2957%5D_1200.jpg,https://www.italy-shop.eu/images/ly453/3000-4000/Zamszowa-torebka-Leather-Country_%5B3031%5D_1200.jpg	other
117_52	Zamszowa torebka Leather Country	Kompaktowa torebka typu bowling z miękkiej skóry zamszowej w odcieniu karmel. Konstrukcja ze złotymi okuciami i podwójnymi uchwytami do noszenia w ręce.	https://www.italy-shop.eu/Zamszowa-torebka-Leather-Country-p117	https://www.italy-shop.eu/images/ly453/2000-3000/Zamszowa-torebka-Leather-Country_%5B2955%5D_1200.jpg	Leather Country	539.00 PLN	in_stock	117	3032	Torebki	Brązowy			new	female	adult			https://www.italy-shop.eu/images/ly453/2000-3000/Zamszowa-torebka-Leather-Country_%5B2954%5D_1200.jpg,https://www.italy-shop.eu/images/ly453/2000-3000/Zamszowa-torebka-Leather-Country_%5B2964%5D_1200.jpg,https://www.italy-shop.eu/images/ly453/2000-3000/Zamszowa-torebka-Leather-Country_%5B2955%5D_1200.jpg,https://www.italy-shop.eu/images/ly453/2000-3000/Zamszowa-torebka-Leather-Country_%5B2956%5D_1200.jpg,https://www.italy-shop.eu/images/ly453/2000-3000/Zamszowa-torebka-Leather-Country_%5B2957%5D_1200.jpg,https://www.italy-shop.eu/images/ly453/3000-4000/Zamszowa-torebka-Leather-Country_%5B3031%5D_1200.jpg	other
117_59	Zamszowa torebka Leather Country	Kompaktowa torebka typu bowling z miękkiej skóry zamszowej w odcieniu karmel. Konstrukcja ze złotymi okuciami i podwójnymi uchwytami do noszenia w ręce.	https://www.italy-shop.eu/Zamszowa-torebka-Leather-Country-p117	https://www.italy-shop.eu/images/ly453/2000-3000/Zamszowa-torebka-Leather-Country_%5B2957%5D_1200.jpg	Leather Country	539.00 PLN	in_stock	117	3032	Torebki	Karmel			new	female	adult			https://www.italy-shop.eu/images/ly453/2000-3000/Zamszowa-torebka-Leather-Country_%5B2954%5D_1200.jpg,https://www.italy-shop.eu/images/ly453/2000-3000/Zamszowa-torebka-Leather-Country_%5B2964%5D_1200.jpg,https://www.italy-shop.eu/images/ly453/2000-3000/Zamszowa-torebka-Leather-Country_%5B2955%5D_1200.jpg,https://www.italy-shop.eu/images/ly453/2000-3000/Zamszowa-torebka-Leather-Country_%5B2956%5D_1200.jpg,https://www.italy-shop.eu/images/ly453/2000-3000/Zamszowa-torebka-Leather-Country_%5B2957%5D_1200.jpg,https://www.italy-shop.eu/images/ly453/3000-4000/Zamszowa-torebka-Leather-Country_%5B3031%5D_1200.jpg	other
194_45	Zamszowa torebka Leather Country	Zamszowa listonoszka z dekoracyjną klamrą w odcieniu karmelu. Miękka skóra zamszowa z aksamitnym wykończeniem. Regulowany pasek i złote okucia.	https://www.italy-shop.eu/Zamszowa-torebka-Leather-Country-p194	https://www.italy-shop.eu/images/ly453/1000-2000/Zamszowa-torebka-Leather-Country_%5B1388%5D_1200.jpg	Leather Country	389.00 PLN	in_stock	194	3032	Torebki	Czarny			new	female	adult			https://www.italy-shop.eu/images/ly453/1000-2000/Zamszowa-torebka-Leather-Country_%5B1382%5D_1200.jpg,https://www.italy-shop.eu/images/ly453/1000-2000/Zamszowa-torebka-Leather-Country_%5B1383%5D_1200.jpg,https://www.italy-shop.eu/images/ly453/1000-2000/Zamszowa-torebka-Leather-Country_%5B1387%5D_1200.jpg,https://www.italy-shop.eu/images/ly453/1000-2000/Zamszowa-torebka-Leather-Country_%5B1388%5D_1200.jpg,https://www.italy-shop.eu/images/ly453/1000-2000/Zamszowa-torebka-Leather-Country_%5B1577%5D_1200.jpg,https://www.italy-shop.eu/images/ly453/4000-5000/Zamszowa-torebka-Leather-Country_%5B4022%5D_1200.jpg,https://www.italy-shop.eu/images/ly453/4000-5000/Zamszowa-torebka-Leather-Country_%5B4023%5D_1200.jpg,https://www.italy-shop.eu/images/ly453/4000-5000/Zamszowa-torebka-Leather-Country_%5B4024%5D_1200.jpg,https://www.italy-shop.eu/images/ly453/4000-5000/Zamszowa-torebka-Leather-Country_%5B4025%5D_1200.jpg,https://www.italy-shop.eu/images/ly453/4000-5000/Zamszowa-torebka-Leather-Country_%5B4026%5D_1200.jpg	other
194_47	Zamszowa torebka Leather Country	Zamszowa listonoszka z dekoracyjną klamrą w odcieniu karmelu. Miękka skóra zamszowa z aksamitnym wykończeniem. Regulowany pasek i złote okucia.	https://www.italy-shop.eu/Zamszowa-torebka-Leather-Country-p194	https://www.italy-shop.eu/images/ly453/1000-2000/Zamszowa-torebka-Leather-Country_%5B1382%5D_1200.jpg	Leather Country	389.00 PLN	in_stock	194	3032	Torebki	Beżowy			new	female	adult			https://www.italy-shop.eu/images/ly453/1000-2000/Zamszowa-torebka-Leather-Country_%5B1382%5D_1200.jpg,https://www.italy-shop.eu/images/ly453/1000-2000/Zamszowa-torebka-Leather-Country_%5B1383%5D_1200.jpg,https://www.italy-shop.eu/images/ly453/1000-2000/Zamszowa-torebka-Leather-Country_%5B1387%5D_1200.jpg,https://www.italy-shop.eu/images/ly453/1000-2000/Zamszowa-torebka-Leather-Country_%5B1388%5D_1200.jpg,https://www.italy-shop.eu/images/ly453/1000-2000/Zamszowa-torebka-Leather-Country_%5B1577%5D_1200.jpg,https://www.italy-shop.eu/images/ly453/4000-5000/Zamszowa-torebka-Leather-Country_%5B4022%5D_1200.jpg,https://www.italy-shop.eu/images/ly453/4000-5000/Zamszowa-torebka-Leather-Country_%5B4023%5D_1200.jpg,https://www.italy-shop.eu/images/ly453/4000-5000/Zamszowa-torebka-Leather-Country_%5B4024%5D_1200.jpg,https://www.italy-shop.eu/images/ly453/4000-5000/Zamszowa-torebka-Leather-Country_%5B4025%5D_1200.jpg,https://www.italy-shop.eu/images/ly453/4000-5000/Zamszowa-torebka-Leather-Country_%5B4026%5D_1200.jpg	other
194_48	Zamszowa torebka Leather Country	Zamszowa listonoszka z dekoracyjną klamrą w odcieniu karmelu. Miękka skóra zamszowa z aksamitnym wykończeniem. Regulowany pasek i złote okucia.	https://www.italy-shop.eu/Zamszowa-torebka-Leather-Country-p194	https://www.italy-shop.eu/images/ly453/4000-5000/Zamszowa-torebka-Leather-Country_%5B4025%5D_1200.jpg	Leather Country	389.00 PLN	in_stock	194	3032	Torebki	Zielony			new	female	adult			https://www.italy-shop.eu/images/ly453/1000-2000/Zamszowa-torebka-Leather-Country_%5B1382%5D_1200.jpg,https://www.italy-shop.eu/images/ly453/1000-2000/Zamszowa-torebka-Leather-Country_%5B1383%5D_1200.jpg,https://www.italy-shop.eu/images/ly453/1000-2000/Zamszowa-torebka-Leather-Country_%5B1387%5D_1200.jpg,https://www.italy-shop.eu/images/ly453/1000-2000/Zamszowa-torebka-Leather-Country_%5B1388%5D_1200.jpg,https://www.italy-shop.eu/images/ly453/1000-2000/Zamszowa-torebka-Leather-Country_%5B1577%5D_1200.jpg,https://www.italy-shop.eu/images/ly453/4000-5000/Zamszowa-torebka-Leather-Country_%5B4022%5D_1200.jpg,https://www.italy-shop.eu/images/ly453/4000-5000/Zamszowa-torebka-Leather-Country_%5B4023%5D_1200.jpg,https://www.italy-shop.eu/images/ly453/4000-5000/Zamszowa-torebka-Leather-Country_%5B4024%5D_1200.jpg,https://www.italy-shop.eu/images/ly453/4000-5000/Zamszowa-torebka-Leather-Country_%5B4025%5D_1200.jpg,https://www.italy-shop.eu/images/ly453/4000-5000/Zamszowa-torebka-Leather-Country_%5B4026%5D_1200.jpg	other
194_52	Zamszowa torebka Leather Country	Zamszowa listonoszka z dekoracyjną klamrą w odcieniu karmelu. Miękka skóra zamszowa z aksamitnym wykończeniem. Regulowany pasek i złote okucia.	https://www.italy-shop.eu/Zamszowa-torebka-Leather-Country-p194	https://www.italy-shop.eu/images/ly453/1000-2000/Zamszowa-torebka-Leather-Country_%5B1387%5D_1200.jpg	Leather Country	389.00 PLN	in_stock	194	3032	Torebki	Brązowy			new	female	adult			https://www.italy-shop.eu/images/ly453/1000-2000/Zamszowa-torebka-Leather-Country_%5B1382%5D_1200.jpg,https://www.italy-shop.eu/images/ly453/1000-2000/Zamszowa-torebka-Leather-Country_%5B1383%5D_1200.jpg,https://www.italy-shop.eu/images/ly453/1000-2000/Zamszowa-torebka-Leather-Country_%5B1387%5D_1200.jpg,https://www.italy-shop.eu/images/ly453/1000-2000/Zamszowa-torebka-Leather-Country_%5B1388%5D_1200.jpg,https://www.italy-shop.eu/images/ly453/1000-2000/Zamszowa-torebka-Leather-Country_%5B1577%5D_1200.jpg,https://www.italy-shop.eu/images/ly453/4000-5000/Zamszowa-torebka-Leather-Country_%5B4022%5D_1200.jpg,https://www.italy-shop.eu/images/ly453/4000-5000/Zamszowa-torebka-Leather-Country_%5B4023%5D_1200.jpg,https://www.italy-shop.eu/images/ly453/4000-5000/Zamszowa-torebka-Leather-Country_%5B4024%5D_1200.jpg,https://www.italy-shop.eu/images/ly453/4000-5000/Zamszowa-torebka-Leather-Country_%5B4025%5D_1200.jpg,https://www.italy-shop.eu/images/ly453/4000-5000/Zamszowa-torebka-Leather-Country_%5B4026%5D_1200.jpg	other
194_56	Zamszowa torebka Leather Country	Zamszowa listonoszka z dekoracyjną klamrą w odcieniu karmelu. Miękka skóra zamszowa z aksamitnym wykończeniem. Regulowany pasek i złote okucia.	https://www.italy-shop.eu/Zamszowa-torebka-Leather-Country-p194	https://www.italy-shop.eu/images/ly453/1000-2000/Zamszowa-torebka-Leather-Country_%5B1577%5D_1200.jpg	Leather Country	389.00 PLN	in_stock	194	3032	Torebki	Bordowy			new	female	adult			https://www.italy-shop.eu/images/ly453/1000-2000/Zamszowa-torebka-Leather-Country_%5B1382%5D_1200.jpg,https://www.italy-shop.eu/images/ly453/1000-2000/Zamszowa-torebka-Leather-Country_%5B1383%5D_1200.jpg,https://www.italy-shop.eu/images/ly453/1000-2000/Zamszowa-torebka-Leather-Country_%5B1387%5D_1200.jpg,https://www.italy-shop.eu/images/ly453/1000-2000/Zamszowa-torebka-Leather-Country_%5B1388%5D_1200.jpg,https://www.italy-shop.eu/images/ly453/1000-2000/Zamszowa-torebka-Leather-Country_%5B1577%5D_1200.jpg,https://www.italy-shop.eu/images/ly453/4000-5000/Zamszowa-torebka-Leather-Country_%5B4022%5D_1200.jpg,https://www.italy-shop.eu/images/ly453/4000-5000/Zamszowa-torebka-Leather-Country_%5B4023%5D_1200.jpg,https://www.italy-shop.eu/images/ly453/4000-5000/Zamszowa-torebka-Leather-Country_%5B4024%5D_1200.jpg,https://www.italy-shop.eu/images/ly453/4000-5000/Zamszowa-torebka-Leather-Country_%5B4025%5D_1200.jpg,https://www.italy-shop.eu/images/ly453/4000-5000/Zamszowa-torebka-Leather-Country_%5B4026%5D_1200.jpg	other
194_58	Zamszowa torebka Leather Country	Zamszowa listonoszka z dekoracyjną klamrą w odcieniu karmelu. Miękka skóra zamszowa z aksamitnym wykończeniem. Regulowany pasek i złote okucia.	https://www.italy-shop.eu/Zamszowa-torebka-Leather-Country-p194	https://www.italy-shop.eu/images/ly453/4000-5000/Zamszowa-torebka-Leather-Country_%5B4027%5D_1200.jpg	Leather Country	389.00 PLN	in_stock	194	3032	Torebki	Szary			new	female	adult			https://www.italy-shop.eu/images/ly453/1000-2000/Zamszowa-torebka-Leather-Country_%5B1382%5D_1200.jpg,https://www.italy-shop.eu/images/ly453/1000-2000/Zamszowa-torebka-Leather-Country_%5B1383%5D_1200.jpg,https://www.italy-shop.eu/images/ly453/1000-2000/Zamszowa-torebka-Leather-Country_%5B1387%5D_1200.jpg,https://www.italy-shop.eu/images/ly453/1000-2000/Zamszowa-torebka-Leather-Country_%5B1388%5D_1200.jpg,https://www.italy-shop.eu/images/ly453/1000-2000/Zamszowa-torebka-Leather-Country_%5B1577%5D_1200.jpg,https://www.italy-shop.eu/images/ly453/4000-5000/Zamszowa-torebka-Leather-Country_%5B4022%5D_1200.jpg,https://www.italy-shop.eu/images/ly453/4000-5000/Zamszowa-torebka-Leather-Country_%5B4023%5D_1200.jpg,https://www.italy-shop.eu/images/ly453/4000-5000/Zamszowa-torebka-Leather-Country_%5B4024%5D_1200.jpg,https://www.italy-shop.eu/images/ly453/4000-5000/Zamszowa-torebka-Leather-Country_%5B4025%5D_1200.jpg,https://www.italy-shop.eu/images/ly453/4000-5000/Zamszowa-torebka-Leather-Country_%5B4026%5D_1200.jpg	other
194_59	Zamszowa torebka Leather Country	Zamszowa listonoszka z dekoracyjną klamrą w odcieniu karmelu. Miękka skóra zamszowa z aksamitnym wykończeniem. Regulowany pasek i złote okucia.	https://www.italy-shop.eu/Zamszowa-torebka-Leather-Country-p194	https://www.italy-shop.eu/images/ly453/4000-5000/Zamszowa-torebka-Leather-Country_%5B4021%5D_1200.jpg	Leather Country	389.00 PLN	in_stock	194	3032	Torebki	Karmel			new	female	adult			https://www.italy-shop.eu/images/ly453/1000-2000/Zamszowa-torebka-Leather-Country_%5B1382%5D_1200.jpg,https://www.italy-shop.eu/images/ly453/1000-2000/Zamszowa-torebka-Leather-Country_%5B1383%5D_1200.jpg,https://www.italy-shop.eu/images/ly453/1000-2000/Zamszowa-torebka-Leather-Country_%5B1387%5D_1200.jpg,https://www.italy-shop.eu/images/ly453/1000-2000/Zamszowa-torebka-Leather-Country_%5B1388%5D_1200.jpg,https://www.italy-shop.eu/images/ly453/1000-2000/Zamszowa-torebka-Leather-Country_%5B1577%5D_1200.jpg,https://www.italy-shop.eu/images/ly453/4000-5000/Zamszowa-torebka-Leather-Country_%5B4022%5D_1200.jpg,https://www.italy-shop.eu/images/ly453/4000-5000/Zamszowa-torebka-Leather-Country_%5B4023%5D_1200.jpg,https://www.italy-shop.eu/images/ly453/4000-5000/Zamszowa-torebka-Leather-Country_%5B4024%5D_1200.jpg,https://www.italy-shop.eu/images/ly453/4000-5000/Zamszowa-torebka-Leather-Country_%5B4025%5D_1200.jpg,https://www.italy-shop.eu/images/ly453/4000-5000/Zamszowa-torebka-Leather-Country_%5B4026%5D_1200.jpg	other
194_68	Zamszowa torebka Leather Country	Zamszowa listonoszka z dekoracyjną klamrą w odcieniu karmelu. Miękka skóra zamszowa z aksamitnym wykończeniem. Regulowany pasek i złote okucia.	https://www.italy-shop.eu/Zamszowa-torebka-Leather-Country-p194	https://www.italy-shop.eu/images/ly453/4000-5000/Zamszowa-torebka-Leather-Country_%5B4026%5D_1200.jpg	Leather Country	389.00 PLN	in_stock	194	3032	Torebki	Oliwkowy			new	female	adult			https://www.italy-shop.eu/images/ly453/1000-2000/Zamszowa-torebka-Leather-Country_%5B1382%5D_1200.jpg,https://www.italy-shop.eu/images/ly453/1000-2000/Zamszowa-torebka-Leather-Country_%5B1383%5D_1200.jpg,https://www.italy-shop.eu/images/ly453/1000-2000/Zamszowa-torebka-Leather-Country_%5B1387%5D_1200.jpg,https://www.italy-shop.eu/images/ly453/1000-2000/Zamszowa-torebka-Leather-Country_%5B1388%5D_1200.jpg,https://www.italy-shop.eu/images/ly453/1000-2000/Zamszowa-torebka-Leather-Country_%5B1577%5D_1200.jpg,https://www.italy-shop.eu/images/ly453/4000-5000/Zamszowa-torebka-Leather-Country_%5B4022%5D_1200.jpg,https://www.italy-shop.eu/images/ly453/4000-5000/Zamszowa-torebka-Leather-Country_%5B4023%5D_1200.jpg,https://www.italy-shop.eu/images/ly453/4000-5000/Zamszowa-torebka-Leather-Country_%5B4024%5D_1200.jpg,https://www.italy-shop.eu/images/ly453/4000-5000/Zamszowa-torebka-Leather-Country_%5B4025%5D_1200.jpg,https://www.italy-shop.eu/images/ly453/4000-5000/Zamszowa-torebka-Leather-Country_%5B4026%5D_1200.jpg	other
199_52	Zamszowa torebka Leather Country	Kuferek z zamszowej skóry naturalnej w odcieniu cappuccino. Klasyczny fason z podwójnymi uchwytami i złotymi okuciami. Włoska produkcja z Bolonii.	https://www.italy-shop.eu/Zamszowa-torebka-Leather-Country-p199	https://www.italy-shop.eu/images/ly453/5000-6000/Zamszowa-torebka-Leather-Country_%5B5576%5D_1200.jpg	Leather Country	645.00 PLN	in_stock	199	3032	Torebki	Brązowy			new	female	adult			https://www.italy-shop.eu/images/ly453/1000-2000/Zamszowa-torebka-Leather-Country_%5B1500%5D_1200.jpg,https://www.italy-shop.eu/images/ly453/1000-2000/Zamszowa-torebka-Leather-Country_%5B1509%5D_1200.jpg,https://www.italy-shop.eu/images/ly453/1000-2000/Zamszowa-torebka-Leather-Country_%5B1510%5D_1200.jpg,https://www.italy-shop.eu/images/ly453/1000-2000/Zamszowa-torebka-Leather-Country_%5B1504%5D_1200.jpg,https://www.italy-shop.eu/images/ly453/1000-2000/Zamszowa-torebka-Leather-Country_%5B1501%5D_1200.jpg,https://www.italy-shop.eu/images/ly453/1000-2000/Zamszowa-torebka-Leather-Country_%5B1502%5D_1200.jpg,https://www.italy-shop.eu/images/ly453/1000-2000/Zamszowa-torebka-Leather-Country_%5B1503%5D_1200.jpg,https://www.italy-shop.eu/images/ly453/2000-3000/Zamszowa-torebka-Leather-Country_%5B2489%5D_1200.jpg,https://www.italy-shop.eu/images/ly453/1000-2000/Zamszowa-torebka-Leather-Country_%5B1505%5D_1200.jpg,https://www.italy-shop.eu/images/ly453/1000-2000/Zamszowa-torebka-Leather-Country_%5B1506%5D_1200.jpg	other
199_65	Zamszowa torebka Leather Country	Kuferek z zamszowej skóry naturalnej w odcieniu cappuccino. Klasyczny fason z podwójnymi uchwytami i złotymi okuciami. Włoska produkcja z Bolonii.	https://www.italy-shop.eu/Zamszowa-torebka-Leather-Country-p199	https://www.italy-shop.eu/images/ly453/5000-6000/Zamszowa-torebka-Leather-Country_%5B5575%5D_1200.jpg	Leather Country	645.00 PLN	in_stock	199	3032	Torebki	Cappuccino			new	female	adult			https://www.italy-shop.eu/images/ly453/1000-2000/Zamszowa-torebka-Leather-Country_%5B1500%5D_1200.jpg,https://www.italy-shop.eu/images/ly453/1000-2000/Zamszowa-torebka-Leather-Country_%5B1509%5D_1200.jpg,https://www.italy-shop.eu/images/ly453/1000-2000/Zamszowa-torebka-Leather-Country_%5B1510%5D_1200.jpg,https://www.italy-shop.eu/images/ly453/1000-2000/Zamszowa-torebka-Leather-Country_%5B1504%5D_1200.jpg,https://www.italy-shop.eu/images/ly453/1000-2000/Zamszowa-torebka-Leather-Country_%5B1501%5D_1200.jpg,https://www.italy-shop.eu/images/ly453/1000-2000/Zamszowa-torebka-Leather-Country_%5B1502%5D_1200.jpg,https://www.italy-shop.eu/images/ly453/1000-2000/Zamszowa-torebka-Leather-Country_%5B1503%5D_1200.jpg,https://www.italy-shop.eu/images/ly453/2000-3000/Zamszowa-torebka-Leather-Country_%5B2489%5D_1200.jpg,https://www.italy-shop.eu/images/ly453/1000-2000/Zamszowa-torebka-Leather-Country_%5B1505%5D_1200.jpg,https://www.italy-shop.eu/images/ly453/1000-2000/Zamszowa-torebka-Leather-Country_%5B1506%5D_1200.jpg	other
206_45	Zamszowa torebka Leather Country	Pojemna torebka shopper z miękkiej skóry zamszowej w ciepłym karmelowym odcieniu. Miękka konstrukcja z regulowanymi paskami i wewnętrzną kieszonką na zamek.	https://www.italy-shop.eu/Zamszowa-torebka-Leather-Country-p206	https://www.italy-shop.eu/images/ly453/4000-5000/Zamszowa-torebka-Leather-Country_%5B4126%5D_1200.jpg	Leather Country	473.00 PLN	in_stock	206	3032	Torebki	Czarny			new	female	adult			https://www.italy-shop.eu/images/ly453/4000-5000/Zamszowa-torebka-Leather-Country_%5B4124%5D_1200.jpg,https://www.italy-shop.eu/images/ly453/4000-5000/Zamszowa-torebka-Leather-Country_%5B4125%5D_1200.jpg,https://www.italy-shop.eu/images/ly453/1000-2000/Zamszowa-torebka-Leather-Country_%5B1616%5D_1200.jpg,https://www.italy-shop.eu/images/ly453/1000-2000/Zamszowa-torebka-Leather-Country_%5B1617%5D_1200.jpg,https://www.italy-shop.eu/images/ly453/4000-5000/Zamszowa-torebka-Leather-Country_%5B4132%5D_1200.jpg,https://www.italy-shop.eu/images/ly453/1000-2000/Zamszowa-torebka-Leather-Country_%5B1620%5D_1200.jpg,https://www.italy-shop.eu/images/ly453/4000-5000/Zamszowa-torebka-Leather-Country_%5B4126%5D_1200.jpg,https://www.italy-shop.eu/images/ly453/4000-5000/Zamszowa-torebka-Leather-Country_%5B4127%5D_1200.jpg,https://www.italy-shop.eu/images/ly453/4000-5000/Zamszowa-torebka-Leather-Country_%5B4128%5D_1200.jpg,https://www.italy-shop.eu/images/ly453/4000-5000/Zamszowa-torebka-Leather-Country_%5B4129%5D_1200.jpg	other
206_47	Zamszowa torebka Leather Country	Pojemna torebka shopper z miękkiej skóry zamszowej w ciepłym karmelowym odcieniu. Miękka konstrukcja z regulowanymi paskami i wewnętrzną kieszonką na zamek.	https://www.italy-shop.eu/Zamszowa-torebka-Leather-Country-p206	https://www.italy-shop.eu/images/ly453/4000-5000/Zamszowa-torebka-Leather-Country_%5B4127%5D_1200.jpg	Leather Country	473.00 PLN	in_stock	206	3032	Torebki	Beżowy			new	female	adult			https://www.italy-shop.eu/images/ly453/4000-5000/Zamszowa-torebka-Leather-Country_%5B4124%5D_1200.jpg,https://www.italy-shop.eu/images/ly453/4000-5000/Zamszowa-torebka-Leather-Country_%5B4125%5D_1200.jpg,https://www.italy-shop.eu/images/ly453/1000-2000/Zamszowa-torebka-Leather-Country_%5B1616%5D_1200.jpg,https://www.italy-shop.eu/images/ly453/1000-2000/Zamszowa-torebka-Leather-Country_%5B1617%5D_1200.jpg,https://www.italy-shop.eu/images/ly453/4000-5000/Zamszowa-torebka-Leather-Country_%5B4132%5D_1200.jpg,https://www.italy-shop.eu/images/ly453/1000-2000/Zamszowa-torebka-Leather-Country_%5B1620%5D_1200.jpg,https://www.italy-shop.eu/images/ly453/4000-5000/Zamszowa-torebka-Leather-Country_%5B4126%5D_1200.jpg,https://www.italy-shop.eu/images/ly453/4000-5000/Zamszowa-torebka-Leather-Country_%5B4127%5D_1200.jpg,https://www.italy-shop.eu/images/ly453/4000-5000/Zamszowa-torebka-Leather-Country_%5B4128%5D_1200.jpg,https://www.italy-shop.eu/images/ly453/4000-5000/Zamszowa-torebka-Leather-Country_%5B4129%5D_1200.jpg	other
206_56	Zamszowa torebka Leather Country	Pojemna torebka shopper z miękkiej skóry zamszowej w ciepłym karmelowym odcieniu. Miękka konstrukcja z regulowanymi paskami i wewnętrzną kieszonką na zamek.	https://www.italy-shop.eu/Zamszowa-torebka-Leather-Country-p206	https://www.italy-shop.eu/images/ly453/1000-2000/Zamszowa-torebka-Leather-Country_%5B1620%5D_1200.jpg	Leather Country	473.00 PLN	in_stock	206	3032	Torebki	Bordowy			new	female	adult			https://www.italy-shop.eu/images/ly453/4000-5000/Zamszowa-torebka-Leather-Country_%5B4124%5D_1200.jpg,https://www.italy-shop.eu/images/ly453/4000-5000/Zamszowa-torebka-Leather-Country_%5B4125%5D_1200.jpg,https://www.italy-shop.eu/images/ly453/1000-2000/Zamszowa-torebka-Leather-Country_%5B1616%5D_1200.jpg,https://www.italy-shop.eu/images/ly453/1000-2000/Zamszowa-torebka-Leather-Country_%5B1617%5D_1200.jpg,https://www.italy-shop.eu/images/ly453/4000-5000/Zamszowa-torebka-Leather-Country_%5B4132%5D_1200.jpg,https://www.italy-shop.eu/images/ly453/1000-2000/Zamszowa-torebka-Leather-Country_%5B1620%5D_1200.jpg,https://www.italy-shop.eu/images/ly453/4000-5000/Zamszowa-torebka-Leather-Country_%5B4126%5D_1200.jpg,https://www.italy-shop.eu/images/ly453/4000-5000/Zamszowa-torebka-Leather-Country_%5B4127%5D_1200.jpg,https://www.italy-shop.eu/images/ly453/4000-5000/Zamszowa-torebka-Leather-Country_%5B4128%5D_1200.jpg,https://www.italy-shop.eu/images/ly453/4000-5000/Zamszowa-torebka-Leather-Country_%5B4129%5D_1200.jpg	other
206_58	Zamszowa torebka Leather Country	Pojemna torebka shopper z miękkiej skóry zamszowej w ciepłym karmelowym odcieniu. Miękka konstrukcja z regulowanymi paskami i wewnętrzną kieszonką na zamek.	https://www.italy-shop.eu/Zamszowa-torebka-Leather-Country-p206	https://www.italy-shop.eu/images/ly453/4000-5000/Zamszowa-torebka-Leather-Country_%5B4128%5D_1200.jpg	Leather Country	473.00 PLN	in_stock	206	3032	Torebki	Szary			new	female	adult			https://www.italy-shop.eu/images/ly453/4000-5000/Zamszowa-torebka-Leather-Country_%5B4124%5D_1200.jpg,https://www.italy-shop.eu/images/ly453/4000-5000/Zamszowa-torebka-Leather-Country_%5B4125%5D_1200.jpg,https://www.italy-shop.eu/images/ly453/1000-2000/Zamszowa-torebka-Leather-Country_%5B1616%5D_1200.jpg,https://www.italy-shop.eu/images/ly453/1000-2000/Zamszowa-torebka-Leather-Country_%5B1617%5D_1200.jpg,https://www.italy-shop.eu/images/ly453/4000-5000/Zamszowa-torebka-Leather-Country_%5B4132%5D_1200.jpg,https://www.italy-shop.eu/images/ly453/1000-2000/Zamszowa-torebka-Leather-Country_%5B1620%5D_1200.jpg,https://www.italy-shop.eu/images/ly453/4000-5000/Zamszowa-torebka-Leather-Country_%5B4126%5D_1200.jpg,https://www.italy-shop.eu/images/ly453/4000-5000/Zamszowa-torebka-Leather-Country_%5B4127%5D_1200.jpg,https://www.italy-shop.eu/images/ly453/4000-5000/Zamszowa-torebka-Leather-Country_%5B4128%5D_1200.jpg,https://www.italy-shop.eu/images/ly453/4000-5000/Zamszowa-torebka-Leather-Country_%5B4129%5D_1200.jpg	other
206_59	Zamszowa torebka Leather Country	Pojemna torebka shopper z miękkiej skóry zamszowej w ciepłym karmelowym odcieniu. Miękka konstrukcja z regulowanymi paskami i wewnętrzną kieszonką na zamek.	https://www.italy-shop.eu/Zamszowa-torebka-Leather-Country-p206	https://www.italy-shop.eu/images/ly453/4000-5000/Zamszowa-torebka-Leather-Country_%5B4123%5D_1200.jpg	Leather Country	473.00 PLN	in_stock	206	3032	Torebki	Karmel			new	female	adult			https://www.italy-shop.eu/images/ly453/4000-5000/Zamszowa-torebka-Leather-Country_%5B4124%5D_1200.jpg,https://www.italy-shop.eu/images/ly453/4000-5000/Zamszowa-torebka-Leather-Country_%5B4125%5D_1200.jpg,https://www.italy-shop.eu/images/ly453/1000-2000/Zamszowa-torebka-Leather-Country_%5B1616%5D_1200.jpg,https://www.italy-shop.eu/images/ly453/1000-2000/Zamszowa-torebka-Leather-Country_%5B1617%5D_1200.jpg,https://www.italy-shop.eu/images/ly453/4000-5000/Zamszowa-torebka-Leather-Country_%5B4132%5D_1200.jpg,https://www.italy-shop.eu/images/ly453/1000-2000/Zamszowa-torebka-Leather-Country_%5B1620%5D_1200.jpg,https://www.italy-shop.eu/images/ly453/4000-5000/Zamszowa-torebka-Leather-Country_%5B4126%5D_1200.jpg,https://www.italy-shop.eu/images/ly453/4000-5000/Zamszowa-torebka-Leather-Country_%5B4127%5D_1200.jpg,https://www.italy-shop.eu/images/ly453/4000-5000/Zamszowa-torebka-Leather-Country_%5B4128%5D_1200.jpg,https://www.italy-shop.eu/images/ly453/4000-5000/Zamszowa-torebka-Leather-Country_%5B4129%5D_1200.jpg	other
206_66	Zamszowa torebka Leather Country	Pojemna torebka shopper z miękkiej skóry zamszowej w ciepłym karmelowym odcieniu. Miękka konstrukcja z regulowanymi paskami i wewnętrzną kieszonką na zamek.	https://www.italy-shop.eu/Zamszowa-torebka-Leather-Country-p206	https://www.italy-shop.eu/images/ly453/4000-5000/Zamszowa-torebka-Leather-Country_%5B4131%5D_1200.jpg	Leather Country	473.00 PLN	in_stock	206	3032	Torebki	Mleczny			new	female	adult			https://www.italy-shop.eu/images/ly453/4000-5000/Zamszowa-torebka-Leather-Country_%5B4124%5D_1200.jpg,https://www.italy-shop.eu/images/ly453/4000-5000/Zamszowa-torebka-Leather-Country_%5B4125%5D_1200.jpg,https://www.italy-shop.eu/images/ly453/1000-2000/Zamszowa-torebka-Leather-Country_%5B1616%5D_1200.jpg,https://www.italy-shop.eu/images/ly453/1000-2000/Zamszowa-torebka-Leather-Country_%5B1617%5D_1200.jpg,https://www.italy-shop.eu/images/ly453/4000-5000/Zamszowa-torebka-Leather-Country_%5B4132%5D_1200.jpg,https://www.italy-shop.eu/images/ly453/1000-2000/Zamszowa-torebka-Leather-Country_%5B1620%5D_1200.jpg,https://www.italy-shop.eu/images/ly453/4000-5000/Zamszowa-torebka-Leather-Country_%5B4126%5D_1200.jpg,https://www.italy-shop.eu/images/ly453/4000-5000/Zamszowa-torebka-Leather-Country_%5B4127%5D_1200.jpg,https://www.italy-shop.eu/images/ly453/4000-5000/Zamszowa-torebka-Leather-Country_%5B4128%5D_1200.jpg,https://www.italy-shop.eu/images/ly453/4000-5000/Zamszowa-torebka-Leather-Country_%5B4129%5D_1200.jpg	other
206_68	Zamszowa torebka Leather Country	Pojemna torebka shopper z miękkiej skóry zamszowej w ciepłym karmelowym odcieniu. Miękka konstrukcja z regulowanymi paskami i wewnętrzną kieszonką na zamek.	https://www.italy-shop.eu/Zamszowa-torebka-Leather-Country-p206	https://www.italy-shop.eu/images/ly453/4000-5000/Zamszowa-torebka-Leather-Country_%5B4130%5D_1200.jpg	Leather Country	473.00 PLN	in_stock	206	3032	Torebki	Oliwkowy			new	female	adult			https://www.italy-shop.eu/images/ly453/4000-5000/Zamszowa-torebka-Leather-Country_%5B4124%5D_1200.jpg,https://www.italy-shop.eu/images/ly453/4000-5000/Zamszowa-torebka-Leather-Country_%5B4125%5D_1200.jpg,https://www.italy-shop.eu/images/ly453/1000-2000/Zamszowa-torebka-Leather-Country_%5B1616%5D_1200.jpg,https://www.italy-shop.eu/images/ly453/1000-2000/Zamszowa-torebka-Leather-Country_%5B1617%5D_1200.jpg,https://www.italy-shop.eu/images/ly453/4000-5000/Zamszowa-torebka-Leather-Country_%5B4132%5D_1200.jpg,https://www.italy-shop.eu/images/ly453/1000-2000/Zamszowa-torebka-Leather-Country_%5B1620%5D_1200.jpg,https://www.italy-shop.eu/images/ly453/4000-5000/Zamszowa-torebka-Leather-Country_%5B4126%5D_1200.jpg,https://www.italy-shop.eu/images/ly453/4000-5000/Zamszowa-torebka-Leather-Country_%5B4127%5D_1200.jpg,https://www.italy-shop.eu/images/ly453/4000-5000/Zamszowa-torebka-Leather-Country_%5B4128%5D_1200.jpg,https://www.italy-shop.eu/images/ly453/4000-5000/Zamszowa-torebka-Leather-Country_%5B4129%5D_1200.jpg	other
214_45	Zamszowa torebka Leather Country	Zamszowa torebka w ciepłych odcieniach. Miękka skóra naturalna z subtelną fakturą, charakterystyczna klamra. Pojemna torba na co dzień.	https://www.italy-shop.eu/Zamszowa-torebka-Leather-Country-p214	https://www.italy-shop.eu/images/ly453/6000-7000/Zamszowa-torebka-Leather-Country_%5B6786%5D_1200.jpg	Leather Country	473.00 PLN	in_stock	214	3032	Torebki	Czarny			new	female	adult			https://www.italy-shop.eu/images/ly453/6000-7000/Zamszowa-torebka-Leather-Country_%5B6778%5D_1200.jpg,https://www.italy-shop.eu/images/ly453/6000-7000/Zamszowa-torebka-Leather-Country_%5B6779%5D_1200.jpg,https://www.italy-shop.eu/images/ly453/6000-7000/Zamszowa-torebka-Leather-Country_%5B6780%5D_1200.jpg,https://www.italy-shop.eu/images/ly453/6000-7000/Zamszowa-torebka-Leather-Country_%5B6781%5D_1200.jpg,https://www.italy-shop.eu/images/ly453/6000-7000/Zamszowa-torebka-Leather-Country_%5B6782%5D_1200.jpg,https://www.italy-shop.eu/images/ly453/6000-7000/Zamszowa-torebka-Leather-Country_%5B6783%5D_1200.jpg,https://www.italy-shop.eu/images/ly453/6000-7000/Zamszowa-torebka-Leather-Country_%5B6784%5D_1200.jpg,https://www.italy-shop.eu/images/ly453/6000-7000/Zamszowa-torebka-Leather-Country_%5B6785%5D_1200.jpg,https://www.italy-shop.eu/images/ly453/6000-7000/Zamszowa-torebka-Leather-Country_%5B6786%5D_1200.jpg	other
214_52	Zamszowa torebka Leather Country	Zamszowa torebka w ciepłych odcieniach. Miękka skóra naturalna z subtelną fakturą, charakterystyczna klamra. Pojemna torba na co dzień.	https://www.italy-shop.eu/Zamszowa-torebka-Leather-Country-p214	https://www.italy-shop.eu/images/ly453/6000-7000/Zamszowa-torebka-Leather-Country_%5B6785%5D_1200.jpg	Leather Country	473.00 PLN	in_stock	214	3032	Torebki	Brązowy			new	female	adult			https://www.italy-shop.eu/images/ly453/6000-7000/Zamszowa-torebka-Leather-Country_%5B6778%5D_1200.jpg,https://www.italy-shop.eu/images/ly453/6000-7000/Zamszowa-torebka-Leather-Country_%5B6779%5D_1200.jpg,https://www.italy-shop.eu/images/ly453/6000-7000/Zamszowa-torebka-Leather-Country_%5B6780%5D_1200.jpg,https://www.italy-shop.eu/images/ly453/6000-7000/Zamszowa-torebka-Leather-Country_%5B6781%5D_1200.jpg,https://www.italy-shop.eu/images/ly453/6000-7000/Zamszowa-torebka-Leather-Country_%5B6782%5D_1200.jpg,https://www.italy-shop.eu/images/ly453/6000-7000/Zamszowa-torebka-Leather-Country_%5B6783%5D_1200.jpg,https://www.italy-shop.eu/images/ly453/6000-7000/Zamszowa-torebka-Leather-Country_%5B6784%5D_1200.jpg,https://www.italy-shop.eu/images/ly453/6000-7000/Zamszowa-torebka-Leather-Country_%5B6785%5D_1200.jpg,https://www.italy-shop.eu/images/ly453/6000-7000/Zamszowa-torebka-Leather-Country_%5B6786%5D_1200.jpg	other
214_59	Zamszowa torebka Leather Country	Zamszowa torebka w ciepłych odcieniach. Miękka skóra naturalna z subtelną fakturą, charakterystyczna klamra. Pojemna torba na co dzień.	https://www.italy-shop.eu/Zamszowa-torebka-Leather-Country-p214	https://www.italy-shop.eu/images/ly453/6000-7000/Zamszowa-torebka-Leather-Country_%5B6781%5D_1200.jpg	Leather Country	473.00 PLN	in_stock	214	3032	Torebki	Karmel			new	female	adult			https://www.italy-shop.eu/images/ly453/6000-7000/Zamszowa-torebka-Leather-Country_%5B6778%5D_1200.jpg,https://www.italy-shop.eu/images/ly453/6000-7000/Zamszowa-torebka-Leather-Country_%5B6779%5D_1200.jpg,https://www.italy-shop.eu/images/ly453/6000-7000/Zamszowa-torebka-Leather-Country_%5B6780%5D_1200.jpg,https://www.italy-shop.eu/images/ly453/6000-7000/Zamszowa-torebka-Leather-Country_%5B6781%5D_1200.jpg,https://www.italy-shop.eu/images/ly453/6000-7000/Zamszowa-torebka-Leather-Country_%5B6782%5D_1200.jpg,https://www.italy-shop.eu/images/ly453/6000-7000/Zamszowa-torebka-Leather-Country_%5B6783%5D_1200.jpg,https://www.italy-shop.eu/images/ly453/6000-7000/Zamszowa-torebka-Leather-Country_%5B6784%5D_1200.jpg,https://www.italy-shop.eu/images/ly453/6000-7000/Zamszowa-torebka-Leather-Country_%5B6785%5D_1200.jpg,https://www.italy-shop.eu/images/ly453/6000-7000/Zamszowa-torebka-Leather-Country_%5B6786%5D_1200.jpg	other
214_65	Zamszowa torebka Leather Country	Zamszowa torebka w ciepłych odcieniach. Miękka skóra naturalna z subtelną fakturą, charakterystyczna klamra. Pojemna torba na co dzień.	https://www.italy-shop.eu/Zamszowa-torebka-Leather-Country-p214	https://www.italy-shop.eu/images/ly453/6000-7000/Zamszowa-torebka-Leather-Country_%5B6777%5D_1200.jpg	Leather Country	473.00 PLN	in_stock	214	3032	Torebki	Cappuccino			new	female	adult			https://www.italy-shop.eu/images/ly453/6000-7000/Zamszowa-torebka-Leather-Country_%5B6778%5D_1200.jpg,https://www.italy-shop.eu/images/ly453/6000-7000/Zamszowa-torebka-Leather-Country_%5B6779%5D_1200.jpg,https://www.italy-shop.eu/images/ly453/6000-7000/Zamszowa-torebka-Leather-Country_%5B6780%5D_1200.jpg,https://www.italy-shop.eu/images/ly453/6000-7000/Zamszowa-torebka-Leather-Country_%5B6781%5D_1200.jpg,https://www.italy-shop.eu/images/ly453/6000-7000/Zamszowa-torebka-Leather-Country_%5B6782%5D_1200.jpg,https://www.italy-shop.eu/images/ly453/6000-7000/Zamszowa-torebka-Leather-Country_%5B6783%5D_1200.jpg,https://www.italy-shop.eu/images/ly453/6000-7000/Zamszowa-torebka-Leather-Country_%5B6784%5D_1200.jpg,https://www.italy-shop.eu/images/ly453/6000-7000/Zamszowa-torebka-Leather-Country_%5B6785%5D_1200.jpg,https://www.italy-shop.eu/images/ly453/6000-7000/Zamszowa-torebka-Leather-Country_%5B6786%5D_1200.jpg	other
214_72	Zamszowa torebka Leather Country	Zamszowa torebka w ciepłych odcieniach. Miękka skóra naturalna z subtelną fakturą, charakterystyczna klamra. Pojemna torba na co dzień.	https://www.italy-shop.eu/Zamszowa-torebka-Leather-Country-p214	https://www.italy-shop.eu/images/ly453/6000-7000/Zamszowa-torebka-Leather-Country_%5B6778%5D_1200.jpg	Leather Country	473.00 PLN	in_stock	214	3032	Torebki	Taupe			new	female	adult			https://www.italy-shop.eu/images/ly453/6000-7000/Zamszowa-torebka-Leather-Country_%5B6778%5D_1200.jpg,https://www.italy-shop.eu/images/ly453/6000-7000/Zamszowa-torebka-Leather-Country_%5B6779%5D_1200.jpg,https://www.italy-shop.eu/images/ly453/6000-7000/Zamszowa-torebka-Leather-Country_%5B6780%5D_1200.jpg,https://www.italy-shop.eu/images/ly453/6000-7000/Zamszowa-torebka-Leather-Country_%5B6781%5D_1200.jpg,https://www.italy-shop.eu/images/ly453/6000-7000/Zamszowa-torebka-Leather-Country_%5B6782%5D_1200.jpg,https://www.italy-shop.eu/images/ly453/6000-7000/Zamszowa-torebka-Leather-Country_%5B6783%5D_1200.jpg,https://www.italy-shop.eu/images/ly453/6000-7000/Zamszowa-torebka-Leather-Country_%5B6784%5D_1200.jpg,https://www.italy-shop.eu/images/ly453/6000-7000/Zamszowa-torebka-Leather-Country_%5B6785%5D_1200.jpg,https://www.italy-shop.eu/images/ly453/6000-7000/Zamszowa-torebka-Leather-Country_%5B6786%5D_1200.jpg	other
379_52_40	Zamszowe baleriny Lancioni — brązowe	Zamszowe baleriny Lancioni w ciemnym brązie, z tłoczeniem krokodyla. Miękki kwadratowy nosek, płaska podeszwa.	https://www.italy-shop.eu/Zamszowe-baleriny-Lancioni-brazowe-p379	https://www.italy-shop.eu/images/ly453/6000-7000/Zamszowe-baleriny-Lancioni-brazowe_%5B6681%5D_1200.jpg	Federica Lancioni	730.00 PLN	in_stock	379	187	Obuwie > Baleriny	Brązowy	Zamsz	36	new	female	adult			https://www.italy-shop.eu/images/ly453/6000-7000/Zamszowe-baleriny-Lancioni-brazowe_%5B6684%5D_1200.jpg	jesen
379_52_41	Zamszowe baleriny Lancioni — brązowe	Zamszowe baleriny Lancioni w ciemnym brązie, z tłoczeniem krokodyla. Miękki kwadratowy nosek, płaska podeszwa.	https://www.italy-shop.eu/Zamszowe-baleriny-Lancioni-brazowe-p379	https://www.italy-shop.eu/images/ly453/6000-7000/Zamszowe-baleriny-Lancioni-brazowe_%5B6681%5D_1200.jpg	Federica Lancioni	730.00 PLN	in_stock	379	187	Obuwie > Baleriny	Brązowy	Zamsz	37	new	female	adult			https://www.italy-shop.eu/images/ly453/6000-7000/Zamszowe-baleriny-Lancioni-brazowe_%5B6684%5D_1200.jpg	jesen
379_52_42	Zamszowe baleriny Lancioni — brązowe	Zamszowe baleriny Lancioni w ciemnym brązie, z tłoczeniem krokodyla. Miękki kwadratowy nosek, płaska podeszwa.	https://www.italy-shop.eu/Zamszowe-baleriny-Lancioni-brazowe-p379	https://www.italy-shop.eu/images/ly453/6000-7000/Zamszowe-baleriny-Lancioni-brazowe_%5B6681%5D_1200.jpg	Federica Lancioni	730.00 PLN	in_stock	379	187	Obuwie > Baleriny	Brązowy	Zamsz	38	new	female	adult			https://www.italy-shop.eu/images/ly453/6000-7000/Zamszowe-baleriny-Lancioni-brazowe_%5B6684%5D_1200.jpg	jesen
379_52_43	Zamszowe baleriny Lancioni — brązowe	Zamszowe baleriny Lancioni w ciemnym brązie, z tłoczeniem krokodyla. Miękki kwadratowy nosek, płaska podeszwa.	https://www.italy-shop.eu/Zamszowe-baleriny-Lancioni-brazowe-p379	https://www.italy-shop.eu/images/ly453/6000-7000/Zamszowe-baleriny-Lancioni-brazowe_%5B6681%5D_1200.jpg	Federica Lancioni	730.00 PLN	in_stock	379	187	Obuwie > Baleriny	Brązowy	Zamsz	39	new	female	adult			https://www.italy-shop.eu/images/ly453/6000-7000/Zamszowe-baleriny-Lancioni-brazowe_%5B6684%5D_1200.jpg	jesen
379_52_44	Zamszowe baleriny Lancioni — brązowe	Zamszowe baleriny Lancioni w ciemnym brązie, z tłoczeniem krokodyla. Miękki kwadratowy nosek, płaska podeszwa.	https://www.italy-shop.eu/Zamszowe-baleriny-Lancioni-brazowe-p379	https://www.italy-shop.eu/images/ly453/6000-7000/Zamszowe-baleriny-Lancioni-brazowe_%5B6681%5D_1200.jpg	Federica Lancioni	730.00 PLN	in_stock	379	187	Obuwie > Baleriny	Brązowy	Zamsz	40	new	female	adult			https://www.italy-shop.eu/images/ly453/6000-7000/Zamszowe-baleriny-Lancioni-brazowe_%5B6684%5D_1200.jpg	jesen
379_52_63	Zamszowe baleriny Lancioni — brązowe	Zamszowe baleriny Lancioni w ciemnym brązie, z tłoczeniem krokodyla. Miękki kwadratowy nosek, płaska podeszwa.	https://www.italy-shop.eu/Zamszowe-baleriny-Lancioni-brazowe-p379	https://www.italy-shop.eu/images/ly453/6000-7000/Zamszowe-baleriny-Lancioni-brazowe_%5B6681%5D_1200.jpg	Federica Lancioni	730.00 PLN	in_stock	379	187	Obuwie > Baleriny	Brązowy	Zamsz	41	new	female	adult			https://www.italy-shop.eu/images/ly453/6000-7000/Zamszowe-baleriny-Lancioni-brazowe_%5B6684%5D_1200.jpg	jesen
378_59_40	Zamszowe baleriny Lancioni — karmel	Zamszowe baleriny Lancioni w ciepłym karmelu, z tłoczeniem krokodyla. Lekko kwadratowy nosek, płaska podeszwa.	https://www.italy-shop.eu/Zamszowe-baleriny-Lancioni-karmel-p378	https://www.italy-shop.eu/images/ly453/6000-7000/Zamszowe-baleriny-Lancioni-karmel_%5B6682%5D_1200.jpg	Federica Lancioni	730.00 PLN	in_stock	378	187	Obuwie > Baleriny	Karmel	Zamsz	36	new	female	adult			https://www.italy-shop.eu/images/ly453/6000-7000/Zamszowe-baleriny-Lancioni-karmel_%5B6625%5D_1200.jpg,https://www.italy-shop.eu/images/ly453/6000-7000/Zamszowe-baleriny-Lancioni-karmel_%5B6623%5D_1200.jpg,https://www.italy-shop.eu/images/ly453/6000-7000/Zamszowe-baleriny-Lancioni-karmel_%5B6624%5D_1200.jpg,https://www.italy-shop.eu/images/ly453/6000-7000/Zamszowe-baleriny-Lancioni-karmel_%5B6626%5D_1200.jpg	jesen
378_59_41	Zamszowe baleriny Lancioni — karmel	Zamszowe baleriny Lancioni w ciepłym karmelu, z tłoczeniem krokodyla. Lekko kwadratowy nosek, płaska podeszwa.	https://www.italy-shop.eu/Zamszowe-baleriny-Lancioni-karmel-p378	https://www.italy-shop.eu/images/ly453/6000-7000/Zamszowe-baleriny-Lancioni-karmel_%5B6682%5D_1200.jpg	Federica Lancioni	730.00 PLN	in_stock	378	187	Obuwie > Baleriny	Karmel	Zamsz	37	new	female	adult			https://www.italy-shop.eu/images/ly453/6000-7000/Zamszowe-baleriny-Lancioni-karmel_%5B6625%5D_1200.jpg,https://www.italy-shop.eu/images/ly453/6000-7000/Zamszowe-baleriny-Lancioni-karmel_%5B6623%5D_1200.jpg,https://www.italy-shop.eu/images/ly453/6000-7000/Zamszowe-baleriny-Lancioni-karmel_%5B6624%5D_1200.jpg,https://www.italy-shop.eu/images/ly453/6000-7000/Zamszowe-baleriny-Lancioni-karmel_%5B6626%5D_1200.jpg	jesen
378_59_42	Zamszowe baleriny Lancioni — karmel	Zamszowe baleriny Lancioni w ciepłym karmelu, z tłoczeniem krokodyla. Lekko kwadratowy nosek, płaska podeszwa.	https://www.italy-shop.eu/Zamszowe-baleriny-Lancioni-karmel-p378	https://www.italy-shop.eu/images/ly453/6000-7000/Zamszowe-baleriny-Lancioni-karmel_%5B6682%5D_1200.jpg	Federica Lancioni	730.00 PLN	in_stock	378	187	Obuwie > Baleriny	Karmel	Zamsz	38	new	female	adult			https://www.italy-shop.eu/images/ly453/6000-7000/Zamszowe-baleriny-Lancioni-karmel_%5B6625%5D_1200.jpg,https://www.italy-shop.eu/images/ly453/6000-7000/Zamszowe-baleriny-Lancioni-karmel_%5B6623%5D_1200.jpg,https://www.italy-shop.eu/images/ly453/6000-7000/Zamszowe-baleriny-Lancioni-karmel_%5B6624%5D_1200.jpg,https://www.italy-shop.eu/images/ly453/6000-7000/Zamszowe-baleriny-Lancioni-karmel_%5B6626%5D_1200.jpg	jesen
378_59_43	Zamszowe baleriny Lancioni — karmel	Zamszowe baleriny Lancioni w ciepłym karmelu, z tłoczeniem krokodyla. Lekko kwadratowy nosek, płaska podeszwa.	https://www.italy-shop.eu/Zamszowe-baleriny-Lancioni-karmel-p378	https://www.italy-shop.eu/images/ly453/6000-7000/Zamszowe-baleriny-Lancioni-karmel_%5B6682%5D_1200.jpg	Federica Lancioni	730.00 PLN	in_stock	378	187	Obuwie > Baleriny	Karmel	Zamsz	39	new	female	adult			https://www.italy-shop.eu/images/ly453/6000-7000/Zamszowe-baleriny-Lancioni-karmel_%5B6625%5D_1200.jpg,https://www.italy-shop.eu/images/ly453/6000-7000/Zamszowe-baleriny-Lancioni-karmel_%5B6623%5D_1200.jpg,https://www.italy-shop.eu/images/ly453/6000-7000/Zamszowe-baleriny-Lancioni-karmel_%5B6624%5D_1200.jpg,https://www.italy-shop.eu/images/ly453/6000-7000/Zamszowe-baleriny-Lancioni-karmel_%5B6626%5D_1200.jpg	jesen
378_59_44	Zamszowe baleriny Lancioni — karmel	Zamszowe baleriny Lancioni w ciepłym karmelu, z tłoczeniem krokodyla. Lekko kwadratowy nosek, płaska podeszwa.	https://www.italy-shop.eu/Zamszowe-baleriny-Lancioni-karmel-p378	https://www.italy-shop.eu/images/ly453/6000-7000/Zamszowe-baleriny-Lancioni-karmel_%5B6682%5D_1200.jpg	Federica Lancioni	730.00 PLN	in_stock	378	187	Obuwie > Baleriny	Karmel	Zamsz	40	new	female	adult			https://www.italy-shop.eu/images/ly453/6000-7000/Zamszowe-baleriny-Lancioni-karmel_%5B6625%5D_1200.jpg,https://www.italy-shop.eu/images/ly453/6000-7000/Zamszowe-baleriny-Lancioni-karmel_%5B6623%5D_1200.jpg,https://www.italy-shop.eu/images/ly453/6000-7000/Zamszowe-baleriny-Lancioni-karmel_%5B6624%5D_1200.jpg,https://www.italy-shop.eu/images/ly453/6000-7000/Zamszowe-baleriny-Lancioni-karmel_%5B6626%5D_1200.jpg	jesen
378_59_63	Zamszowe baleriny Lancioni — karmel	Zamszowe baleriny Lancioni w ciepłym karmelu, z tłoczeniem krokodyla. Lekko kwadratowy nosek, płaska podeszwa.	https://www.italy-shop.eu/Zamszowe-baleriny-Lancioni-karmel-p378	https://www.italy-shop.eu/images/ly453/6000-7000/Zamszowe-baleriny-Lancioni-karmel_%5B6682%5D_1200.jpg	Federica Lancioni	730.00 PLN	in_stock	378	187	Obuwie > Baleriny	Karmel	Zamsz	41	new	female	adult			https://www.italy-shop.eu/images/ly453/6000-7000/Zamszowe-baleriny-Lancioni-karmel_%5B6625%5D_1200.jpg,https://www.italy-shop.eu/images/ly453/6000-7000/Zamszowe-baleriny-Lancioni-karmel_%5B6623%5D_1200.jpg,https://www.italy-shop.eu/images/ly453/6000-7000/Zamszowe-baleriny-Lancioni-karmel_%5B6624%5D_1200.jpg,https://www.italy-shop.eu/images/ly453/6000-7000/Zamszowe-baleriny-Lancioni-karmel_%5B6626%5D_1200.jpg	jesen
420_52_40	Zamszowe botki Lancioni — brązowe	Zamszowe botki Lancioni w ciemnym brązie. Marszczona cholewka, ostry szpic, słupek 3 cm.	https://www.italy-shop.eu/Zamszowe-botki-Lancioni-brazowe-p420	https://www.italy-shop.eu/images/ly453/6000-7000/Zamszowe-botki-Lancioni-brazowe_%5B6931%5D_1200.jpg	Lancioni	935.00 PLN	in_stock	420	187	Obuwie > Buty	Brązowy	Zamsz	36	new	female	adult			https://www.italy-shop.eu/images/ly453/6000-7000/Zamszowe-botki-Lancioni-brazowe_%5B6918%5D_1200.jpg,https://www.italy-shop.eu/images/ly453/6000-7000/Zamszowe-botki-Lancioni-brazowe_%5B6917%5D_1200.jpg,https://www.italy-shop.eu/images/ly453/6000-7000/Zamszowe-botki-Lancioni-brazowe_%5B6915%5D_1200.jpg,https://www.italy-shop.eu/images/ly453/6000-7000/Zamszowe-botki-Lancioni-brazowe_%5B6916%5D_1200.jpg	jesen
420_52_41	Zamszowe botki Lancioni — brązowe	Zamszowe botki Lancioni w ciemnym brązie. Marszczona cholewka, ostry szpic, słupek 3 cm.	https://www.italy-shop.eu/Zamszowe-botki-Lancioni-brazowe-p420	https://www.italy-shop.eu/images/ly453/6000-7000/Zamszowe-botki-Lancioni-brazowe_%5B6931%5D_1200.jpg	Lancioni	935.00 PLN	in_stock	420	187	Obuwie > Buty	Brązowy	Zamsz	37	new	female	adult			https://www.italy-shop.eu/images/ly453/6000-7000/Zamszowe-botki-Lancioni-brazowe_%5B6918%5D_1200.jpg,https://www.italy-shop.eu/images/ly453/6000-7000/Zamszowe-botki-Lancioni-brazowe_%5B6917%5D_1200.jpg,https://www.italy-shop.eu/images/ly453/6000-7000/Zamszowe-botki-Lancioni-brazowe_%5B6915%5D_1200.jpg,https://www.italy-shop.eu/images/ly453/6000-7000/Zamszowe-botki-Lancioni-brazowe_%5B6916%5D_1200.jpg	jesen
420_52_42	Zamszowe botki Lancioni — brązowe	Zamszowe botki Lancioni w ciemnym brązie. Marszczona cholewka, ostry szpic, słupek 3 cm.	https://www.italy-shop.eu/Zamszowe-botki-Lancioni-brazowe-p420	https://www.italy-shop.eu/images/ly453/6000-7000/Zamszowe-botki-Lancioni-brazowe_%5B6931%5D_1200.jpg	Lancioni	935.00 PLN	in_stock	420	187	Obuwie > Buty	Brązowy	Zamsz	38	new	female	adult			https://www.italy-shop.eu/images/ly453/6000-7000/Zamszowe-botki-Lancioni-brazowe_%5B6918%5D_1200.jpg,https://www.italy-shop.eu/images/ly453/6000-7000/Zamszowe-botki-Lancioni-brazowe_%5B6917%5D_1200.jpg,https://www.italy-shop.eu/images/ly453/6000-7000/Zamszowe-botki-Lancioni-brazowe_%5B6915%5D_1200.jpg,https://www.italy-shop.eu/images/ly453/6000-7000/Zamszowe-botki-Lancioni-brazowe_%5B6916%5D_1200.jpg	jesen
420_52_43	Zamszowe botki Lancioni — brązowe	Zamszowe botki Lancioni w ciemnym brązie. Marszczona cholewka, ostry szpic, słupek 3 cm.	https://www.italy-shop.eu/Zamszowe-botki-Lancioni-brazowe-p420	https://www.italy-shop.eu/images/ly453/6000-7000/Zamszowe-botki-Lancioni-brazowe_%5B6931%5D_1200.jpg	Lancioni	935.00 PLN	in_stock	420	187	Obuwie > Buty	Brązowy	Zamsz	39	new	female	adult			https://www.italy-shop.eu/images/ly453/6000-7000/Zamszowe-botki-Lancioni-brazowe_%5B6918%5D_1200.jpg,https://www.italy-shop.eu/images/ly453/6000-7000/Zamszowe-botki-Lancioni-brazowe_%5B6917%5D_1200.jpg,https://www.italy-shop.eu/images/ly453/6000-7000/Zamszowe-botki-Lancioni-brazowe_%5B6915%5D_1200.jpg,https://www.italy-shop.eu/images/ly453/6000-7000/Zamszowe-botki-Lancioni-brazowe_%5B6916%5D_1200.jpg	jesen
420_52_44	Zamszowe botki Lancioni — brązowe	Zamszowe botki Lancioni w ciemnym brązie. Marszczona cholewka, ostry szpic, słupek 3 cm.	https://www.italy-shop.eu/Zamszowe-botki-Lancioni-brazowe-p420	https://www.italy-shop.eu/images/ly453/6000-7000/Zamszowe-botki-Lancioni-brazowe_%5B6931%5D_1200.jpg	Lancioni	935.00 PLN	in_stock	420	187	Obuwie > Buty	Brązowy	Zamsz	40	new	female	adult			https://www.italy-shop.eu/images/ly453/6000-7000/Zamszowe-botki-Lancioni-brazowe_%5B6918%5D_1200.jpg,https://www.italy-shop.eu/images/ly453/6000-7000/Zamszowe-botki-Lancioni-brazowe_%5B6917%5D_1200.jpg,https://www.italy-shop.eu/images/ly453/6000-7000/Zamszowe-botki-Lancioni-brazowe_%5B6915%5D_1200.jpg,https://www.italy-shop.eu/images/ly453/6000-7000/Zamszowe-botki-Lancioni-brazowe_%5B6916%5D_1200.jpg	jesen
419_72_40	Zamszowe botki Lancioni — taupe	Zamszowe botki Lancioni w kolorze taupe. Marszczona cholewka, ostry szpic, słupek 3 cm.	https://www.italy-shop.eu/Zamszowe-botki-Lancioni-taupe-p419	https://www.italy-shop.eu/images/ly453/6000-7000/Zamszowe-botki-Lancioni-taupe_%5B6930%5D_1200.jpg	Lancioni	935.00 PLN	in_stock	419	187	Obuwie > Buty	Taupe	Zamsz	36	new	female	adult			https://www.italy-shop.eu/images/ly453/6000-7000/Zamszowe-botki-Lancioni-taupe_%5B6912%5D_1200.jpg,https://www.italy-shop.eu/images/ly453/6000-7000/Zamszowe-botki-Lancioni-taupe_%5B6914%5D_1200.jpg,https://www.italy-shop.eu/images/ly453/6000-7000/Zamszowe-botki-Lancioni-taupe_%5B6911%5D_1200.jpg	jesen
419_72_41	Zamszowe botki Lancioni — taupe	Zamszowe botki Lancioni w kolorze taupe. Marszczona cholewka, ostry szpic, słupek 3 cm.	https://www.italy-shop.eu/Zamszowe-botki-Lancioni-taupe-p419	https://www.italy-shop.eu/images/ly453/6000-7000/Zamszowe-botki-Lancioni-taupe_%5B6930%5D_1200.jpg	Lancioni	935.00 PLN	in_stock	419	187	Obuwie > Buty	Taupe	Zamsz	37	new	female	adult			https://www.italy-shop.eu/images/ly453/6000-7000/Zamszowe-botki-Lancioni-taupe_%5B6912%5D_1200.jpg,https://www.italy-shop.eu/images/ly453/6000-7000/Zamszowe-botki-Lancioni-taupe_%5B6914%5D_1200.jpg,https://www.italy-shop.eu/images/ly453/6000-7000/Zamszowe-botki-Lancioni-taupe_%5B6911%5D_1200.jpg	jesen
419_72_42	Zamszowe botki Lancioni — taupe	Zamszowe botki Lancioni w kolorze taupe. Marszczona cholewka, ostry szpic, słupek 3 cm.	https://www.italy-shop.eu/Zamszowe-botki-Lancioni-taupe-p419	https://www.italy-shop.eu/images/ly453/6000-7000/Zamszowe-botki-Lancioni-taupe_%5B6930%5D_1200.jpg	Lancioni	935.00 PLN	in_stock	419	187	Obuwie > Buty	Taupe	Zamsz	38	new	female	adult			https://www.italy-shop.eu/images/ly453/6000-7000/Zamszowe-botki-Lancioni-taupe_%5B6912%5D_1200.jpg,https://www.italy-shop.eu/images/ly453/6000-7000/Zamszowe-botki-Lancioni-taupe_%5B6914%5D_1200.jpg,https://www.italy-shop.eu/images/ly453/6000-7000/Zamszowe-botki-Lancioni-taupe_%5B6911%5D_1200.jpg	jesen
419_72_43	Zamszowe botki Lancioni — taupe	Zamszowe botki Lancioni w kolorze taupe. Marszczona cholewka, ostry szpic, słupek 3 cm.	https://www.italy-shop.eu/Zamszowe-botki-Lancioni-taupe-p419	https://www.italy-shop.eu/images/ly453/6000-7000/Zamszowe-botki-Lancioni-taupe_%5B6930%5D_1200.jpg	Lancioni	935.00 PLN	in_stock	419	187	Obuwie > Buty	Taupe	Zamsz	39	new	female	adult			https://www.italy-shop.eu/images/ly453/6000-7000/Zamszowe-botki-Lancioni-taupe_%5B6912%5D_1200.jpg,https://www.italy-shop.eu/images/ly453/6000-7000/Zamszowe-botki-Lancioni-taupe_%5B6914%5D_1200.jpg,https://www.italy-shop.eu/images/ly453/6000-7000/Zamszowe-botki-Lancioni-taupe_%5B6911%5D_1200.jpg	jesen
419_72_44	Zamszowe botki Lancioni — taupe	Zamszowe botki Lancioni w kolorze taupe. Marszczona cholewka, ostry szpic, słupek 3 cm.	https://www.italy-shop.eu/Zamszowe-botki-Lancioni-taupe-p419	https://www.italy-shop.eu/images/ly453/6000-7000/Zamszowe-botki-Lancioni-taupe_%5B6930%5D_1200.jpg	Lancioni	935.00 PLN	in_stock	419	187	Obuwie > Buty	Taupe	Zamsz	40	new	female	adult			https://www.italy-shop.eu/images/ly453/6000-7000/Zamszowe-botki-Lancioni-taupe_%5B6912%5D_1200.jpg,https://www.italy-shop.eu/images/ly453/6000-7000/Zamszowe-botki-Lancioni-taupe_%5B6914%5D_1200.jpg,https://www.italy-shop.eu/images/ly453/6000-7000/Zamszowe-botki-Lancioni-taupe_%5B6911%5D_1200.jpg	jesen
398_52_40	Zamszowe botki Lestrosa Ambra — brązowe	Zamszowe botki Lestrosa w brązie, zaokrąglony nosek. Wysoka cholewka, wygięty słupek 7 cm.	https://www.italy-shop.eu/Zamszowe-botki-Lestrosa-brazowe-p398	https://www.italy-shop.eu/images/ly453/6000-7000/Zamszowe-botki-Lestrosa-brazowe_%5B6700%5D_1200.jpg	Lestrosa	1090.00 PLN	in_stock	398	187	Obuwie > Buty	Brązowy	Zamsz	36	new	female	adult			https://www.italy-shop.eu/images/ly453/6000-7000/Zamszowe-botki-Lestrosa-brazowe_%5B6699%5D_1200.jpg,https://www.italy-shop.eu/images/ly453/6000-7000/Zamszowe-botki-Lestrosa-Ambra-brazowe_%5B6732%5D_1200.jpg,https://www.italy-shop.eu/images/ly453/6000-7000/Zamszowe-botki-Lestrosa-brazowe_%5B6701%5D_1200.jpg,https://www.italy-shop.eu/images/ly453/6000-7000/Zamszowe-botki-Lestrosa-Ambra-brazowe_%5B6733%5D_1200.jpg,https://www.italy-shop.eu/images/ly453/6000-7000/Zamszowe-botki-Lestrosa-Ambra-brazowe_%5B6865%5D_1200.jpg	jesen
398_52_41	Zamszowe botki Lestrosa Ambra — brązowe	Zamszowe botki Lestrosa w brązie, zaokrąglony nosek. Wysoka cholewka, wygięty słupek 7 cm.	https://www.italy-shop.eu/Zamszowe-botki-Lestrosa-brazowe-p398	https://www.italy-shop.eu/images/ly453/6000-7000/Zamszowe-botki-Lestrosa-brazowe_%5B6700%5D_1200.jpg	Lestrosa	1090.00 PLN	in_stock	398	187	Obuwie > Buty	Brązowy	Zamsz	37	new	female	adult			https://www.italy-shop.eu/images/ly453/6000-7000/Zamszowe-botki-Lestrosa-brazowe_%5B6699%5D_1200.jpg,https://www.italy-shop.eu/images/ly453/6000-7000/Zamszowe-botki-Lestrosa-Ambra-brazowe_%5B6732%5D_1200.jpg,https://www.italy-shop.eu/images/ly453/6000-7000/Zamszowe-botki-Lestrosa-brazowe_%5B6701%5D_1200.jpg,https://www.italy-shop.eu/images/ly453/6000-7000/Zamszowe-botki-Lestrosa-Ambra-brazowe_%5B6733%5D_1200.jpg,https://www.italy-shop.eu/images/ly453/6000-7000/Zamszowe-botki-Lestrosa-Ambra-brazowe_%5B6865%5D_1200.jpg	jesen
398_52_42	Zamszowe botki Lestrosa Ambra — brązowe	Zamszowe botki Lestrosa w brązie, zaokrąglony nosek. Wysoka cholewka, wygięty słupek 7 cm.	https://www.italy-shop.eu/Zamszowe-botki-Lestrosa-brazowe-p398	https://www.italy-shop.eu/images/ly453/6000-7000/Zamszowe-botki-Lestrosa-brazowe_%5B6700%5D_1200.jpg	Lestrosa	1090.00 PLN	in_stock	398	187	Obuwie > Buty	Brązowy	Zamsz	38	new	female	adult			https://www.italy-shop.eu/images/ly453/6000-7000/Zamszowe-botki-Lestrosa-brazowe_%5B6699%5D_1200.jpg,https://www.italy-shop.eu/images/ly453/6000-7000/Zamszowe-botki-Lestrosa-Ambra-brazowe_%5B6732%5D_1200.jpg,https://www.italy-shop.eu/images/ly453/6000-7000/Zamszowe-botki-Lestrosa-brazowe_%5B6701%5D_1200.jpg,https://www.italy-shop.eu/images/ly453/6000-7000/Zamszowe-botki-Lestrosa-Ambra-brazowe_%5B6733%5D_1200.jpg,https://www.italy-shop.eu/images/ly453/6000-7000/Zamszowe-botki-Lestrosa-Ambra-brazowe_%5B6865%5D_1200.jpg	jesen
398_52_43	Zamszowe botki Lestrosa Ambra — brązowe	Zamszowe botki Lestrosa w brązie, zaokrąglony nosek. Wysoka cholewka, wygięty słupek 7 cm.	https://www.italy-shop.eu/Zamszowe-botki-Lestrosa-brazowe-p398	https://www.italy-shop.eu/images/ly453/6000-7000/Zamszowe-botki-Lestrosa-brazowe_%5B6700%5D_1200.jpg	Lestrosa	1090.00 PLN	in_stock	398	187	Obuwie > Buty	Brązowy	Zamsz	39	new	female	adult			https://www.italy-shop.eu/images/ly453/6000-7000/Zamszowe-botki-Lestrosa-brazowe_%5B6699%5D_1200.jpg,https://www.italy-shop.eu/images/ly453/6000-7000/Zamszowe-botki-Lestrosa-Ambra-brazowe_%5B6732%5D_1200.jpg,https://www.italy-shop.eu/images/ly453/6000-7000/Zamszowe-botki-Lestrosa-brazowe_%5B6701%5D_1200.jpg,https://www.italy-shop.eu/images/ly453/6000-7000/Zamszowe-botki-Lestrosa-Ambra-brazowe_%5B6733%5D_1200.jpg,https://www.italy-shop.eu/images/ly453/6000-7000/Zamszowe-botki-Lestrosa-Ambra-brazowe_%5B6865%5D_1200.jpg	jesen
398_52_44	Zamszowe botki Lestrosa Ambra — brązowe	Zamszowe botki Lestrosa w brązie, zaokrąglony nosek. Wysoka cholewka, wygięty słupek 7 cm.	https://www.italy-shop.eu/Zamszowe-botki-Lestrosa-brazowe-p398	https://www.italy-shop.eu/images/ly453/6000-7000/Zamszowe-botki-Lestrosa-brazowe_%5B6700%5D_1200.jpg	Lestrosa	1090.00 PLN	in_stock	398	187	Obuwie > Buty	Brązowy	Zamsz	40	new	female	adult			https://www.italy-shop.eu/images/ly453/6000-7000/Zamszowe-botki-Lestrosa-brazowe_%5B6699%5D_1200.jpg,https://www.italy-shop.eu/images/ly453/6000-7000/Zamszowe-botki-Lestrosa-Ambra-brazowe_%5B6732%5D_1200.jpg,https://www.italy-shop.eu/images/ly453/6000-7000/Zamszowe-botki-Lestrosa-brazowe_%5B6701%5D_1200.jpg,https://www.italy-shop.eu/images/ly453/6000-7000/Zamszowe-botki-Lestrosa-Ambra-brazowe_%5B6733%5D_1200.jpg,https://www.italy-shop.eu/images/ly453/6000-7000/Zamszowe-botki-Lestrosa-Ambra-brazowe_%5B6865%5D_1200.jpg	jesen
432_59_40	Zamszowe botki Lestrosa Ambra — karmelowe	Zamszowe botki Lestrosa Ambra w karmelu: zaokrąglony nosek, wysoka cholewka, wygięty słupek 7 cm.	https://www.italy-shop.eu/Zamszowe-botki-Lestrosa-Ambra-karmelowe-p432	https://www.italy-shop.eu/images/ly453/7000-8000/Zamszowe-botki-Lestrosa-Ambra-karmelowe_%5B7037%5D_1200.jpg	Lestrosa	1090.00 PLN	in_stock	432	187	Obuwie > Buty	Karmel	Zamsz	36	new	female	adult			https://www.italy-shop.eu/images/ly453/7000-8000/Zamszowe-botki-Lestrosa-Ambra-karmelowe_%5B7038%5D_1200.jpg,https://www.italy-shop.eu/images/ly453/7000-8000/Zamszowe-botki-Lestrosa-Ambra-karmelowe_%5B7031%5D_1200.jpg,https://www.italy-shop.eu/images/ly453/7000-8000/Zamszowe-botki-Lestrosa-Ambra-karmelowe_%5B7032%5D_1200.jpg	jesen
432_59_41	Zamszowe botki Lestrosa Ambra — karmelowe	Zamszowe botki Lestrosa Ambra w karmelu: zaokrąglony nosek, wysoka cholewka, wygięty słupek 7 cm.	https://www.italy-shop.eu/Zamszowe-botki-Lestrosa-Ambra-karmelowe-p432	https://www.italy-shop.eu/images/ly453/7000-8000/Zamszowe-botki-Lestrosa-Ambra-karmelowe_%5B7037%5D_1200.jpg	Lestrosa	1090.00 PLN	in_stock	432	187	Obuwie > Buty	Karmel	Zamsz	37	new	female	adult			https://www.italy-shop.eu/images/ly453/7000-8000/Zamszowe-botki-Lestrosa-Ambra-karmelowe_%5B7038%5D_1200.jpg,https://www.italy-shop.eu/images/ly453/7000-8000/Zamszowe-botki-Lestrosa-Ambra-karmelowe_%5B7031%5D_1200.jpg,https://www.italy-shop.eu/images/ly453/7000-8000/Zamszowe-botki-Lestrosa-Ambra-karmelowe_%5B7032%5D_1200.jpg	jesen
432_59_42	Zamszowe botki Lestrosa Ambra — karmelowe	Zamszowe botki Lestrosa Ambra w karmelu: zaokrąglony nosek, wysoka cholewka, wygięty słupek 7 cm.	https://www.italy-shop.eu/Zamszowe-botki-Lestrosa-Ambra-karmelowe-p432	https://www.italy-shop.eu/images/ly453/7000-8000/Zamszowe-botki-Lestrosa-Ambra-karmelowe_%5B7037%5D_1200.jpg	Lestrosa	1090.00 PLN	in_stock	432	187	Obuwie > Buty	Karmel	Zamsz	38	new	female	adult			https://www.italy-shop.eu/images/ly453/7000-8000/Zamszowe-botki-Lestrosa-Ambra-karmelowe_%5B7038%5D_1200.jpg,https://www.italy-shop.eu/images/ly453/7000-8000/Zamszowe-botki-Lestrosa-Ambra-karmelowe_%5B7031%5D_1200.jpg,https://www.italy-shop.eu/images/ly453/7000-8000/Zamszowe-botki-Lestrosa-Ambra-karmelowe_%5B7032%5D_1200.jpg	jesen
432_59_43	Zamszowe botki Lestrosa Ambra — karmelowe	Zamszowe botki Lestrosa Ambra w karmelu: zaokrąglony nosek, wysoka cholewka, wygięty słupek 7 cm.	https://www.italy-shop.eu/Zamszowe-botki-Lestrosa-Ambra-karmelowe-p432	https://www.italy-shop.eu/images/ly453/7000-8000/Zamszowe-botki-Lestrosa-Ambra-karmelowe_%5B7037%5D_1200.jpg	Lestrosa	1090.00 PLN	in_stock	432	187	Obuwie > Buty	Karmel	Zamsz	39	new	female	adult			https://www.italy-shop.eu/images/ly453/7000-8000/Zamszowe-botki-Lestrosa-Ambra-karmelowe_%5B7038%5D_1200.jpg,https://www.italy-shop.eu/images/ly453/7000-8000/Zamszowe-botki-Lestrosa-Ambra-karmelowe_%5B7031%5D_1200.jpg,https://www.italy-shop.eu/images/ly453/7000-8000/Zamszowe-botki-Lestrosa-Ambra-karmelowe_%5B7032%5D_1200.jpg	jesen
432_59_44	Zamszowe botki Lestrosa Ambra — karmelowe	Zamszowe botki Lestrosa Ambra w karmelu: zaokrąglony nosek, wysoka cholewka, wygięty słupek 7 cm.	https://www.italy-shop.eu/Zamszowe-botki-Lestrosa-Ambra-karmelowe-p432	https://www.italy-shop.eu/images/ly453/7000-8000/Zamszowe-botki-Lestrosa-Ambra-karmelowe_%5B7037%5D_1200.jpg	Lestrosa	1090.00 PLN	in_stock	432	187	Obuwie > Buty	Karmel	Zamsz	40	new	female	adult			https://www.italy-shop.eu/images/ly453/7000-8000/Zamszowe-botki-Lestrosa-Ambra-karmelowe_%5B7038%5D_1200.jpg,https://www.italy-shop.eu/images/ly453/7000-8000/Zamszowe-botki-Lestrosa-Ambra-karmelowe_%5B7031%5D_1200.jpg,https://www.italy-shop.eu/images/ly453/7000-8000/Zamszowe-botki-Lestrosa-Ambra-karmelowe_%5B7032%5D_1200.jpg	jesen
421_68_40	Zamszowe botki Lestrosa Ambra — oliwkowe	Zamszowe botki Lestrosa Ambra w oliwce, zaokrąglony nosek. Wysoka cholewka, wygięty słupek 7 cm.	https://www.italy-shop.eu/Zamszowe-botki-Lestrosa-Ambra-oliwkowe-p421	https://www.italy-shop.eu/images/ly453/6000-7000/Zamszowe-botki-Lestrosa-Ambra-oliwkowe_%5B6936%5D_1200.jpg	Lestrosa	1100.00 PLN	in_stock	421	187	Obuwie > Buty	Oliwkowy	Zamsz	36	new	female	adult			https://www.italy-shop.eu/images/ly453/6000-7000/Zamszowe-botki-Lestrosa-Ambra-oliwkowe_%5B6932%5D_1200.jpg,https://www.italy-shop.eu/images/ly453/6000-7000/Zamszowe-botki-Lestrosa-Ambra-oliwkowe_%5B6933%5D_1200.jpg,https://www.italy-shop.eu/images/ly453/6000-7000/Zamszowe-botki-Lestrosa-Ambra-oliwkowe_%5B6934%5D_1200.jpg,https://www.italy-shop.eu/images/ly453/6000-7000/Zamszowe-botki-Lestrosa-Ambra-oliwkowe_%5B6935%5D_1200.jpg	jesen
421_68_41	Zamszowe botki Lestrosa Ambra — oliwkowe	Zamszowe botki Lestrosa Ambra w oliwce, zaokrąglony nosek. Wysoka cholewka, wygięty słupek 7 cm.	https://www.italy-shop.eu/Zamszowe-botki-Lestrosa-Ambra-oliwkowe-p421	https://www.italy-shop.eu/images/ly453/6000-7000/Zamszowe-botki-Lestrosa-Ambra-oliwkowe_%5B6936%5D_1200.jpg	Lestrosa	1100.00 PLN	in_stock	421	187	Obuwie > Buty	Oliwkowy	Zamsz	37	new	female	adult			https://www.italy-shop.eu/images/ly453/6000-7000/Zamszowe-botki-Lestrosa-Ambra-oliwkowe_%5B6932%5D_1200.jpg,https://www.italy-shop.eu/images/ly453/6000-7000/Zamszowe-botki-Lestrosa-Ambra-oliwkowe_%5B6933%5D_1200.jpg,https://www.italy-shop.eu/images/ly453/6000-7000/Zamszowe-botki-Lestrosa-Ambra-oliwkowe_%5B6934%5D_1200.jpg,https://www.italy-shop.eu/images/ly453/6000-7000/Zamszowe-botki-Lestrosa-Ambra-oliwkowe_%5B6935%5D_1200.jpg	jesen
421_68_42	Zamszowe botki Lestrosa Ambra — oliwkowe	Zamszowe botki Lestrosa Ambra w oliwce, zaokrąglony nosek. Wysoka cholewka, wygięty słupek 7 cm.	https://www.italy-shop.eu/Zamszowe-botki-Lestrosa-Ambra-oliwkowe-p421	https://www.italy-shop.eu/images/ly453/6000-7000/Zamszowe-botki-Lestrosa-Ambra-oliwkowe_%5B6936%5D_1200.jpg	Lestrosa	1100.00 PLN	in_stock	421	187	Obuwie > Buty	Oliwkowy	Zamsz	38	new	female	adult			https://www.italy-shop.eu/images/ly453/6000-7000/Zamszowe-botki-Lestrosa-Ambra-oliwkowe_%5B6932%5D_1200.jpg,https://www.italy-shop.eu/images/ly453/6000-7000/Zamszowe-botki-Lestrosa-Ambra-oliwkowe_%5B6933%5D_1200.jpg,https://www.italy-shop.eu/images/ly453/6000-7000/Zamszowe-botki-Lestrosa-Ambra-oliwkowe_%5B6934%5D_1200.jpg,https://www.italy-shop.eu/images/ly453/6000-7000/Zamszowe-botki-Lestrosa-Ambra-oliwkowe_%5B6935%5D_1200.jpg	jesen
421_68_43	Zamszowe botki Lestrosa Ambra — oliwkowe	Zamszowe botki Lestrosa Ambra w oliwce, zaokrąglony nosek. Wysoka cholewka, wygięty słupek 7 cm.	https://www.italy-shop.eu/Zamszowe-botki-Lestrosa-Ambra-oliwkowe-p421	https://www.italy-shop.eu/images/ly453/6000-7000/Zamszowe-botki-Lestrosa-Ambra-oliwkowe_%5B6936%5D_1200.jpg	Lestrosa	1100.00 PLN	in_stock	421	187	Obuwie > Buty	Oliwkowy	Zamsz	39	new	female	adult			https://www.italy-shop.eu/images/ly453/6000-7000/Zamszowe-botki-Lestrosa-Ambra-oliwkowe_%5B6932%5D_1200.jpg,https://www.italy-shop.eu/images/ly453/6000-7000/Zamszowe-botki-Lestrosa-Ambra-oliwkowe_%5B6933%5D_1200.jpg,https://www.italy-shop.eu/images/ly453/6000-7000/Zamszowe-botki-Lestrosa-Ambra-oliwkowe_%5B6934%5D_1200.jpg,https://www.italy-shop.eu/images/ly453/6000-7000/Zamszowe-botki-Lestrosa-Ambra-oliwkowe_%5B6935%5D_1200.jpg	jesen
421_68_44	Zamszowe botki Lestrosa Ambra — oliwkowe	Zamszowe botki Lestrosa Ambra w oliwce, zaokrąglony nosek. Wysoka cholewka, wygięty słupek 7 cm.	https://www.italy-shop.eu/Zamszowe-botki-Lestrosa-Ambra-oliwkowe-p421	https://www.italy-shop.eu/images/ly453/6000-7000/Zamszowe-botki-Lestrosa-Ambra-oliwkowe_%5B6936%5D_1200.jpg	Lestrosa	1100.00 PLN	in_stock	421	187	Obuwie > Buty	Oliwkowy	Zamsz	40	new	female	adult			https://www.italy-shop.eu/images/ly453/6000-7000/Zamszowe-botki-Lestrosa-Ambra-oliwkowe_%5B6932%5D_1200.jpg,https://www.italy-shop.eu/images/ly453/6000-7000/Zamszowe-botki-Lestrosa-Ambra-oliwkowe_%5B6933%5D_1200.jpg,https://www.italy-shop.eu/images/ly453/6000-7000/Zamszowe-botki-Lestrosa-Ambra-oliwkowe_%5B6934%5D_1200.jpg,https://www.italy-shop.eu/images/ly453/6000-7000/Zamszowe-botki-Lestrosa-Ambra-oliwkowe_%5B6935%5D_1200.jpg	jesen
433_72_40	Zamszowe botki Lestrosa Ambra — taupe	Zamszowe botki Lestrosa Ambra w taupe: zaokrąglony nosek, wysoka cholewka, wygięty słupek 7 cm.	https://www.italy-shop.eu/Zamszowe-botki-Lestrosa-Ambra-taupe-p433	https://www.italy-shop.eu/images/ly453/7000-8000/Zamszowe-botki-Lestrosa-Ambra-taupe_%5B7034%5D_1200.jpg	Lestrosa	1090.00 PLN	in_stock	433	187	Obuwie > Buty	Taupe	Zamsz	36	new	female	adult			https://www.italy-shop.eu/images/ly453/7000-8000/Zamszowe-botki-Lestrosa-Ambra-taupe_%5B7036%5D_1200.jpg,https://www.italy-shop.eu/images/ly453/7000-8000/Zamszowe-botki-Lestrosa-Ambra-taupe_%5B7033%5D_1200.jpg,https://www.italy-shop.eu/images/ly453/7000-8000/Zamszowe-botki-Lestrosa-Ambra-taupe_%5B7035%5D_1200.jpg	jesen
433_72_41	Zamszowe botki Lestrosa Ambra — taupe	Zamszowe botki Lestrosa Ambra w taupe: zaokrąglony nosek, wysoka cholewka, wygięty słupek 7 cm.	https://www.italy-shop.eu/Zamszowe-botki-Lestrosa-Ambra-taupe-p433	https://www.italy-shop.eu/images/ly453/7000-8000/Zamszowe-botki-Lestrosa-Ambra-taupe_%5B7034%5D_1200.jpg	Lestrosa	1090.00 PLN	in_stock	433	187	Obuwie > Buty	Taupe	Zamsz	37	new	female	adult			https://www.italy-shop.eu/images/ly453/7000-8000/Zamszowe-botki-Lestrosa-Ambra-taupe_%5B7036%5D_1200.jpg,https://www.italy-shop.eu/images/ly453/7000-8000/Zamszowe-botki-Lestrosa-Ambra-taupe_%5B7033%5D_1200.jpg,https://www.italy-shop.eu/images/ly453/7000-8000/Zamszowe-botki-Lestrosa-Ambra-taupe_%5B7035%5D_1200.jpg	jesen
433_72_42	Zamszowe botki Lestrosa Ambra — taupe	Zamszowe botki Lestrosa Ambra w taupe: zaokrąglony nosek, wysoka cholewka, wygięty słupek 7 cm.	https://www.italy-shop.eu/Zamszowe-botki-Lestrosa-Ambra-taupe-p433	https://www.italy-shop.eu/images/ly453/7000-8000/Zamszowe-botki-Lestrosa-Ambra-taupe_%5B7034%5D_1200.jpg	Lestrosa	1090.00 PLN	in_stock	433	187	Obuwie > Buty	Taupe	Zamsz	38	new	female	adult			https://www.italy-shop.eu/images/ly453/7000-8000/Zamszowe-botki-Lestrosa-Ambra-taupe_%5B7036%5D_1200.jpg,https://www.italy-shop.eu/images/ly453/7000-8000/Zamszowe-botki-Lestrosa-Ambra-taupe_%5B7033%5D_1200.jpg,https://www.italy-shop.eu/images/ly453/7000-8000/Zamszowe-botki-Lestrosa-Ambra-taupe_%5B7035%5D_1200.jpg	jesen
433_72_43	Zamszowe botki Lestrosa Ambra — taupe	Zamszowe botki Lestrosa Ambra w taupe: zaokrąglony nosek, wysoka cholewka, wygięty słupek 7 cm.	https://www.italy-shop.eu/Zamszowe-botki-Lestrosa-Ambra-taupe-p433	https://www.italy-shop.eu/images/ly453/7000-8000/Zamszowe-botki-Lestrosa-Ambra-taupe_%5B7034%5D_1200.jpg	Lestrosa	1090.00 PLN	in_stock	433	187	Obuwie > Buty	Taupe	Zamsz	39	new	female	adult			https://www.italy-shop.eu/images/ly453/7000-8000/Zamszowe-botki-Lestrosa-Ambra-taupe_%5B7036%5D_1200.jpg,https://www.italy-shop.eu/images/ly453/7000-8000/Zamszowe-botki-Lestrosa-Ambra-taupe_%5B7033%5D_1200.jpg,https://www.italy-shop.eu/images/ly453/7000-8000/Zamszowe-botki-Lestrosa-Ambra-taupe_%5B7035%5D_1200.jpg	jesen
433_72_44	Zamszowe botki Lestrosa Ambra — taupe	Zamszowe botki Lestrosa Ambra w taupe: zaokrąglony nosek, wysoka cholewka, wygięty słupek 7 cm.	https://www.italy-shop.eu/Zamszowe-botki-Lestrosa-Ambra-taupe-p433	https://www.italy-shop.eu/images/ly453/7000-8000/Zamszowe-botki-Lestrosa-Ambra-taupe_%5B7034%5D_1200.jpg	Lestrosa	1090.00 PLN	in_stock	433	187	Obuwie > Buty	Taupe	Zamsz	40	new	female	adult			https://www.italy-shop.eu/images/ly453/7000-8000/Zamszowe-botki-Lestrosa-Ambra-taupe_%5B7036%5D_1200.jpg,https://www.italy-shop.eu/images/ly453/7000-8000/Zamszowe-botki-Lestrosa-Ambra-taupe_%5B7033%5D_1200.jpg,https://www.italy-shop.eu/images/ly453/7000-8000/Zamszowe-botki-Lestrosa-Ambra-taupe_%5B7035%5D_1200.jpg	jesen
435_52_40	Zamszowe botki Lestrosa Wiola — brązowe	Zamszowe botki Lestrosa Wiola w brązie: ostry szpic, wysoka cholewka, wygięty słupek 7 cm.	https://www.italy-shop.eu/Zamszowe-botki-Lestrosa-Wiola-brazowe-p435	https://www.italy-shop.eu/images/ly453/7000-8000/Zamszowe-botki-Lestrosa-Wiola-brazowe_%5B7045%5D_1200.jpg	Lestrosa	1090.00 PLN	in_stock	435	187	Obuwie > Buty	Brązowy	Zamsz	36	new	female	adult			https://www.italy-shop.eu/images/ly453/7000-8000/Zamszowe-botki-Lestrosa-Wiola-brazowe_%5B7047%5D_1200.jpg,https://www.italy-shop.eu/images/ly453/7000-8000/Zamszowe-botki-Lestrosa-Wiola-brazowe_%5B7044%5D_1200.jpg,https://www.italy-shop.eu/images/ly453/7000-8000/Zamszowe-botki-Lestrosa-Wiola-brazowe_%5B7046%5D_1200.jpg	jesen
435_52_41	Zamszowe botki Lestrosa Wiola — brązowe	Zamszowe botki Lestrosa Wiola w brązie: ostry szpic, wysoka cholewka, wygięty słupek 7 cm.	https://www.italy-shop.eu/Zamszowe-botki-Lestrosa-Wiola-brazowe-p435	https://www.italy-shop.eu/images/ly453/7000-8000/Zamszowe-botki-Lestrosa-Wiola-brazowe_%5B7045%5D_1200.jpg	Lestrosa	1090.00 PLN	in_stock	435	187	Obuwie > Buty	Brązowy	Zamsz	37	new	female	adult			https://www.italy-shop.eu/images/ly453/7000-8000/Zamszowe-botki-Lestrosa-Wiola-brazowe_%5B7047%5D_1200.jpg,https://www.italy-shop.eu/images/ly453/7000-8000/Zamszowe-botki-Lestrosa-Wiola-brazowe_%5B7044%5D_1200.jpg,https://www.italy-shop.eu/images/ly453/7000-8000/Zamszowe-botki-Lestrosa-Wiola-brazowe_%5B7046%5D_1200.jpg	jesen
435_52_42	Zamszowe botki Lestrosa Wiola — brązowe	Zamszowe botki Lestrosa Wiola w brązie: ostry szpic, wysoka cholewka, wygięty słupek 7 cm.	https://www.italy-shop.eu/Zamszowe-botki-Lestrosa-Wiola-brazowe-p435	https://www.italy-shop.eu/images/ly453/7000-8000/Zamszowe-botki-Lestrosa-Wiola-brazowe_%5B7045%5D_1200.jpg	Lestrosa	1090.00 PLN	in_stock	435	187	Obuwie > Buty	Brązowy	Zamsz	38	new	female	adult			https://www.italy-shop.eu/images/ly453/7000-8000/Zamszowe-botki-Lestrosa-Wiola-brazowe_%5B7047%5D_1200.jpg,https://www.italy-shop.eu/images/ly453/7000-8000/Zamszowe-botki-Lestrosa-Wiola-brazowe_%5B7044%5D_1200.jpg,https://www.italy-shop.eu/images/ly453/7000-8000/Zamszowe-botki-Lestrosa-Wiola-brazowe_%5B7046%5D_1200.jpg	jesen
435_52_43	Zamszowe botki Lestrosa Wiola — brązowe	Zamszowe botki Lestrosa Wiola w brązie: ostry szpic, wysoka cholewka, wygięty słupek 7 cm.	https://www.italy-shop.eu/Zamszowe-botki-Lestrosa-Wiola-brazowe-p435	https://www.italy-shop.eu/images/ly453/7000-8000/Zamszowe-botki-Lestrosa-Wiola-brazowe_%5B7045%5D_1200.jpg	Lestrosa	1090.00 PLN	in_stock	435	187	Obuwie > Buty	Brązowy	Zamsz	39	new	female	adult			https://www.italy-shop.eu/images/ly453/7000-8000/Zamszowe-botki-Lestrosa-Wiola-brazowe_%5B7047%5D_1200.jpg,https://www.italy-shop.eu/images/ly453/7000-8000/Zamszowe-botki-Lestrosa-Wiola-brazowe_%5B7044%5D_1200.jpg,https://www.italy-shop.eu/images/ly453/7000-8000/Zamszowe-botki-Lestrosa-Wiola-brazowe_%5B7046%5D_1200.jpg	jesen
435_52_44	Zamszowe botki Lestrosa Wiola — brązowe	Zamszowe botki Lestrosa Wiola w brązie: ostry szpic, wysoka cholewka, wygięty słupek 7 cm.	https://www.italy-shop.eu/Zamszowe-botki-Lestrosa-Wiola-brazowe-p435	https://www.italy-shop.eu/images/ly453/7000-8000/Zamszowe-botki-Lestrosa-Wiola-brazowe_%5B7045%5D_1200.jpg	Lestrosa	1090.00 PLN	in_stock	435	187	Obuwie > Buty	Brązowy	Zamsz	40	new	female	adult			https://www.italy-shop.eu/images/ly453/7000-8000/Zamszowe-botki-Lestrosa-Wiola-brazowe_%5B7047%5D_1200.jpg,https://www.italy-shop.eu/images/ly453/7000-8000/Zamszowe-botki-Lestrosa-Wiola-brazowe_%5B7044%5D_1200.jpg,https://www.italy-shop.eu/images/ly453/7000-8000/Zamszowe-botki-Lestrosa-Wiola-brazowe_%5B7046%5D_1200.jpg	jesen
394_59_40	Zamszowe botki Lestrosa Wiola — karmel	Zamszowe botki Lestrosa Wiola w karmelu. Wysoka cholewka, ostry szpic, wygięty słupek 7 cm.	https://www.italy-shop.eu/Zamszowe-botki-Lestrosa-Wiola-karmel-p394	https://www.italy-shop.eu/images/ly453/6000-7000/Zamszowe-botki-Lestrosa-Wiola-karmel_%5B6685%5D_1200.jpg	Lestrosa	1090.00 PLN	in_stock	394	187	Obuwie > Buty	Karmel	Zamsz	36	new	female	adult			https://www.italy-shop.eu/images/ly453/6000-7000/Zamszowe-botki-Lestrosa-Wiola-karmel_%5B6686%5D_1200.jpg,https://www.italy-shop.eu/images/ly453/6000-7000/Zamszowe-botki-Lestrosa-Wiola-karmel_%5B6687%5D_1200.jpg	jesen
394_59_41	Zamszowe botki Lestrosa Wiola — karmel	Zamszowe botki Lestrosa Wiola w karmelu. Wysoka cholewka, ostry szpic, wygięty słupek 7 cm.	https://www.italy-shop.eu/Zamszowe-botki-Lestrosa-Wiola-karmel-p394	https://www.italy-shop.eu/images/ly453/6000-7000/Zamszowe-botki-Lestrosa-Wiola-karmel_%5B6685%5D_1200.jpg	Lestrosa	1090.00 PLN	in_stock	394	187	Obuwie > Buty	Karmel	Zamsz	37	new	female	adult			https://www.italy-shop.eu/images/ly453/6000-7000/Zamszowe-botki-Lestrosa-Wiola-karmel_%5B6686%5D_1200.jpg,https://www.italy-shop.eu/images/ly453/6000-7000/Zamszowe-botki-Lestrosa-Wiola-karmel_%5B6687%5D_1200.jpg	jesen
394_59_42	Zamszowe botki Lestrosa Wiola — karmel	Zamszowe botki Lestrosa Wiola w karmelu. Wysoka cholewka, ostry szpic, wygięty słupek 7 cm.	https://www.italy-shop.eu/Zamszowe-botki-Lestrosa-Wiola-karmel-p394	https://www.italy-shop.eu/images/ly453/6000-7000/Zamszowe-botki-Lestrosa-Wiola-karmel_%5B6685%5D_1200.jpg	Lestrosa	1090.00 PLN	in_stock	394	187	Obuwie > Buty	Karmel	Zamsz	38	new	female	adult			https://www.italy-shop.eu/images/ly453/6000-7000/Zamszowe-botki-Lestrosa-Wiola-karmel_%5B6686%5D_1200.jpg,https://www.italy-shop.eu/images/ly453/6000-7000/Zamszowe-botki-Lestrosa-Wiola-karmel_%5B6687%5D_1200.jpg	jesen
394_59_43	Zamszowe botki Lestrosa Wiola — karmel	Zamszowe botki Lestrosa Wiola w karmelu. Wysoka cholewka, ostry szpic, wygięty słupek 7 cm.	https://www.italy-shop.eu/Zamszowe-botki-Lestrosa-Wiola-karmel-p394	https://www.italy-shop.eu/images/ly453/6000-7000/Zamszowe-botki-Lestrosa-Wiola-karmel_%5B6685%5D_1200.jpg	Lestrosa	1090.00 PLN	in_stock	394	187	Obuwie > Buty	Karmel	Zamsz	39	new	female	adult			https://www.italy-shop.eu/images/ly453/6000-7000/Zamszowe-botki-Lestrosa-Wiola-karmel_%5B6686%5D_1200.jpg,https://www.italy-shop.eu/images/ly453/6000-7000/Zamszowe-botki-Lestrosa-Wiola-karmel_%5B6687%5D_1200.jpg	jesen
394_59_44	Zamszowe botki Lestrosa Wiola — karmel	Zamszowe botki Lestrosa Wiola w karmelu. Wysoka cholewka, ostry szpic, wygięty słupek 7 cm.	https://www.italy-shop.eu/Zamszowe-botki-Lestrosa-Wiola-karmel-p394	https://www.italy-shop.eu/images/ly453/6000-7000/Zamszowe-botki-Lestrosa-Wiola-karmel_%5B6685%5D_1200.jpg	Lestrosa	1090.00 PLN	in_stock	394	187	Obuwie > Buty	Karmel	Zamsz	40	new	female	adult			https://www.italy-shop.eu/images/ly453/6000-7000/Zamszowe-botki-Lestrosa-Wiola-karmel_%5B6686%5D_1200.jpg,https://www.italy-shop.eu/images/ly453/6000-7000/Zamszowe-botki-Lestrosa-Wiola-karmel_%5B6687%5D_1200.jpg	jesen
395_72_40	Zamszowe botki Lestrosa Wiola — taupe	Zamszowe botki Lestrosa Wiola w kolorze taupe. Wysoka cholewka, ostry szpic, wygięty słupek 7 cm.	https://www.italy-shop.eu/Zamszowe-botki-Lestrosa-Wiola-taupe-p395	https://www.italy-shop.eu/images/ly453/6000-7000/Zamszowe-botki-Lestrosa-Wiola-taupe_%5B6688%5D_1200.jpg	Lestrosa	1090.00 PLN	in_stock	395	187	Obuwie > Buty	Taupe	Zamsz	36	new	female	adult			https://www.italy-shop.eu/images/ly453/6000-7000/Zamszowe-botki-Lestrosa-Wiola-taupe_%5B6712%5D_1200.jpg	jesen
395_72_41	Zamszowe botki Lestrosa Wiola — taupe	Zamszowe botki Lestrosa Wiola w kolorze taupe. Wysoka cholewka, ostry szpic, wygięty słupek 7 cm.	https://www.italy-shop.eu/Zamszowe-botki-Lestrosa-Wiola-taupe-p395	https://www.italy-shop.eu/images/ly453/6000-7000/Zamszowe-botki-Lestrosa-Wiola-taupe_%5B6688%5D_1200.jpg	Lestrosa	1090.00 PLN	in_stock	395	187	Obuwie > Buty	Taupe	Zamsz	37	new	female	adult			https://www.italy-shop.eu/images/ly453/6000-7000/Zamszowe-botki-Lestrosa-Wiola-taupe_%5B6712%5D_1200.jpg	jesen
395_72_42	Zamszowe botki Lestrosa Wiola — taupe	Zamszowe botki Lestrosa Wiola w kolorze taupe. Wysoka cholewka, ostry szpic, wygięty słupek 7 cm.	https://www.italy-shop.eu/Zamszowe-botki-Lestrosa-Wiola-taupe-p395	https://www.italy-shop.eu/images/ly453/6000-7000/Zamszowe-botki-Lestrosa-Wiola-taupe_%5B6688%5D_1200.jpg	Lestrosa	1090.00 PLN	in_stock	395	187	Obuwie > Buty	Taupe	Zamsz	38	new	female	adult			https://www.italy-shop.eu/images/ly453/6000-7000/Zamszowe-botki-Lestrosa-Wiola-taupe_%5B6712%5D_1200.jpg	jesen
395_72_43	Zamszowe botki Lestrosa Wiola — taupe	Zamszowe botki Lestrosa Wiola w kolorze taupe. Wysoka cholewka, ostry szpic, wygięty słupek 7 cm.	https://www.italy-shop.eu/Zamszowe-botki-Lestrosa-Wiola-taupe-p395	https://www.italy-shop.eu/images/ly453/6000-7000/Zamszowe-botki-Lestrosa-Wiola-taupe_%5B6688%5D_1200.jpg	Lestrosa	1090.00 PLN	in_stock	395	187	Obuwie > Buty	Taupe	Zamsz	39	new	female	adult			https://www.italy-shop.eu/images/ly453/6000-7000/Zamszowe-botki-Lestrosa-Wiola-taupe_%5B6712%5D_1200.jpg	jesen
395_72_44	Zamszowe botki Lestrosa Wiola — taupe	Zamszowe botki Lestrosa Wiola w kolorze taupe. Wysoka cholewka, ostry szpic, wygięty słupek 7 cm.	https://www.italy-shop.eu/Zamszowe-botki-Lestrosa-Wiola-taupe-p395	https://www.italy-shop.eu/images/ly453/6000-7000/Zamszowe-botki-Lestrosa-Wiola-taupe_%5B6688%5D_1200.jpg	Lestrosa	1090.00 PLN	in_stock	395	187	Obuwie > Buty	Taupe	Zamsz	40	new	female	adult			https://www.italy-shop.eu/images/ly453/6000-7000/Zamszowe-botki-Lestrosa-Wiola-taupe_%5B6712%5D_1200.jpg	jesen
377_65_40	Zamszowe botki Spaziomoda — cappuccino	Zamszowe botki Spaziomoda w kolorze cappuccino. Głęboki wykrój, ostry szpic, szpilka 10 cm, suwak z tyłu.	https://www.italy-shop.eu/Zamszowe-botki-Spaziomoda-cappuccino-p377	https://www.italy-shop.eu/images/ly453/6000-7000/Zamszowe-botki-Spaziomoda-cappuccino_%5B6620%5D_1200.jpg	Spaziomoda	990.00 PLN	in_stock	377	187	Obuwie > Buty	Cappuccino	Zamsz	36	new	female	adult			https://www.italy-shop.eu/images/ly453/6000-7000/Zamszowe-botki-Spaziomoda-cappuccino_%5B6619%5D_1200.jpg,https://www.italy-shop.eu/images/ly453/6000-7000/Zamszowe-botki-Spaziomoda-cappuccino_%5B6621%5D_1200.jpg,https://www.italy-shop.eu/images/ly453/6000-7000/Zamszowe-botki-Spaziomoda-cappuccino_%5B6622%5D_1200.jpg	jesen
377_65_41	Zamszowe botki Spaziomoda — cappuccino	Zamszowe botki Spaziomoda w kolorze cappuccino. Głęboki wykrój, ostry szpic, szpilka 10 cm, suwak z tyłu.	https://www.italy-shop.eu/Zamszowe-botki-Spaziomoda-cappuccino-p377	https://www.italy-shop.eu/images/ly453/6000-7000/Zamszowe-botki-Spaziomoda-cappuccino_%5B6620%5D_1200.jpg	Spaziomoda	990.00 PLN	in_stock	377	187	Obuwie > Buty	Cappuccino	Zamsz	37	new	female	adult			https://www.italy-shop.eu/images/ly453/6000-7000/Zamszowe-botki-Spaziomoda-cappuccino_%5B6619%5D_1200.jpg,https://www.italy-shop.eu/images/ly453/6000-7000/Zamszowe-botki-Spaziomoda-cappuccino_%5B6621%5D_1200.jpg,https://www.italy-shop.eu/images/ly453/6000-7000/Zamszowe-botki-Spaziomoda-cappuccino_%5B6622%5D_1200.jpg	jesen
377_65_42	Zamszowe botki Spaziomoda — cappuccino	Zamszowe botki Spaziomoda w kolorze cappuccino. Głęboki wykrój, ostry szpic, szpilka 10 cm, suwak z tyłu.	https://www.italy-shop.eu/Zamszowe-botki-Spaziomoda-cappuccino-p377	https://www.italy-shop.eu/images/ly453/6000-7000/Zamszowe-botki-Spaziomoda-cappuccino_%5B6620%5D_1200.jpg	Spaziomoda	990.00 PLN	in_stock	377	187	Obuwie > Buty	Cappuccino	Zamsz	38	new	female	adult			https://www.italy-shop.eu/images/ly453/6000-7000/Zamszowe-botki-Spaziomoda-cappuccino_%5B6619%5D_1200.jpg,https://www.italy-shop.eu/images/ly453/6000-7000/Zamszowe-botki-Spaziomoda-cappuccino_%5B6621%5D_1200.jpg,https://www.italy-shop.eu/images/ly453/6000-7000/Zamszowe-botki-Spaziomoda-cappuccino_%5B6622%5D_1200.jpg	jesen
377_65_43	Zamszowe botki Spaziomoda — cappuccino	Zamszowe botki Spaziomoda w kolorze cappuccino. Głęboki wykrój, ostry szpic, szpilka 10 cm, suwak z tyłu.	https://www.italy-shop.eu/Zamszowe-botki-Spaziomoda-cappuccino-p377	https://www.italy-shop.eu/images/ly453/6000-7000/Zamszowe-botki-Spaziomoda-cappuccino_%5B6620%5D_1200.jpg	Spaziomoda	990.00 PLN	in_stock	377	187	Obuwie > Buty	Cappuccino	Zamsz	39	new	female	adult			https://www.italy-shop.eu/images/ly453/6000-7000/Zamszowe-botki-Spaziomoda-cappuccino_%5B6619%5D_1200.jpg,https://www.italy-shop.eu/images/ly453/6000-7000/Zamszowe-botki-Spaziomoda-cappuccino_%5B6621%5D_1200.jpg,https://www.italy-shop.eu/images/ly453/6000-7000/Zamszowe-botki-Spaziomoda-cappuccino_%5B6622%5D_1200.jpg	jesen
377_65_44	Zamszowe botki Spaziomoda — cappuccino	Zamszowe botki Spaziomoda w kolorze cappuccino. Głęboki wykrój, ostry szpic, szpilka 10 cm, suwak z tyłu.	https://www.italy-shop.eu/Zamszowe-botki-Spaziomoda-cappuccino-p377	https://www.italy-shop.eu/images/ly453/6000-7000/Zamszowe-botki-Spaziomoda-cappuccino_%5B6620%5D_1200.jpg	Spaziomoda	990.00 PLN	in_stock	377	187	Obuwie > Buty	Cappuccino	Zamsz	40	new	female	adult			https://www.italy-shop.eu/images/ly453/6000-7000/Zamszowe-botki-Spaziomoda-cappuccino_%5B6619%5D_1200.jpg,https://www.italy-shop.eu/images/ly453/6000-7000/Zamszowe-botki-Spaziomoda-cappuccino_%5B6621%5D_1200.jpg,https://www.italy-shop.eu/images/ly453/6000-7000/Zamszowe-botki-Spaziomoda-cappuccino_%5B6622%5D_1200.jpg	jesen
375_52_40	Zamszowe czółenka Spaziomoda — brązowe	Zamszowe czółenka Spaziomoda w czekoladowym brązie. Ostry szpic, szpilka 10 cm, wnętrze skórzane.	https://www.italy-shop.eu/Zamszowe-czolenka-Spaziomoda-brazowe-p375	https://www.italy-shop.eu/images/ly453/6000-7000/Zamszowe-czolenka-Spaziomoda-brazowe_%5B6874%5D_1200.jpg	Spaziomoda	980.00 PLN	in_stock	375	187	Obuwie > Czółenka	Brązowy	Zamsz	36	new	female	adult			https://www.italy-shop.eu/images/ly453/6000-7000/Zamszowe-czolenka-Spaziomoda-brazowe_%5B6683%5D_1200.jpg,https://www.italy-shop.eu/images/ly453/6000-7000/Zamszowe-czolenka-Spaziomoda-brazowe_%5B6611%5D_1200.jpg,https://www.italy-shop.eu/images/ly453/6000-7000/Zamszowe-czolenka-Spaziomoda-brazowe_%5B6612%5D_1200.jpg,https://www.italy-shop.eu/images/ly453/6000-7000/Zamszowe-czolenka-Spaziomoda-brazowe_%5B6613%5D_1200.jpg,https://www.italy-shop.eu/images/ly453/6000-7000/Zamszowe-czolenka-Spaziomoda-brazowe_%5B6614%5D_1200.jpg,https://www.italy-shop.eu/images/ly453/6000-7000/Zamszowe-czolenka-Spaziomoda-brazowe_%5B6873%5D_1200.jpg,https://www.italy-shop.eu/images/ly453/6000-7000/Zamszowe-czolenka-Spaziomoda-brazowe_%5B6875%5D_1200.jpg	jesen
375_52_41	Zamszowe czółenka Spaziomoda — brązowe	Zamszowe czółenka Spaziomoda w czekoladowym brązie. Ostry szpic, szpilka 10 cm, wnętrze skórzane.	https://www.italy-shop.eu/Zamszowe-czolenka-Spaziomoda-brazowe-p375	https://www.italy-shop.eu/images/ly453/6000-7000/Zamszowe-czolenka-Spaziomoda-brazowe_%5B6874%5D_1200.jpg	Spaziomoda	980.00 PLN	in_stock	375	187	Obuwie > Czółenka	Brązowy	Zamsz	37	new	female	adult			https://www.italy-shop.eu/images/ly453/6000-7000/Zamszowe-czolenka-Spaziomoda-brazowe_%5B6683%5D_1200.jpg,https://www.italy-shop.eu/images/ly453/6000-7000/Zamszowe-czolenka-Spaziomoda-brazowe_%5B6611%5D_1200.jpg,https://www.italy-shop.eu/images/ly453/6000-7000/Zamszowe-czolenka-Spaziomoda-brazowe_%5B6612%5D_1200.jpg,https://www.italy-shop.eu/images/ly453/6000-7000/Zamszowe-czolenka-Spaziomoda-brazowe_%5B6613%5D_1200.jpg,https://www.italy-shop.eu/images/ly453/6000-7000/Zamszowe-czolenka-Spaziomoda-brazowe_%5B6614%5D_1200.jpg,https://www.italy-shop.eu/images/ly453/6000-7000/Zamszowe-czolenka-Spaziomoda-brazowe_%5B6873%5D_1200.jpg,https://www.italy-shop.eu/images/ly453/6000-7000/Zamszowe-czolenka-Spaziomoda-brazowe_%5B6875%5D_1200.jpg	jesen
375_52_42	Zamszowe czółenka Spaziomoda — brązowe	Zamszowe czółenka Spaziomoda w czekoladowym brązie. Ostry szpic, szpilka 10 cm, wnętrze skórzane.	https://www.italy-shop.eu/Zamszowe-czolenka-Spaziomoda-brazowe-p375	https://www.italy-shop.eu/images/ly453/6000-7000/Zamszowe-czolenka-Spaziomoda-brazowe_%5B6874%5D_1200.jpg	Spaziomoda	980.00 PLN	in_stock	375	187	Obuwie > Czółenka	Brązowy	Zamsz	38	new	female	adult			https://www.italy-shop.eu/images/ly453/6000-7000/Zamszowe-czolenka-Spaziomoda-brazowe_%5B6683%5D_1200.jpg,https://www.italy-shop.eu/images/ly453/6000-7000/Zamszowe-czolenka-Spaziomoda-brazowe_%5B6611%5D_1200.jpg,https://www.italy-shop.eu/images/ly453/6000-7000/Zamszowe-czolenka-Spaziomoda-brazowe_%5B6612%5D_1200.jpg,https://www.italy-shop.eu/images/ly453/6000-7000/Zamszowe-czolenka-Spaziomoda-brazowe_%5B6613%5D_1200.jpg,https://www.italy-shop.eu/images/ly453/6000-7000/Zamszowe-czolenka-Spaziomoda-brazowe_%5B6614%5D_1200.jpg,https://www.italy-shop.eu/images/ly453/6000-7000/Zamszowe-czolenka-Spaziomoda-brazowe_%5B6873%5D_1200.jpg,https://www.italy-shop.eu/images/ly453/6000-7000/Zamszowe-czolenka-Spaziomoda-brazowe_%5B6875%5D_1200.jpg	jesen
375_52_43	Zamszowe czółenka Spaziomoda — brązowe	Zamszowe czółenka Spaziomoda w czekoladowym brązie. Ostry szpic, szpilka 10 cm, wnętrze skórzane.	https://www.italy-shop.eu/Zamszowe-czolenka-Spaziomoda-brazowe-p375	https://www.italy-shop.eu/images/ly453/6000-7000/Zamszowe-czolenka-Spaziomoda-brazowe_%5B6874%5D_1200.jpg	Spaziomoda	980.00 PLN	in_stock	375	187	Obuwie > Czółenka	Brązowy	Zamsz	39	new	female	adult			https://www.italy-shop.eu/images/ly453/6000-7000/Zamszowe-czolenka-Spaziomoda-brazowe_%5B6683%5D_1200.jpg,https://www.italy-shop.eu/images/ly453/6000-7000/Zamszowe-czolenka-Spaziomoda-brazowe_%5B6611%5D_1200.jpg,https://www.italy-shop.eu/images/ly453/6000-7000/Zamszowe-czolenka-Spaziomoda-brazowe_%5B6612%5D_1200.jpg,https://www.italy-shop.eu/images/ly453/6000-7000/Zamszowe-czolenka-Spaziomoda-brazowe_%5B6613%5D_1200.jpg,https://www.italy-shop.eu/images/ly453/6000-7000/Zamszowe-czolenka-Spaziomoda-brazowe_%5B6614%5D_1200.jpg,https://www.italy-shop.eu/images/ly453/6000-7000/Zamszowe-czolenka-Spaziomoda-brazowe_%5B6873%5D_1200.jpg,https://www.italy-shop.eu/images/ly453/6000-7000/Zamszowe-czolenka-Spaziomoda-brazowe_%5B6875%5D_1200.jpg	jesen
375_52_44	Zamszowe czółenka Spaziomoda — brązowe	Zamszowe czółenka Spaziomoda w czekoladowym brązie. Ostry szpic, szpilka 10 cm, wnętrze skórzane.	https://www.italy-shop.eu/Zamszowe-czolenka-Spaziomoda-brazowe-p375	https://www.italy-shop.eu/images/ly453/6000-7000/Zamszowe-czolenka-Spaziomoda-brazowe_%5B6874%5D_1200.jpg	Spaziomoda	980.00 PLN	in_stock	375	187	Obuwie > Czółenka	Brązowy	Zamsz	40	new	female	adult			https://www.italy-shop.eu/images/ly453/6000-7000/Zamszowe-czolenka-Spaziomoda-brazowe_%5B6683%5D_1200.jpg,https://www.italy-shop.eu/images/ly453/6000-7000/Zamszowe-czolenka-Spaziomoda-brazowe_%5B6611%5D_1200.jpg,https://www.italy-shop.eu/images/ly453/6000-7000/Zamszowe-czolenka-Spaziomoda-brazowe_%5B6612%5D_1200.jpg,https://www.italy-shop.eu/images/ly453/6000-7000/Zamszowe-czolenka-Spaziomoda-brazowe_%5B6613%5D_1200.jpg,https://www.italy-shop.eu/images/ly453/6000-7000/Zamszowe-czolenka-Spaziomoda-brazowe_%5B6614%5D_1200.jpg,https://www.italy-shop.eu/images/ly453/6000-7000/Zamszowe-czolenka-Spaziomoda-brazowe_%5B6873%5D_1200.jpg,https://www.italy-shop.eu/images/ly453/6000-7000/Zamszowe-czolenka-Spaziomoda-brazowe_%5B6875%5D_1200.jpg	jesen
376_59_40	Zamszowe czółenka Spaziomoda — karmel	Zamszowe czółenka Spaziomoda w ciepłym karmelu. Szpilka 10 cm, ostry szpic, skórzane wnętrze.	https://www.italy-shop.eu/Zamszowe-czolenka-Spaziomoda-karmel-p376	https://www.italy-shop.eu/images/ly453/6000-7000/Zamszowe-czolenka-Spaziomoda-karmel_%5B6673%5D_1200.jpg	Spaziomoda	980.00 PLN	in_stock	376	187	Obuwie > Czółenka	Karmel	Zamsz	36	new	female	adult			https://www.italy-shop.eu/images/ly453/6000-7000/Zamszowe-czolenka-Spaziomoda-karmel_%5B6616%5D_1200.jpg,https://www.italy-shop.eu/images/ly453/6000-7000/Zamszowe-czolenka-Spaziomoda-karmel_%5B6617%5D_1200.jpg,https://www.italy-shop.eu/images/ly453/6000-7000/Zamszowe-czolenka-Spaziomoda-karmel_%5B6618%5D_1200.jpg,https://www.italy-shop.eu/images/ly453/6000-7000/Zamszowe-czolenka-Spaziomoda-karmel_%5B6869%5D_1200.jpg,https://www.italy-shop.eu/images/ly453/6000-7000/Zamszowe-czolenka-Spaziomoda-karmel_%5B6870%5D_1200.jpg,https://www.italy-shop.eu/images/ly453/6000-7000/Zamszowe-czolenka-Spaziomoda-karmel_%5B6871%5D_1200.jpg,https://www.italy-shop.eu/images/ly453/6000-7000/Zamszowe-czolenka-Spaziomoda-karmel_%5B6872%5D_1200.jpg,https://www.italy-shop.eu/images/ly453/6000-7000/Zamszowe-czolenka-Spaziomoda-karmel_%5B6615%5D_1200.jpg	jesen
376_59_41	Zamszowe czółenka Spaziomoda — karmel	Zamszowe czółenka Spaziomoda w ciepłym karmelu. Szpilka 10 cm, ostry szpic, skórzane wnętrze.	https://www.italy-shop.eu/Zamszowe-czolenka-Spaziomoda-karmel-p376	https://www.italy-shop.eu/images/ly453/6000-7000/Zamszowe-czolenka-Spaziomoda-karmel_%5B6673%5D_1200.jpg	Spaziomoda	980.00 PLN	in_stock	376	187	Obuwie > Czółenka	Karmel	Zamsz	37	new	female	adult			https://www.italy-shop.eu/images/ly453/6000-7000/Zamszowe-czolenka-Spaziomoda-karmel_%5B6616%5D_1200.jpg,https://www.italy-shop.eu/images/ly453/6000-7000/Zamszowe-czolenka-Spaziomoda-karmel_%5B6617%5D_1200.jpg,https://www.italy-shop.eu/images/ly453/6000-7000/Zamszowe-czolenka-Spaziomoda-karmel_%5B6618%5D_1200.jpg,https://www.italy-shop.eu/images/ly453/6000-7000/Zamszowe-czolenka-Spaziomoda-karmel_%5B6869%5D_1200.jpg,https://www.italy-shop.eu/images/ly453/6000-7000/Zamszowe-czolenka-Spaziomoda-karmel_%5B6870%5D_1200.jpg,https://www.italy-shop.eu/images/ly453/6000-7000/Zamszowe-czolenka-Spaziomoda-karmel_%5B6871%5D_1200.jpg,https://www.italy-shop.eu/images/ly453/6000-7000/Zamszowe-czolenka-Spaziomoda-karmel_%5B6872%5D_1200.jpg,https://www.italy-shop.eu/images/ly453/6000-7000/Zamszowe-czolenka-Spaziomoda-karmel_%5B6615%5D_1200.jpg	jesen
376_59_42	Zamszowe czółenka Spaziomoda — karmel	Zamszowe czółenka Spaziomoda w ciepłym karmelu. Szpilka 10 cm, ostry szpic, skórzane wnętrze.	https://www.italy-shop.eu/Zamszowe-czolenka-Spaziomoda-karmel-p376	https://www.italy-shop.eu/images/ly453/6000-7000/Zamszowe-czolenka-Spaziomoda-karmel_%5B6673%5D_1200.jpg	Spaziomoda	980.00 PLN	in_stock	376	187	Obuwie > Czółenka	Karmel	Zamsz	38	new	female	adult			https://www.italy-shop.eu/images/ly453/6000-7000/Zamszowe-czolenka-Spaziomoda-karmel_%5B6616%5D_1200.jpg,https://www.italy-shop.eu/images/ly453/6000-7000/Zamszowe-czolenka-Spaziomoda-karmel_%5B6617%5D_1200.jpg,https://www.italy-shop.eu/images/ly453/6000-7000/Zamszowe-czolenka-Spaziomoda-karmel_%5B6618%5D_1200.jpg,https://www.italy-shop.eu/images/ly453/6000-7000/Zamszowe-czolenka-Spaziomoda-karmel_%5B6869%5D_1200.jpg,https://www.italy-shop.eu/images/ly453/6000-7000/Zamszowe-czolenka-Spaziomoda-karmel_%5B6870%5D_1200.jpg,https://www.italy-shop.eu/images/ly453/6000-7000/Zamszowe-czolenka-Spaziomoda-karmel_%5B6871%5D_1200.jpg,https://www.italy-shop.eu/images/ly453/6000-7000/Zamszowe-czolenka-Spaziomoda-karmel_%5B6872%5D_1200.jpg,https://www.italy-shop.eu/images/ly453/6000-7000/Zamszowe-czolenka-Spaziomoda-karmel_%5B6615%5D_1200.jpg	jesen
376_59_43	Zamszowe czółenka Spaziomoda — karmel	Zamszowe czółenka Spaziomoda w ciepłym karmelu. Szpilka 10 cm, ostry szpic, skórzane wnętrze.	https://www.italy-shop.eu/Zamszowe-czolenka-Spaziomoda-karmel-p376	https://www.italy-shop.eu/images/ly453/6000-7000/Zamszowe-czolenka-Spaziomoda-karmel_%5B6673%5D_1200.jpg	Spaziomoda	980.00 PLN	in_stock	376	187	Obuwie > Czółenka	Karmel	Zamsz	39	new	female	adult			https://www.italy-shop.eu/images/ly453/6000-7000/Zamszowe-czolenka-Spaziomoda-karmel_%5B6616%5D_1200.jpg,https://www.italy-shop.eu/images/ly453/6000-7000/Zamszowe-czolenka-Spaziomoda-karmel_%5B6617%5D_1200.jpg,https://www.italy-shop.eu/images/ly453/6000-7000/Zamszowe-czolenka-Spaziomoda-karmel_%5B6618%5D_1200.jpg,https://www.italy-shop.eu/images/ly453/6000-7000/Zamszowe-czolenka-Spaziomoda-karmel_%5B6869%5D_1200.jpg,https://www.italy-shop.eu/images/ly453/6000-7000/Zamszowe-czolenka-Spaziomoda-karmel_%5B6870%5D_1200.jpg,https://www.italy-shop.eu/images/ly453/6000-7000/Zamszowe-czolenka-Spaziomoda-karmel_%5B6871%5D_1200.jpg,https://www.italy-shop.eu/images/ly453/6000-7000/Zamszowe-czolenka-Spaziomoda-karmel_%5B6872%5D_1200.jpg,https://www.italy-shop.eu/images/ly453/6000-7000/Zamszowe-czolenka-Spaziomoda-karmel_%5B6615%5D_1200.jpg	jesen
376_59_44	Zamszowe czółenka Spaziomoda — karmel	Zamszowe czółenka Spaziomoda w ciepłym karmelu. Szpilka 10 cm, ostry szpic, skórzane wnętrze.	https://www.italy-shop.eu/Zamszowe-czolenka-Spaziomoda-karmel-p376	https://www.italy-shop.eu/images/ly453/6000-7000/Zamszowe-czolenka-Spaziomoda-karmel_%5B6673%5D_1200.jpg	Spaziomoda	980.00 PLN	in_stock	376	187	Obuwie > Czółenka	Karmel	Zamsz	40	new	female	adult			https://www.italy-shop.eu/images/ly453/6000-7000/Zamszowe-czolenka-Spaziomoda-karmel_%5B6616%5D_1200.jpg,https://www.italy-shop.eu/images/ly453/6000-7000/Zamszowe-czolenka-Spaziomoda-karmel_%5B6617%5D_1200.jpg,https://www.italy-shop.eu/images/ly453/6000-7000/Zamszowe-czolenka-Spaziomoda-karmel_%5B6618%5D_1200.jpg,https://www.italy-shop.eu/images/ly453/6000-7000/Zamszowe-czolenka-Spaziomoda-karmel_%5B6869%5D_1200.jpg,https://www.italy-shop.eu/images/ly453/6000-7000/Zamszowe-czolenka-Spaziomoda-karmel_%5B6870%5D_1200.jpg,https://www.italy-shop.eu/images/ly453/6000-7000/Zamszowe-czolenka-Spaziomoda-karmel_%5B6871%5D_1200.jpg,https://www.italy-shop.eu/images/ly453/6000-7000/Zamszowe-czolenka-Spaziomoda-karmel_%5B6872%5D_1200.jpg,https://www.italy-shop.eu/images/ly453/6000-7000/Zamszowe-czolenka-Spaziomoda-karmel_%5B6615%5D_1200.jpg	jesen
416_52_40	Zamszowe kozaki Lancioni — brązowe	Zamszowe kozaki Lancioni w brązie. Wysoka cholewka, ostry szpic, słupek 7 cm, pasek z klamrą.	https://www.italy-shop.eu/Zamszowe-kozaki-Lancioni-brazowe-p416	https://www.italy-shop.eu/images/ly453/6000-7000/Zamszowe-kozaki-Lancioni-brazowe_%5B6923%5D_1200.jpg	Lancioni	1190.00 PLN	in_stock	416	187	Obuwie	Brązowy	Zamsz	36	new	female	adult			https://www.italy-shop.eu/images/ly453/6000-7000/Zamszowe-kozaki-Lancioni-brazowe_%5B6894%5D_1200.jpg,https://www.italy-shop.eu/images/ly453/6000-7000/Zamszowe-kozaki-Lancioni-brazowe_%5B6896%5D_1200.jpg,https://www.italy-shop.eu/images/ly453/6000-7000/Zamszowe-kozaki-Lancioni-brazowe_%5B6895%5D_1200.jpg,https://www.italy-shop.eu/images/ly453/6000-7000/Zamszowe-kozaki-Lancioni-brazowe_%5B6920%5D_1200.jpg,https://www.italy-shop.eu/images/ly453/6000-7000/Zamszowe-kozaki-Lancioni-brazowe_%5B6921%5D_1200.jpg,https://www.italy-shop.eu/images/ly453/6000-7000/Zamszowe-kozaki-Lancioni-brazowe_%5B6922%5D_1200.jpg,https://www.italy-shop.eu/images/ly453/6000-7000/Zamszowe-kozaki-Lancioni-brazowe_%5B6910%5D_1200.jpg	jesen
416_52_41	Zamszowe kozaki Lancioni — brązowe	Zamszowe kozaki Lancioni w brązie. Wysoka cholewka, ostry szpic, słupek 7 cm, pasek z klamrą.	https://www.italy-shop.eu/Zamszowe-kozaki-Lancioni-brazowe-p416	https://www.italy-shop.eu/images/ly453/6000-7000/Zamszowe-kozaki-Lancioni-brazowe_%5B6923%5D_1200.jpg	Lancioni	1190.00 PLN	in_stock	416	187	Obuwie	Brązowy	Zamsz	37	new	female	adult			https://www.italy-shop.eu/images/ly453/6000-7000/Zamszowe-kozaki-Lancioni-brazowe_%5B6894%5D_1200.jpg,https://www.italy-shop.eu/images/ly453/6000-7000/Zamszowe-kozaki-Lancioni-brazowe_%5B6896%5D_1200.jpg,https://www.italy-shop.eu/images/ly453/6000-7000/Zamszowe-kozaki-Lancioni-brazowe_%5B6895%5D_1200.jpg,https://www.italy-shop.eu/images/ly453/6000-7000/Zamszowe-kozaki-Lancioni-brazowe_%5B6920%5D_1200.jpg,https://www.italy-shop.eu/images/ly453/6000-7000/Zamszowe-kozaki-Lancioni-brazowe_%5B6921%5D_1200.jpg,https://www.italy-shop.eu/images/ly453/6000-7000/Zamszowe-kozaki-Lancioni-brazowe_%5B6922%5D_1200.jpg,https://www.italy-shop.eu/images/ly453/6000-7000/Zamszowe-kozaki-Lancioni-brazowe_%5B6910%5D_1200.jpg	jesen
416_52_42	Zamszowe kozaki Lancioni — brązowe	Zamszowe kozaki Lancioni w brązie. Wysoka cholewka, ostry szpic, słupek 7 cm, pasek z klamrą.	https://www.italy-shop.eu/Zamszowe-kozaki-Lancioni-brazowe-p416	https://www.italy-shop.eu/images/ly453/6000-7000/Zamszowe-kozaki-Lancioni-brazowe_%5B6923%5D_1200.jpg	Lancioni	1190.00 PLN	in_stock	416	187	Obuwie	Brązowy	Zamsz	38	new	female	adult			https://www.italy-shop.eu/images/ly453/6000-7000/Zamszowe-kozaki-Lancioni-brazowe_%5B6894%5D_1200.jpg,https://www.italy-shop.eu/images/ly453/6000-7000/Zamszowe-kozaki-Lancioni-brazowe_%5B6896%5D_1200.jpg,https://www.italy-shop.eu/images/ly453/6000-7000/Zamszowe-kozaki-Lancioni-brazowe_%5B6895%5D_1200.jpg,https://www.italy-shop.eu/images/ly453/6000-7000/Zamszowe-kozaki-Lancioni-brazowe_%5B6920%5D_1200.jpg,https://www.italy-shop.eu/images/ly453/6000-7000/Zamszowe-kozaki-Lancioni-brazowe_%5B6921%5D_1200.jpg,https://www.italy-shop.eu/images/ly453/6000-7000/Zamszowe-kozaki-Lancioni-brazowe_%5B6922%5D_1200.jpg,https://www.italy-shop.eu/images/ly453/6000-7000/Zamszowe-kozaki-Lancioni-brazowe_%5B6910%5D_1200.jpg	jesen
416_52_43	Zamszowe kozaki Lancioni — brązowe	Zamszowe kozaki Lancioni w brązie. Wysoka cholewka, ostry szpic, słupek 7 cm, pasek z klamrą.	https://www.italy-shop.eu/Zamszowe-kozaki-Lancioni-brazowe-p416	https://www.italy-shop.eu/images/ly453/6000-7000/Zamszowe-kozaki-Lancioni-brazowe_%5B6923%5D_1200.jpg	Lancioni	1190.00 PLN	in_stock	416	187	Obuwie	Brązowy	Zamsz	39	new	female	adult			https://www.italy-shop.eu/images/ly453/6000-7000/Zamszowe-kozaki-Lancioni-brazowe_%5B6894%5D_1200.jpg,https://www.italy-shop.eu/images/ly453/6000-7000/Zamszowe-kozaki-Lancioni-brazowe_%5B6896%5D_1200.jpg,https://www.italy-shop.eu/images/ly453/6000-7000/Zamszowe-kozaki-Lancioni-brazowe_%5B6895%5D_1200.jpg,https://www.italy-shop.eu/images/ly453/6000-7000/Zamszowe-kozaki-Lancioni-brazowe_%5B6920%5D_1200.jpg,https://www.italy-shop.eu/images/ly453/6000-7000/Zamszowe-kozaki-Lancioni-brazowe_%5B6921%5D_1200.jpg,https://www.italy-shop.eu/images/ly453/6000-7000/Zamszowe-kozaki-Lancioni-brazowe_%5B6922%5D_1200.jpg,https://www.italy-shop.eu/images/ly453/6000-7000/Zamszowe-kozaki-Lancioni-brazowe_%5B6910%5D_1200.jpg	jesen
416_52_44	Zamszowe kozaki Lancioni — brązowe	Zamszowe kozaki Lancioni w brązie. Wysoka cholewka, ostry szpic, słupek 7 cm, pasek z klamrą.	https://www.italy-shop.eu/Zamszowe-kozaki-Lancioni-brazowe-p416	https://www.italy-shop.eu/images/ly453/6000-7000/Zamszowe-kozaki-Lancioni-brazowe_%5B6923%5D_1200.jpg	Lancioni	1190.00 PLN	in_stock	416	187	Obuwie	Brązowy	Zamsz	40	new	female	adult			https://www.italy-shop.eu/images/ly453/6000-7000/Zamszowe-kozaki-Lancioni-brazowe_%5B6894%5D_1200.jpg,https://www.italy-shop.eu/images/ly453/6000-7000/Zamszowe-kozaki-Lancioni-brazowe_%5B6896%5D_1200.jpg,https://www.italy-shop.eu/images/ly453/6000-7000/Zamszowe-kozaki-Lancioni-brazowe_%5B6895%5D_1200.jpg,https://www.italy-shop.eu/images/ly453/6000-7000/Zamszowe-kozaki-Lancioni-brazowe_%5B6920%5D_1200.jpg,https://www.italy-shop.eu/images/ly453/6000-7000/Zamszowe-kozaki-Lancioni-brazowe_%5B6921%5D_1200.jpg,https://www.italy-shop.eu/images/ly453/6000-7000/Zamszowe-kozaki-Lancioni-brazowe_%5B6922%5D_1200.jpg,https://www.italy-shop.eu/images/ly453/6000-7000/Zamszowe-kozaki-Lancioni-brazowe_%5B6910%5D_1200.jpg	jesen
418_68_40	Zamszowe kozaki Lancioni — oliwkowe	Zamszowe kozaki Lancioni w oliwce. Wysoka cholewka, ostry szpic, słupek 7 cm, pasek z klamrą.	https://www.italy-shop.eu/Zamszowe-kozaki-Lancioni-oliwkowe-p418	https://www.italy-shop.eu/images/ly453/6000-7000/Zamszowe-kozaki-Lancioni-oliwkowe_%5B6907%5D_1200.jpg	Lancioni	1190.00 PLN	in_stock	418	187	Obuwie	Oliwkowy	Zamsz	36	new	female	adult			https://www.italy-shop.eu/images/ly453/6000-7000/Zamszowe-kozaki-Lancioni-oliwkowe_%5B6900%5D_1200.jpg,https://www.italy-shop.eu/images/ly453/6000-7000/Zamszowe-kozaki-Lancioni-oliwkowe_%5B6902%5D_1200.jpg,https://www.italy-shop.eu/images/ly453/6000-7000/Zamszowe-kozaki-Lancioni-oliwkowe_%5B6924%5D_1200.jpg,https://www.italy-shop.eu/images/ly453/6000-7000/Zamszowe-kozaki-Lancioni-oliwkowe_%5B6901%5D_1200.jpg,https://www.italy-shop.eu/images/ly453/6000-7000/Zamszowe-kozaki-Lancioni-oliwkowe_%5B6925%5D_1200.jpg,https://www.italy-shop.eu/images/ly453/6000-7000/Zamszowe-kozaki-Lancioni-oliwkowe_%5B6908%5D_1200.jpg	jesen
418_68_41	Zamszowe kozaki Lancioni — oliwkowe	Zamszowe kozaki Lancioni w oliwce. Wysoka cholewka, ostry szpic, słupek 7 cm, pasek z klamrą.	https://www.italy-shop.eu/Zamszowe-kozaki-Lancioni-oliwkowe-p418	https://www.italy-shop.eu/images/ly453/6000-7000/Zamszowe-kozaki-Lancioni-oliwkowe_%5B6907%5D_1200.jpg	Lancioni	1190.00 PLN	in_stock	418	187	Obuwie	Oliwkowy	Zamsz	37	new	female	adult			https://www.italy-shop.eu/images/ly453/6000-7000/Zamszowe-kozaki-Lancioni-oliwkowe_%5B6900%5D_1200.jpg,https://www.italy-shop.eu/images/ly453/6000-7000/Zamszowe-kozaki-Lancioni-oliwkowe_%5B6902%5D_1200.jpg,https://www.italy-shop.eu/images/ly453/6000-7000/Zamszowe-kozaki-Lancioni-oliwkowe_%5B6924%5D_1200.jpg,https://www.italy-shop.eu/images/ly453/6000-7000/Zamszowe-kozaki-Lancioni-oliwkowe_%5B6901%5D_1200.jpg,https://www.italy-shop.eu/images/ly453/6000-7000/Zamszowe-kozaki-Lancioni-oliwkowe_%5B6925%5D_1200.jpg,https://www.italy-shop.eu/images/ly453/6000-7000/Zamszowe-kozaki-Lancioni-oliwkowe_%5B6908%5D_1200.jpg	jesen
418_68_42	Zamszowe kozaki Lancioni — oliwkowe	Zamszowe kozaki Lancioni w oliwce. Wysoka cholewka, ostry szpic, słupek 7 cm, pasek z klamrą.	https://www.italy-shop.eu/Zamszowe-kozaki-Lancioni-oliwkowe-p418	https://www.italy-shop.eu/images/ly453/6000-7000/Zamszowe-kozaki-Lancioni-oliwkowe_%5B6907%5D_1200.jpg	Lancioni	1190.00 PLN	in_stock	418	187	Obuwie	Oliwkowy	Zamsz	38	new	female	adult			https://www.italy-shop.eu/images/ly453/6000-7000/Zamszowe-kozaki-Lancioni-oliwkowe_%5B6900%5D_1200.jpg,https://www.italy-shop.eu/images/ly453/6000-7000/Zamszowe-kozaki-Lancioni-oliwkowe_%5B6902%5D_1200.jpg,https://www.italy-shop.eu/images/ly453/6000-7000/Zamszowe-kozaki-Lancioni-oliwkowe_%5B6924%5D_1200.jpg,https://www.italy-shop.eu/images/ly453/6000-7000/Zamszowe-kozaki-Lancioni-oliwkowe_%5B6901%5D_1200.jpg,https://www.italy-shop.eu/images/ly453/6000-7000/Zamszowe-kozaki-Lancioni-oliwkowe_%5B6925%5D_1200.jpg,https://www.italy-shop.eu/images/ly453/6000-7000/Zamszowe-kozaki-Lancioni-oliwkowe_%5B6908%5D_1200.jpg	jesen
418_68_43	Zamszowe kozaki Lancioni — oliwkowe	Zamszowe kozaki Lancioni w oliwce. Wysoka cholewka, ostry szpic, słupek 7 cm, pasek z klamrą.	https://www.italy-shop.eu/Zamszowe-kozaki-Lancioni-oliwkowe-p418	https://www.italy-shop.eu/images/ly453/6000-7000/Zamszowe-kozaki-Lancioni-oliwkowe_%5B6907%5D_1200.jpg	Lancioni	1190.00 PLN	in_stock	418	187	Obuwie	Oliwkowy	Zamsz	39	new	female	adult			https://www.italy-shop.eu/images/ly453/6000-7000/Zamszowe-kozaki-Lancioni-oliwkowe_%5B6900%5D_1200.jpg,https://www.italy-shop.eu/images/ly453/6000-7000/Zamszowe-kozaki-Lancioni-oliwkowe_%5B6902%5D_1200.jpg,https://www.italy-shop.eu/images/ly453/6000-7000/Zamszowe-kozaki-Lancioni-oliwkowe_%5B6924%5D_1200.jpg,https://www.italy-shop.eu/images/ly453/6000-7000/Zamszowe-kozaki-Lancioni-oliwkowe_%5B6901%5D_1200.jpg,https://www.italy-shop.eu/images/ly453/6000-7000/Zamszowe-kozaki-Lancioni-oliwkowe_%5B6925%5D_1200.jpg,https://www.italy-shop.eu/images/ly453/6000-7000/Zamszowe-kozaki-Lancioni-oliwkowe_%5B6908%5D_1200.jpg	jesen
418_68_44	Zamszowe kozaki Lancioni — oliwkowe	Zamszowe kozaki Lancioni w oliwce. Wysoka cholewka, ostry szpic, słupek 7 cm, pasek z klamrą.	https://www.italy-shop.eu/Zamszowe-kozaki-Lancioni-oliwkowe-p418	https://www.italy-shop.eu/images/ly453/6000-7000/Zamszowe-kozaki-Lancioni-oliwkowe_%5B6907%5D_1200.jpg	Lancioni	1190.00 PLN	in_stock	418	187	Obuwie	Oliwkowy	Zamsz	40	new	female	adult			https://www.italy-shop.eu/images/ly453/6000-7000/Zamszowe-kozaki-Lancioni-oliwkowe_%5B6900%5D_1200.jpg,https://www.italy-shop.eu/images/ly453/6000-7000/Zamszowe-kozaki-Lancioni-oliwkowe_%5B6902%5D_1200.jpg,https://www.italy-shop.eu/images/ly453/6000-7000/Zamszowe-kozaki-Lancioni-oliwkowe_%5B6924%5D_1200.jpg,https://www.italy-shop.eu/images/ly453/6000-7000/Zamszowe-kozaki-Lancioni-oliwkowe_%5B6901%5D_1200.jpg,https://www.italy-shop.eu/images/ly453/6000-7000/Zamszowe-kozaki-Lancioni-oliwkowe_%5B6925%5D_1200.jpg,https://www.italy-shop.eu/images/ly453/6000-7000/Zamszowe-kozaki-Lancioni-oliwkowe_%5B6908%5D_1200.jpg	jesen
417_72_40	Zamszowe kozaki Lancioni — taupe	Zamszowe kozaki Lancioni w kolorze taupe. Wysoka cholewka, ostry szpic, słupek 7 cm, pasek z klamrą.	https://www.italy-shop.eu/Zamszowe-kozaki-Lancioni-taupe-p417	https://www.italy-shop.eu/images/ly453/6000-7000/Zamszowe-kozaki-Lancioni-taupe_%5B6909%5D_1200.jpg	Lancioni	1190.00 PLN	in_stock	417	187	Obuwie	Taupe	Zamsz	36	new	female	adult			https://www.italy-shop.eu/images/ly453/6000-7000/Zamszowe-kozaki-Lancioni-taupe_%5B6926%5D_1200.jpg,https://www.italy-shop.eu/images/ly453/6000-7000/Zamszowe-kozaki-Lancioni-taupe_%5B6898%5D_1200.jpg,https://www.italy-shop.eu/images/ly453/6000-7000/Zamszowe-kozaki-Lancioni-taupe_%5B6928%5D_1200.jpg,https://www.italy-shop.eu/images/ly453/6000-7000/Zamszowe-kozaki-Lancioni-taupe_%5B6897%5D_1200.jpg,https://www.italy-shop.eu/images/ly453/6000-7000/Zamszowe-kozaki-Lancioni-taupe_%5B6927%5D_1200.jpg,https://www.italy-shop.eu/images/ly453/6000-7000/Zamszowe-kozaki-Lancioni-taupe_%5B6899%5D_1200.jpg,https://www.italy-shop.eu/images/ly453/6000-7000/Zamszowe-kozaki-Lancioni-taupe_%5B6929%5D_1200.jpg	jesen
417_72_41	Zamszowe kozaki Lancioni — taupe	Zamszowe kozaki Lancioni w kolorze taupe. Wysoka cholewka, ostry szpic, słupek 7 cm, pasek z klamrą.	https://www.italy-shop.eu/Zamszowe-kozaki-Lancioni-taupe-p417	https://www.italy-shop.eu/images/ly453/6000-7000/Zamszowe-kozaki-Lancioni-taupe_%5B6909%5D_1200.jpg	Lancioni	1190.00 PLN	in_stock	417	187	Obuwie	Taupe	Zamsz	37	new	female	adult			https://www.italy-shop.eu/images/ly453/6000-7000/Zamszowe-kozaki-Lancioni-taupe_%5B6926%5D_1200.jpg,https://www.italy-shop.eu/images/ly453/6000-7000/Zamszowe-kozaki-Lancioni-taupe_%5B6898%5D_1200.jpg,https://www.italy-shop.eu/images/ly453/6000-7000/Zamszowe-kozaki-Lancioni-taupe_%5B6928%5D_1200.jpg,https://www.italy-shop.eu/images/ly453/6000-7000/Zamszowe-kozaki-Lancioni-taupe_%5B6897%5D_1200.jpg,https://www.italy-shop.eu/images/ly453/6000-7000/Zamszowe-kozaki-Lancioni-taupe_%5B6927%5D_1200.jpg,https://www.italy-shop.eu/images/ly453/6000-7000/Zamszowe-kozaki-Lancioni-taupe_%5B6899%5D_1200.jpg,https://www.italy-shop.eu/images/ly453/6000-7000/Zamszowe-kozaki-Lancioni-taupe_%5B6929%5D_1200.jpg	jesen
417_72_42	Zamszowe kozaki Lancioni — taupe	Zamszowe kozaki Lancioni w kolorze taupe. Wysoka cholewka, ostry szpic, słupek 7 cm, pasek z klamrą.	https://www.italy-shop.eu/Zamszowe-kozaki-Lancioni-taupe-p417	https://www.italy-shop.eu/images/ly453/6000-7000/Zamszowe-kozaki-Lancioni-taupe_%5B6909%5D_1200.jpg	Lancioni	1190.00 PLN	in_stock	417	187	Obuwie	Taupe	Zamsz	38	new	female	adult			https://www.italy-shop.eu/images/ly453/6000-7000/Zamszowe-kozaki-Lancioni-taupe_%5B6926%5D_1200.jpg,https://www.italy-shop.eu/images/ly453/6000-7000/Zamszowe-kozaki-Lancioni-taupe_%5B6898%5D_1200.jpg,https://www.italy-shop.eu/images/ly453/6000-7000/Zamszowe-kozaki-Lancioni-taupe_%5B6928%5D_1200.jpg,https://www.italy-shop.eu/images/ly453/6000-7000/Zamszowe-kozaki-Lancioni-taupe_%5B6897%5D_1200.jpg,https://www.italy-shop.eu/images/ly453/6000-7000/Zamszowe-kozaki-Lancioni-taupe_%5B6927%5D_1200.jpg,https://www.italy-shop.eu/images/ly453/6000-7000/Zamszowe-kozaki-Lancioni-taupe_%5B6899%5D_1200.jpg,https://www.italy-shop.eu/images/ly453/6000-7000/Zamszowe-kozaki-Lancioni-taupe_%5B6929%5D_1200.jpg	jesen
417_72_43	Zamszowe kozaki Lancioni — taupe	Zamszowe kozaki Lancioni w kolorze taupe. Wysoka cholewka, ostry szpic, słupek 7 cm, pasek z klamrą.	https://www.italy-shop.eu/Zamszowe-kozaki-Lancioni-taupe-p417	https://www.italy-shop.eu/images/ly453/6000-7000/Zamszowe-kozaki-Lancioni-taupe_%5B6909%5D_1200.jpg	Lancioni	1190.00 PLN	in_stock	417	187	Obuwie	Taupe	Zamsz	39	new	female	adult			https://www.italy-shop.eu/images/ly453/6000-7000/Zamszowe-kozaki-Lancioni-taupe_%5B6926%5D_1200.jpg,https://www.italy-shop.eu/images/ly453/6000-7000/Zamszowe-kozaki-Lancioni-taupe_%5B6898%5D_1200.jpg,https://www.italy-shop.eu/images/ly453/6000-7000/Zamszowe-kozaki-Lancioni-taupe_%5B6928%5D_1200.jpg,https://www.italy-shop.eu/images/ly453/6000-7000/Zamszowe-kozaki-Lancioni-taupe_%5B6897%5D_1200.jpg,https://www.italy-shop.eu/images/ly453/6000-7000/Zamszowe-kozaki-Lancioni-taupe_%5B6927%5D_1200.jpg,https://www.italy-shop.eu/images/ly453/6000-7000/Zamszowe-kozaki-Lancioni-taupe_%5B6899%5D_1200.jpg,https://www.italy-shop.eu/images/ly453/6000-7000/Zamszowe-kozaki-Lancioni-taupe_%5B6929%5D_1200.jpg	jesen
417_72_44	Zamszowe kozaki Lancioni — taupe	Zamszowe kozaki Lancioni w kolorze taupe. Wysoka cholewka, ostry szpic, słupek 7 cm, pasek z klamrą.	https://www.italy-shop.eu/Zamszowe-kozaki-Lancioni-taupe-p417	https://www.italy-shop.eu/images/ly453/6000-7000/Zamszowe-kozaki-Lancioni-taupe_%5B6909%5D_1200.jpg	Lancioni	1190.00 PLN	in_stock	417	187	Obuwie	Taupe	Zamsz	40	new	female	adult			https://www.italy-shop.eu/images/ly453/6000-7000/Zamszowe-kozaki-Lancioni-taupe_%5B6926%5D_1200.jpg,https://www.italy-shop.eu/images/ly453/6000-7000/Zamszowe-kozaki-Lancioni-taupe_%5B6898%5D_1200.jpg,https://www.italy-shop.eu/images/ly453/6000-7000/Zamszowe-kozaki-Lancioni-taupe_%5B6928%5D_1200.jpg,https://www.italy-shop.eu/images/ly453/6000-7000/Zamszowe-kozaki-Lancioni-taupe_%5B6897%5D_1200.jpg,https://www.italy-shop.eu/images/ly453/6000-7000/Zamszowe-kozaki-Lancioni-taupe_%5B6927%5D_1200.jpg,https://www.italy-shop.eu/images/ly453/6000-7000/Zamszowe-kozaki-Lancioni-taupe_%5B6899%5D_1200.jpg,https://www.italy-shop.eu/images/ly453/6000-7000/Zamszowe-kozaki-Lancioni-taupe_%5B6929%5D_1200.jpg	jesen
399_72_40	Zamszowe kozaki Lestrosa Ambra — taupe	Zamszowe kozaki Lestrosa w kolorze taupe, zaokrąglony nosek. Wysoka cholewka, wygięty słupek 7 cm.	https://www.italy-shop.eu/Zamszowe-kozaki-Lestrosa-Ambra-taupe-p399	https://www.italy-shop.eu/images/ly453/6000-7000/Zamszowe-kozaki-Lestrosa-Ambra-taupe_%5B6964%5D_1200.jpg	Lestrosa	1200.00 PLN	in_stock	399	187	Obuwie	Taupe	Zamsz	36	new	female	adult	1080.00 PLN	2026-09-17T00:00:00+02:00/2026-09-30T00:00:00+02:00	https://www.italy-shop.eu/images/ly453/6000-7000/Zamszowe-kozaki-Lestrosa-Ambra-taupe_%5B6708%5D_1200.jpg,https://www.italy-shop.eu/images/ly453/6000-7000/Zamszowe-kozaki-Lestrosa-Ambra-taupe_%5B6709%5D_1200.jpg,https://www.italy-shop.eu/images/ly453/6000-7000/Zamszowe-kozaki-Lestrosa-Ambra-taupe_%5B6710%5D_1200.jpg,https://www.italy-shop.eu/images/ly453/6000-7000/Zamszowe-kozaki-Lestrosa-Ambra-taupe_%5B6711%5D_1200.jpg,https://www.italy-shop.eu/images/ly453/6000-7000/Zamszowe-kozaki-Lestrosa-Ambra-taupe_%5B6848%5D_1200.jpg	jesen
399_72_41	Zamszowe kozaki Lestrosa Ambra — taupe	Zamszowe kozaki Lestrosa w kolorze taupe, zaokrąglony nosek. Wysoka cholewka, wygięty słupek 7 cm.	https://www.italy-shop.eu/Zamszowe-kozaki-Lestrosa-Ambra-taupe-p399	https://www.italy-shop.eu/images/ly453/6000-7000/Zamszowe-kozaki-Lestrosa-Ambra-taupe_%5B6964%5D_1200.jpg	Lestrosa	1200.00 PLN	in_stock	399	187	Obuwie	Taupe	Zamsz	37	new	female	adult	1080.00 PLN	2026-09-17T00:00:00+02:00/2026-09-30T00:00:00+02:00	https://www.italy-shop.eu/images/ly453/6000-7000/Zamszowe-kozaki-Lestrosa-Ambra-taupe_%5B6708%5D_1200.jpg,https://www.italy-shop.eu/images/ly453/6000-7000/Zamszowe-kozaki-Lestrosa-Ambra-taupe_%5B6709%5D_1200.jpg,https://www.italy-shop.eu/images/ly453/6000-7000/Zamszowe-kozaki-Lestrosa-Ambra-taupe_%5B6710%5D_1200.jpg,https://www.italy-shop.eu/images/ly453/6000-7000/Zamszowe-kozaki-Lestrosa-Ambra-taupe_%5B6711%5D_1200.jpg,https://www.italy-shop.eu/images/ly453/6000-7000/Zamszowe-kozaki-Lestrosa-Ambra-taupe_%5B6848%5D_1200.jpg	jesen
399_72_42	Zamszowe kozaki Lestrosa Ambra — taupe	Zamszowe kozaki Lestrosa w kolorze taupe, zaokrąglony nosek. Wysoka cholewka, wygięty słupek 7 cm.	https://www.italy-shop.eu/Zamszowe-kozaki-Lestrosa-Ambra-taupe-p399	https://www.italy-shop.eu/images/ly453/6000-7000/Zamszowe-kozaki-Lestrosa-Ambra-taupe_%5B6964%5D_1200.jpg	Lestrosa	1200.00 PLN	in_stock	399	187	Obuwie	Taupe	Zamsz	38	new	female	adult	1080.00 PLN	2026-09-17T00:00:00+02:00/2026-09-30T00:00:00+02:00	https://www.italy-shop.eu/images/ly453/6000-7000/Zamszowe-kozaki-Lestrosa-Ambra-taupe_%5B6708%5D_1200.jpg,https://www.italy-shop.eu/images/ly453/6000-7000/Zamszowe-kozaki-Lestrosa-Ambra-taupe_%5B6709%5D_1200.jpg,https://www.italy-shop.eu/images/ly453/6000-7000/Zamszowe-kozaki-Lestrosa-Ambra-taupe_%5B6710%5D_1200.jpg,https://www.italy-shop.eu/images/ly453/6000-7000/Zamszowe-kozaki-Lestrosa-Ambra-taupe_%5B6711%5D_1200.jpg,https://www.italy-shop.eu/images/ly453/6000-7000/Zamszowe-kozaki-Lestrosa-Ambra-taupe_%5B6848%5D_1200.jpg	jesen
399_72_43	Zamszowe kozaki Lestrosa Ambra — taupe	Zamszowe kozaki Lestrosa w kolorze taupe, zaokrąglony nosek. Wysoka cholewka, wygięty słupek 7 cm.	https://www.italy-shop.eu/Zamszowe-kozaki-Lestrosa-Ambra-taupe-p399	https://www.italy-shop.eu/images/ly453/6000-7000/Zamszowe-kozaki-Lestrosa-Ambra-taupe_%5B6964%5D_1200.jpg	Lestrosa	1200.00 PLN	in_stock	399	187	Obuwie	Taupe	Zamsz	39	new	female	adult	1080.00 PLN	2026-09-17T00:00:00+02:00/2026-09-30T00:00:00+02:00	https://www.italy-shop.eu/images/ly453/6000-7000/Zamszowe-kozaki-Lestrosa-Ambra-taupe_%5B6708%5D_1200.jpg,https://www.italy-shop.eu/images/ly453/6000-7000/Zamszowe-kozaki-Lestrosa-Ambra-taupe_%5B6709%5D_1200.jpg,https://www.italy-shop.eu/images/ly453/6000-7000/Zamszowe-kozaki-Lestrosa-Ambra-taupe_%5B6710%5D_1200.jpg,https://www.italy-shop.eu/images/ly453/6000-7000/Zamszowe-kozaki-Lestrosa-Ambra-taupe_%5B6711%5D_1200.jpg,https://www.italy-shop.eu/images/ly453/6000-7000/Zamszowe-kozaki-Lestrosa-Ambra-taupe_%5B6848%5D_1200.jpg	jesen
399_72_44	Zamszowe kozaki Lestrosa Ambra — taupe	Zamszowe kozaki Lestrosa w kolorze taupe, zaokrąglony nosek. Wysoka cholewka, wygięty słupek 7 cm.	https://www.italy-shop.eu/Zamszowe-kozaki-Lestrosa-Ambra-taupe-p399	https://www.italy-shop.eu/images/ly453/6000-7000/Zamszowe-kozaki-Lestrosa-Ambra-taupe_%5B6964%5D_1200.jpg	Lestrosa	1200.00 PLN	in_stock	399	187	Obuwie	Taupe	Zamsz	40	new	female	adult	1080.00 PLN	2026-09-17T00:00:00+02:00/2026-09-30T00:00:00+02:00	https://www.italy-shop.eu/images/ly453/6000-7000/Zamszowe-kozaki-Lestrosa-Ambra-taupe_%5B6708%5D_1200.jpg,https://www.italy-shop.eu/images/ly453/6000-7000/Zamszowe-kozaki-Lestrosa-Ambra-taupe_%5B6709%5D_1200.jpg,https://www.italy-shop.eu/images/ly453/6000-7000/Zamszowe-kozaki-Lestrosa-Ambra-taupe_%5B6710%5D_1200.jpg,https://www.italy-shop.eu/images/ly453/6000-7000/Zamszowe-kozaki-Lestrosa-Ambra-taupe_%5B6711%5D_1200.jpg,https://www.italy-shop.eu/images/ly453/6000-7000/Zamszowe-kozaki-Lestrosa-Ambra-taupe_%5B6848%5D_1200.jpg	jesen
413_59_40	Zamszowe kozaki Spaziomoda — karmel	Zamszowe kozaki Spaziomoda w karmelu. Wysoka cholewka, ostry szpic, obcas 4 cm, boczny suwak.	https://www.italy-shop.eu/Zamszowe-kozaki-Spaziomoda-karmel-p413	https://www.italy-shop.eu/images/ly453/6000-7000/Zamszowe-kozaki-Spaziomoda-karmel_%5B6886%5D_1200.jpg	Spaziomoda	1590.00 PLN	in_stock	413	187	Obuwie	Karmel	Zamsz	36	new	female	adult			https://www.italy-shop.eu/images/ly453/6000-7000/Zamszowe-kozaki-Spaziomoda-karmel_%5B6885%5D_1200.jpg,https://www.italy-shop.eu/images/ly453/6000-7000/Zamszowe-kozaki-Spaziomoda-karmel_%5B6887%5D_1200.jpg,https://www.italy-shop.eu/images/ly453/6000-7000/Zamszowe-kozaki-Spaziomoda-karmel_%5B6888%5D_1200.jpg,https://www.italy-shop.eu/images/ly453/6000-7000/Zamszowe-kozaki-Spaziomoda-karmel_%5B6889%5D_1200.jpg	jesen
413_59_41	Zamszowe kozaki Spaziomoda — karmel	Zamszowe kozaki Spaziomoda w karmelu. Wysoka cholewka, ostry szpic, obcas 4 cm, boczny suwak.	https://www.italy-shop.eu/Zamszowe-kozaki-Spaziomoda-karmel-p413	https://www.italy-shop.eu/images/ly453/6000-7000/Zamszowe-kozaki-Spaziomoda-karmel_%5B6886%5D_1200.jpg	Spaziomoda	1590.00 PLN	in_stock	413	187	Obuwie	Karmel	Zamsz	37	new	female	adult			https://www.italy-shop.eu/images/ly453/6000-7000/Zamszowe-kozaki-Spaziomoda-karmel_%5B6885%5D_1200.jpg,https://www.italy-shop.eu/images/ly453/6000-7000/Zamszowe-kozaki-Spaziomoda-karmel_%5B6887%5D_1200.jpg,https://www.italy-shop.eu/images/ly453/6000-7000/Zamszowe-kozaki-Spaziomoda-karmel_%5B6888%5D_1200.jpg,https://www.italy-shop.eu/images/ly453/6000-7000/Zamszowe-kozaki-Spaziomoda-karmel_%5B6889%5D_1200.jpg	jesen
413_59_42	Zamszowe kozaki Spaziomoda — karmel	Zamszowe kozaki Spaziomoda w karmelu. Wysoka cholewka, ostry szpic, obcas 4 cm, boczny suwak.	https://www.italy-shop.eu/Zamszowe-kozaki-Spaziomoda-karmel-p413	https://www.italy-shop.eu/images/ly453/6000-7000/Zamszowe-kozaki-Spaziomoda-karmel_%5B6886%5D_1200.jpg	Spaziomoda	1590.00 PLN	in_stock	413	187	Obuwie	Karmel	Zamsz	38	new	female	adult			https://www.italy-shop.eu/images/ly453/6000-7000/Zamszowe-kozaki-Spaziomoda-karmel_%5B6885%5D_1200.jpg,https://www.italy-shop.eu/images/ly453/6000-7000/Zamszowe-kozaki-Spaziomoda-karmel_%5B6887%5D_1200.jpg,https://www.italy-shop.eu/images/ly453/6000-7000/Zamszowe-kozaki-Spaziomoda-karmel_%5B6888%5D_1200.jpg,https://www.italy-shop.eu/images/ly453/6000-7000/Zamszowe-kozaki-Spaziomoda-karmel_%5B6889%5D_1200.jpg	jesen
413_59_43	Zamszowe kozaki Spaziomoda — karmel	Zamszowe kozaki Spaziomoda w karmelu. Wysoka cholewka, ostry szpic, obcas 4 cm, boczny suwak.	https://www.italy-shop.eu/Zamszowe-kozaki-Spaziomoda-karmel-p413	https://www.italy-shop.eu/images/ly453/6000-7000/Zamszowe-kozaki-Spaziomoda-karmel_%5B6886%5D_1200.jpg	Spaziomoda	1590.00 PLN	in_stock	413	187	Obuwie	Karmel	Zamsz	39	new	female	adult			https://www.italy-shop.eu/images/ly453/6000-7000/Zamszowe-kozaki-Spaziomoda-karmel_%5B6885%5D_1200.jpg,https://www.italy-shop.eu/images/ly453/6000-7000/Zamszowe-kozaki-Spaziomoda-karmel_%5B6887%5D_1200.jpg,https://www.italy-shop.eu/images/ly453/6000-7000/Zamszowe-kozaki-Spaziomoda-karmel_%5B6888%5D_1200.jpg,https://www.italy-shop.eu/images/ly453/6000-7000/Zamszowe-kozaki-Spaziomoda-karmel_%5B6889%5D_1200.jpg	jesen
413_59_44	Zamszowe kozaki Spaziomoda — karmel	Zamszowe kozaki Spaziomoda w karmelu. Wysoka cholewka, ostry szpic, obcas 4 cm, boczny suwak.	https://www.italy-shop.eu/Zamszowe-kozaki-Spaziomoda-karmel-p413	https://www.italy-shop.eu/images/ly453/6000-7000/Zamszowe-kozaki-Spaziomoda-karmel_%5B6886%5D_1200.jpg	Spaziomoda	1590.00 PLN	in_stock	413	187	Obuwie	Karmel	Zamsz	40	new	female	adult			https://www.italy-shop.eu/images/ly453/6000-7000/Zamszowe-kozaki-Spaziomoda-karmel_%5B6885%5D_1200.jpg,https://www.italy-shop.eu/images/ly453/6000-7000/Zamszowe-kozaki-Spaziomoda-karmel_%5B6887%5D_1200.jpg,https://www.italy-shop.eu/images/ly453/6000-7000/Zamszowe-kozaki-Spaziomoda-karmel_%5B6888%5D_1200.jpg,https://www.italy-shop.eu/images/ly453/6000-7000/Zamszowe-kozaki-Spaziomoda-karmel_%5B6889%5D_1200.jpg	jesen
413_59_63	Zamszowe kozaki Spaziomoda — karmel	Zamszowe kozaki Spaziomoda w karmelu. Wysoka cholewka, ostry szpic, obcas 4 cm, boczny suwak.	https://www.italy-shop.eu/Zamszowe-kozaki-Spaziomoda-karmel-p413	https://www.italy-shop.eu/images/ly453/6000-7000/Zamszowe-kozaki-Spaziomoda-karmel_%5B6886%5D_1200.jpg	Spaziomoda	1590.00 PLN	in_stock	413	187	Obuwie	Karmel	Zamsz	41	new	female	adult			https://www.italy-shop.eu/images/ly453/6000-7000/Zamszowe-kozaki-Spaziomoda-karmel_%5B6885%5D_1200.jpg,https://www.italy-shop.eu/images/ly453/6000-7000/Zamszowe-kozaki-Spaziomoda-karmel_%5B6887%5D_1200.jpg,https://www.italy-shop.eu/images/ly453/6000-7000/Zamszowe-kozaki-Spaziomoda-karmel_%5B6888%5D_1200.jpg,https://www.italy-shop.eu/images/ly453/6000-7000/Zamszowe-kozaki-Spaziomoda-karmel_%5B6889%5D_1200.jpg	jesen
385_52_40	Zamszowe mokasyny Lancioni — brązowe	Zamszowe mokasyny Lancioni w ciemnym brązie, z tłoczeniem krokodyla. Penny-pasek, płaska podeszwa.	https://www.italy-shop.eu/Zamszowe-mokasyny-Lancioni-brazowe-p385	https://www.italy-shop.eu/images/ly453/6000-7000/Zamszowe-mokasyny-Lancioni-brazowe_%5B6678%5D_1200.jpg	Federica Lancioni	750.00 PLN	in_stock	385	187	Obuwie	Brązowy	Zamsz	36	new	female	adult			https://www.italy-shop.eu/images/ly453/6000-7000/Zamszowe-mokasyny-Lancioni-brazowe_%5B6644%5D_1200.jpg,https://www.italy-shop.eu/images/ly453/6000-7000/Zamszowe-mokasyny-Lancioni-brazowe_%5B6645%5D_1200.jpg	jesen
385_52_41	Zamszowe mokasyny Lancioni — brązowe	Zamszowe mokasyny Lancioni w ciemnym brązie, z tłoczeniem krokodyla. Penny-pasek, płaska podeszwa.	https://www.italy-shop.eu/Zamszowe-mokasyny-Lancioni-brazowe-p385	https://www.italy-shop.eu/images/ly453/6000-7000/Zamszowe-mokasyny-Lancioni-brazowe_%5B6678%5D_1200.jpg	Federica Lancioni	750.00 PLN	in_stock	385	187	Obuwie	Brązowy	Zamsz	37	new	female	adult			https://www.italy-shop.eu/images/ly453/6000-7000/Zamszowe-mokasyny-Lancioni-brazowe_%5B6644%5D_1200.jpg,https://www.italy-shop.eu/images/ly453/6000-7000/Zamszowe-mokasyny-Lancioni-brazowe_%5B6645%5D_1200.jpg	jesen
385_52_42	Zamszowe mokasyny Lancioni — brązowe	Zamszowe mokasyny Lancioni w ciemnym brązie, z tłoczeniem krokodyla. Penny-pasek, płaska podeszwa.	https://www.italy-shop.eu/Zamszowe-mokasyny-Lancioni-brazowe-p385	https://www.italy-shop.eu/images/ly453/6000-7000/Zamszowe-mokasyny-Lancioni-brazowe_%5B6678%5D_1200.jpg	Federica Lancioni	750.00 PLN	in_stock	385	187	Obuwie	Brązowy	Zamsz	38	new	female	adult			https://www.italy-shop.eu/images/ly453/6000-7000/Zamszowe-mokasyny-Lancioni-brazowe_%5B6644%5D_1200.jpg,https://www.italy-shop.eu/images/ly453/6000-7000/Zamszowe-mokasyny-Lancioni-brazowe_%5B6645%5D_1200.jpg	jesen
385_52_43	Zamszowe mokasyny Lancioni — brązowe	Zamszowe mokasyny Lancioni w ciemnym brązie, z tłoczeniem krokodyla. Penny-pasek, płaska podeszwa.	https://www.italy-shop.eu/Zamszowe-mokasyny-Lancioni-brazowe-p385	https://www.italy-shop.eu/images/ly453/6000-7000/Zamszowe-mokasyny-Lancioni-brazowe_%5B6678%5D_1200.jpg	Federica Lancioni	750.00 PLN	in_stock	385	187	Obuwie	Brązowy	Zamsz	39	new	female	adult			https://www.italy-shop.eu/images/ly453/6000-7000/Zamszowe-mokasyny-Lancioni-brazowe_%5B6644%5D_1200.jpg,https://www.italy-shop.eu/images/ly453/6000-7000/Zamszowe-mokasyny-Lancioni-brazowe_%5B6645%5D_1200.jpg	jesen
385_52_44	Zamszowe mokasyny Lancioni — brązowe	Zamszowe mokasyny Lancioni w ciemnym brązie, z tłoczeniem krokodyla. Penny-pasek, płaska podeszwa.	https://www.italy-shop.eu/Zamszowe-mokasyny-Lancioni-brazowe-p385	https://www.italy-shop.eu/images/ly453/6000-7000/Zamszowe-mokasyny-Lancioni-brazowe_%5B6678%5D_1200.jpg	Federica Lancioni	750.00 PLN	in_stock	385	187	Obuwie	Brązowy	Zamsz	40	new	female	adult			https://www.italy-shop.eu/images/ly453/6000-7000/Zamszowe-mokasyny-Lancioni-brazowe_%5B6644%5D_1200.jpg,https://www.italy-shop.eu/images/ly453/6000-7000/Zamszowe-mokasyny-Lancioni-brazowe_%5B6645%5D_1200.jpg	jesen
385_52_63	Zamszowe mokasyny Lancioni — brązowe	Zamszowe mokasyny Lancioni w ciemnym brązie, z tłoczeniem krokodyla. Penny-pasek, płaska podeszwa.	https://www.italy-shop.eu/Zamszowe-mokasyny-Lancioni-brazowe-p385	https://www.italy-shop.eu/images/ly453/6000-7000/Zamszowe-mokasyny-Lancioni-brazowe_%5B6678%5D_1200.jpg	Federica Lancioni	750.00 PLN	in_stock	385	187	Obuwie	Brązowy	Zamsz	41	new	female	adult			https://www.italy-shop.eu/images/ly453/6000-7000/Zamszowe-mokasyny-Lancioni-brazowe_%5B6644%5D_1200.jpg,https://www.italy-shop.eu/images/ly453/6000-7000/Zamszowe-mokasyny-Lancioni-brazowe_%5B6645%5D_1200.jpg	jesen
384_59_40	Zamszowe mokasyny Lancioni — karmel	Zamszowe mokasyny Lancioni w ciepłym karmelu, z tłoczeniem krokodyla. Penny-pasek, płaska podeszwa.	https://www.italy-shop.eu/Zamszowe-mokasyny-Lancioni-karmel-p384	https://www.italy-shop.eu/images/ly453/6000-7000/Zamszowe-mokasyny-Lancioni-karmel_%5B6671%5D_1200.jpg	Federica Lancioni	750.00 PLN	in_stock	384	187	Obuwie	Karmel	Zamsz	36	new	female	adult			https://www.italy-shop.eu/images/ly453/6000-7000/Zamszowe-mokasyny-Lancioni-karmel_%5B6642%5D_1200.jpg,https://www.italy-shop.eu/images/ly453/6000-7000/Zamszowe-mokasyny-Lancioni-karmel_%5B6640%5D_1200.jpg,https://www.italy-shop.eu/images/ly453/6000-7000/Zamszowe-mokasyny-Lancioni-karmel_%5B6641%5D_1200.jpg	jesen
384_59_41	Zamszowe mokasyny Lancioni — karmel	Zamszowe mokasyny Lancioni w ciepłym karmelu, z tłoczeniem krokodyla. Penny-pasek, płaska podeszwa.	https://www.italy-shop.eu/Zamszowe-mokasyny-Lancioni-karmel-p384	https://www.italy-shop.eu/images/ly453/6000-7000/Zamszowe-mokasyny-Lancioni-karmel_%5B6671%5D_1200.jpg	Federica Lancioni	750.00 PLN	in_stock	384	187	Obuwie	Karmel	Zamsz	37	new	female	adult			https://www.italy-shop.eu/images/ly453/6000-7000/Zamszowe-mokasyny-Lancioni-karmel_%5B6642%5D_1200.jpg,https://www.italy-shop.eu/images/ly453/6000-7000/Zamszowe-mokasyny-Lancioni-karmel_%5B6640%5D_1200.jpg,https://www.italy-shop.eu/images/ly453/6000-7000/Zamszowe-mokasyny-Lancioni-karmel_%5B6641%5D_1200.jpg	jesen
384_59_42	Zamszowe mokasyny Lancioni — karmel	Zamszowe mokasyny Lancioni w ciepłym karmelu, z tłoczeniem krokodyla. Penny-pasek, płaska podeszwa.	https://www.italy-shop.eu/Zamszowe-mokasyny-Lancioni-karmel-p384	https://www.italy-shop.eu/images/ly453/6000-7000/Zamszowe-mokasyny-Lancioni-karmel_%5B6671%5D_1200.jpg	Federica Lancioni	750.00 PLN	in_stock	384	187	Obuwie	Karmel	Zamsz	38	new	female	adult			https://www.italy-shop.eu/images/ly453/6000-7000/Zamszowe-mokasyny-Lancioni-karmel_%5B6642%5D_1200.jpg,https://www.italy-shop.eu/images/ly453/6000-7000/Zamszowe-mokasyny-Lancioni-karmel_%5B6640%5D_1200.jpg,https://www.italy-shop.eu/images/ly453/6000-7000/Zamszowe-mokasyny-Lancioni-karmel_%5B6641%5D_1200.jpg	jesen
384_59_43	Zamszowe mokasyny Lancioni — karmel	Zamszowe mokasyny Lancioni w ciepłym karmelu, z tłoczeniem krokodyla. Penny-pasek, płaska podeszwa.	https://www.italy-shop.eu/Zamszowe-mokasyny-Lancioni-karmel-p384	https://www.italy-shop.eu/images/ly453/6000-7000/Zamszowe-mokasyny-Lancioni-karmel_%5B6671%5D_1200.jpg	Federica Lancioni	750.00 PLN	in_stock	384	187	Obuwie	Karmel	Zamsz	39	new	female	adult			https://www.italy-shop.eu/images/ly453/6000-7000/Zamszowe-mokasyny-Lancioni-karmel_%5B6642%5D_1200.jpg,https://www.italy-shop.eu/images/ly453/6000-7000/Zamszowe-mokasyny-Lancioni-karmel_%5B6640%5D_1200.jpg,https://www.italy-shop.eu/images/ly453/6000-7000/Zamszowe-mokasyny-Lancioni-karmel_%5B6641%5D_1200.jpg	jesen
384_59_44	Zamszowe mokasyny Lancioni — karmel	Zamszowe mokasyny Lancioni w ciepłym karmelu, z tłoczeniem krokodyla. Penny-pasek, płaska podeszwa.	https://www.italy-shop.eu/Zamszowe-mokasyny-Lancioni-karmel-p384	https://www.italy-shop.eu/images/ly453/6000-7000/Zamszowe-mokasyny-Lancioni-karmel_%5B6671%5D_1200.jpg	Federica Lancioni	750.00 PLN	in_stock	384	187	Obuwie	Karmel	Zamsz	40	new	female	adult			https://www.italy-shop.eu/images/ly453/6000-7000/Zamszowe-mokasyny-Lancioni-karmel_%5B6642%5D_1200.jpg,https://www.italy-shop.eu/images/ly453/6000-7000/Zamszowe-mokasyny-Lancioni-karmel_%5B6640%5D_1200.jpg,https://www.italy-shop.eu/images/ly453/6000-7000/Zamszowe-mokasyny-Lancioni-karmel_%5B6641%5D_1200.jpg	jesen
384_59_63	Zamszowe mokasyny Lancioni — karmel	Zamszowe mokasyny Lancioni w ciepłym karmelu, z tłoczeniem krokodyla. Penny-pasek, płaska podeszwa.	https://www.italy-shop.eu/Zamszowe-mokasyny-Lancioni-karmel-p384	https://www.italy-shop.eu/images/ly453/6000-7000/Zamszowe-mokasyny-Lancioni-karmel_%5B6671%5D_1200.jpg	Federica Lancioni	750.00 PLN	in_stock	384	187	Obuwie	Karmel	Zamsz	41	new	female	adult			https://www.italy-shop.eu/images/ly453/6000-7000/Zamszowe-mokasyny-Lancioni-karmel_%5B6642%5D_1200.jpg,https://www.italy-shop.eu/images/ly453/6000-7000/Zamszowe-mokasyny-Lancioni-karmel_%5B6640%5D_1200.jpg,https://www.italy-shop.eu/images/ly453/6000-7000/Zamszowe-mokasyny-Lancioni-karmel_%5B6641%5D_1200.jpg	jesen
388_52_40	Zamszowe mokasyny Lancioni na platformie — brązowe	Zamszowe mokasyny Lancioni na platformie w ciemnym brązie, z tłoczeniem krokodyla. Sznurowanie, gruba podeszwa.	https://www.italy-shop.eu/Zamszowe-mokasyny-Lancioni-na-platformie-brazowe-p388	https://www.italy-shop.eu/images/ly453/6000-7000/Zamszowe-mokasyny-Lancioni-na-platformie-brazowe_%5B6676%5D_1200.jpg	Federica Lancioni	790.00 PLN	in_stock	388	187	Obuwie	Brązowy	Zamsz	36	new	female	adult			https://www.italy-shop.eu/images/ly453/6000-7000/Zamszowe-mokasyny-Lancioni-na-platformie-brazowe_%5B6652%5D_1200.jpg	jesen
388_52_41	Zamszowe mokasyny Lancioni na platformie — brązowe	Zamszowe mokasyny Lancioni na platformie w ciemnym brązie, z tłoczeniem krokodyla. Sznurowanie, gruba podeszwa.	https://www.italy-shop.eu/Zamszowe-mokasyny-Lancioni-na-platformie-brazowe-p388	https://www.italy-shop.eu/images/ly453/6000-7000/Zamszowe-mokasyny-Lancioni-na-platformie-brazowe_%5B6676%5D_1200.jpg	Federica Lancioni	790.00 PLN	in_stock	388	187	Obuwie	Brązowy	Zamsz	37	new	female	adult			https://www.italy-shop.eu/images/ly453/6000-7000/Zamszowe-mokasyny-Lancioni-na-platformie-brazowe_%5B6652%5D_1200.jpg	jesen
388_52_42	Zamszowe mokasyny Lancioni na platformie — brązowe	Zamszowe mokasyny Lancioni na platformie w ciemnym brązie, z tłoczeniem krokodyla. Sznurowanie, gruba podeszwa.	https://www.italy-shop.eu/Zamszowe-mokasyny-Lancioni-na-platformie-brazowe-p388	https://www.italy-shop.eu/images/ly453/6000-7000/Zamszowe-mokasyny-Lancioni-na-platformie-brazowe_%5B6676%5D_1200.jpg	Federica Lancioni	790.00 PLN	in_stock	388	187	Obuwie	Brązowy	Zamsz	38	new	female	adult			https://www.italy-shop.eu/images/ly453/6000-7000/Zamszowe-mokasyny-Lancioni-na-platformie-brazowe_%5B6652%5D_1200.jpg	jesen
388_52_43	Zamszowe mokasyny Lancioni na platformie — brązowe	Zamszowe mokasyny Lancioni na platformie w ciemnym brązie, z tłoczeniem krokodyla. Sznurowanie, gruba podeszwa.	https://www.italy-shop.eu/Zamszowe-mokasyny-Lancioni-na-platformie-brazowe-p388	https://www.italy-shop.eu/images/ly453/6000-7000/Zamszowe-mokasyny-Lancioni-na-platformie-brazowe_%5B6676%5D_1200.jpg	Federica Lancioni	790.00 PLN	in_stock	388	187	Obuwie	Brązowy	Zamsz	39	new	female	adult			https://www.italy-shop.eu/images/ly453/6000-7000/Zamszowe-mokasyny-Lancioni-na-platformie-brazowe_%5B6652%5D_1200.jpg	jesen
388_52_44	Zamszowe mokasyny Lancioni na platformie — brązowe	Zamszowe mokasyny Lancioni na platformie w ciemnym brązie, z tłoczeniem krokodyla. Sznurowanie, gruba podeszwa.	https://www.italy-shop.eu/Zamszowe-mokasyny-Lancioni-na-platformie-brazowe-p388	https://www.italy-shop.eu/images/ly453/6000-7000/Zamszowe-mokasyny-Lancioni-na-platformie-brazowe_%5B6676%5D_1200.jpg	Federica Lancioni	790.00 PLN	in_stock	388	187	Obuwie	Brązowy	Zamsz	40	new	female	adult			https://www.italy-shop.eu/images/ly453/6000-7000/Zamszowe-mokasyny-Lancioni-na-platformie-brazowe_%5B6652%5D_1200.jpg	jesen
388_52_63	Zamszowe mokasyny Lancioni na platformie — brązowe	Zamszowe mokasyny Lancioni na platformie w ciemnym brązie, z tłoczeniem krokodyla. Sznurowanie, gruba podeszwa.	https://www.italy-shop.eu/Zamszowe-mokasyny-Lancioni-na-platformie-brazowe-p388	https://www.italy-shop.eu/images/ly453/6000-7000/Zamszowe-mokasyny-Lancioni-na-platformie-brazowe_%5B6676%5D_1200.jpg	Federica Lancioni	790.00 PLN	in_stock	388	187	Obuwie	Brązowy	Zamsz	41	new	female	adult			https://www.italy-shop.eu/images/ly453/6000-7000/Zamszowe-mokasyny-Lancioni-na-platformie-brazowe_%5B6652%5D_1200.jpg	jesen
386_72_40	Zamszowe mokasyny Lancioni na platformie — taupe	Zamszowe mokasyny Lancioni na platformie w kolorze taupe, z tłoczeniem krokodyla. Sznurowanie, gruba podeszwa.	https://www.italy-shop.eu/Zamszowe-mokasyny-Lancioni-na-platformie-taupe-p386	https://www.italy-shop.eu/images/ly453/6000-7000/Zamszowe-mokasyny-Lancioni-na-platformie-taupe_%5B6670%5D_1200.jpg	Federica Lancioni	790.00 PLN	in_stock	386	187	Obuwie	Taupe	Zamsz	36	new	female	adult			https://www.italy-shop.eu/images/ly453/6000-7000/Zamszowe-mokasyny-Lancioni-na-platformie-taupe_%5B6648%5D_1200.jpg,https://www.italy-shop.eu/images/ly453/6000-7000/Zamszowe-mokasyny-Lancioni-na-platformie-taupe_%5B6646%5D_1200.jpg	jesen
386_72_41	Zamszowe mokasyny Lancioni na platformie — taupe	Zamszowe mokasyny Lancioni na platformie w kolorze taupe, z tłoczeniem krokodyla. Sznurowanie, gruba podeszwa.	https://www.italy-shop.eu/Zamszowe-mokasyny-Lancioni-na-platformie-taupe-p386	https://www.italy-shop.eu/images/ly453/6000-7000/Zamszowe-mokasyny-Lancioni-na-platformie-taupe_%5B6670%5D_1200.jpg	Federica Lancioni	790.00 PLN	in_stock	386	187	Obuwie	Taupe	Zamsz	37	new	female	adult			https://www.italy-shop.eu/images/ly453/6000-7000/Zamszowe-mokasyny-Lancioni-na-platformie-taupe_%5B6648%5D_1200.jpg,https://www.italy-shop.eu/images/ly453/6000-7000/Zamszowe-mokasyny-Lancioni-na-platformie-taupe_%5B6646%5D_1200.jpg	jesen
386_72_42	Zamszowe mokasyny Lancioni na platformie — taupe	Zamszowe mokasyny Lancioni na platformie w kolorze taupe, z tłoczeniem krokodyla. Sznurowanie, gruba podeszwa.	https://www.italy-shop.eu/Zamszowe-mokasyny-Lancioni-na-platformie-taupe-p386	https://www.italy-shop.eu/images/ly453/6000-7000/Zamszowe-mokasyny-Lancioni-na-platformie-taupe_%5B6670%5D_1200.jpg	Federica Lancioni	790.00 PLN	in_stock	386	187	Obuwie	Taupe	Zamsz	38	new	female	adult			https://www.italy-shop.eu/images/ly453/6000-7000/Zamszowe-mokasyny-Lancioni-na-platformie-taupe_%5B6648%5D_1200.jpg,https://www.italy-shop.eu/images/ly453/6000-7000/Zamszowe-mokasyny-Lancioni-na-platformie-taupe_%5B6646%5D_1200.jpg	jesen
386_72_43	Zamszowe mokasyny Lancioni na platformie — taupe	Zamszowe mokasyny Lancioni na platformie w kolorze taupe, z tłoczeniem krokodyla. Sznurowanie, gruba podeszwa.	https://www.italy-shop.eu/Zamszowe-mokasyny-Lancioni-na-platformie-taupe-p386	https://www.italy-shop.eu/images/ly453/6000-7000/Zamszowe-mokasyny-Lancioni-na-platformie-taupe_%5B6670%5D_1200.jpg	Federica Lancioni	790.00 PLN	in_stock	386	187	Obuwie	Taupe	Zamsz	39	new	female	adult			https://www.italy-shop.eu/images/ly453/6000-7000/Zamszowe-mokasyny-Lancioni-na-platformie-taupe_%5B6648%5D_1200.jpg,https://www.italy-shop.eu/images/ly453/6000-7000/Zamszowe-mokasyny-Lancioni-na-platformie-taupe_%5B6646%5D_1200.jpg	jesen
386_72_44	Zamszowe mokasyny Lancioni na platformie — taupe	Zamszowe mokasyny Lancioni na platformie w kolorze taupe, z tłoczeniem krokodyla. Sznurowanie, gruba podeszwa.	https://www.italy-shop.eu/Zamszowe-mokasyny-Lancioni-na-platformie-taupe-p386	https://www.italy-shop.eu/images/ly453/6000-7000/Zamszowe-mokasyny-Lancioni-na-platformie-taupe_%5B6670%5D_1200.jpg	Federica Lancioni	790.00 PLN	in_stock	386	187	Obuwie	Taupe	Zamsz	40	new	female	adult			https://www.italy-shop.eu/images/ly453/6000-7000/Zamszowe-mokasyny-Lancioni-na-platformie-taupe_%5B6648%5D_1200.jpg,https://www.italy-shop.eu/images/ly453/6000-7000/Zamszowe-mokasyny-Lancioni-na-platformie-taupe_%5B6646%5D_1200.jpg	jesen
386_72_63	Zamszowe mokasyny Lancioni na platformie — taupe	Zamszowe mokasyny Lancioni na platformie w kolorze taupe, z tłoczeniem krokodyla. Sznurowanie, gruba podeszwa.	https://www.italy-shop.eu/Zamszowe-mokasyny-Lancioni-na-platformie-taupe-p386	https://www.italy-shop.eu/images/ly453/6000-7000/Zamszowe-mokasyny-Lancioni-na-platformie-taupe_%5B6670%5D_1200.jpg	Federica Lancioni	790.00 PLN	in_stock	386	187	Obuwie	Taupe	Zamsz	41	new	female	adult			https://www.italy-shop.eu/images/ly453/6000-7000/Zamszowe-mokasyny-Lancioni-na-platformie-taupe_%5B6648%5D_1200.jpg,https://www.italy-shop.eu/images/ly453/6000-7000/Zamszowe-mokasyny-Lancioni-na-platformie-taupe_%5B6646%5D_1200.jpg	jesen
387_48_40	Zamszowe mokasyny Lancioni na platformie — zielone	Zamszowe mokasyny Lancioni na platformie w zieleni khaki, z tłoczeniem krokodyla. Sznurowanie, gruba podeszwa.	https://www.italy-shop.eu/Zamszowe-mokasyny-Lancioni-na-platformie-zielone-p387	https://www.italy-shop.eu/images/ly453/6000-7000/Zamszowe-mokasyny-Lancioni-na-platformie-zielone_%5B6677%5D_1200.jpg	Federica Lancioni	790.00 PLN	in_stock	387	187	Obuwie	Zielony	Zamsz	36	new	female	adult			https://www.italy-shop.eu/images/ly453/6000-7000/Zamszowe-mokasyny-Lancioni-na-platformie-zielone_%5B6649%5D_1200.jpg,https://www.italy-shop.eu/images/ly453/6000-7000/Zamszowe-mokasyny-Lancioni-na-platformie-zielone_%5B6650%5D_1200.jpg,https://www.italy-shop.eu/images/ly453/6000-7000/Zamszowe-mokasyny-Lancioni-na-platformie-zielone_%5B6651%5D_1200.jpg	jesen
387_48_41	Zamszowe mokasyny Lancioni na platformie — zielone	Zamszowe mokasyny Lancioni na platformie w zieleni khaki, z tłoczeniem krokodyla. Sznurowanie, gruba podeszwa.	https://www.italy-shop.eu/Zamszowe-mokasyny-Lancioni-na-platformie-zielone-p387	https://www.italy-shop.eu/images/ly453/6000-7000/Zamszowe-mokasyny-Lancioni-na-platformie-zielone_%5B6677%5D_1200.jpg	Federica Lancioni	790.00 PLN	in_stock	387	187	Obuwie	Zielony	Zamsz	37	new	female	adult			https://www.italy-shop.eu/images/ly453/6000-7000/Zamszowe-mokasyny-Lancioni-na-platformie-zielone_%5B6649%5D_1200.jpg,https://www.italy-shop.eu/images/ly453/6000-7000/Zamszowe-mokasyny-Lancioni-na-platformie-zielone_%5B6650%5D_1200.jpg,https://www.italy-shop.eu/images/ly453/6000-7000/Zamszowe-mokasyny-Lancioni-na-platformie-zielone_%5B6651%5D_1200.jpg	jesen
387_48_42	Zamszowe mokasyny Lancioni na platformie — zielone	Zamszowe mokasyny Lancioni na platformie w zieleni khaki, z tłoczeniem krokodyla. Sznurowanie, gruba podeszwa.	https://www.italy-shop.eu/Zamszowe-mokasyny-Lancioni-na-platformie-zielone-p387	https://www.italy-shop.eu/images/ly453/6000-7000/Zamszowe-mokasyny-Lancioni-na-platformie-zielone_%5B6677%5D_1200.jpg	Federica Lancioni	790.00 PLN	in_stock	387	187	Obuwie	Zielony	Zamsz	38	new	female	adult			https://www.italy-shop.eu/images/ly453/6000-7000/Zamszowe-mokasyny-Lancioni-na-platformie-zielone_%5B6649%5D_1200.jpg,https://www.italy-shop.eu/images/ly453/6000-7000/Zamszowe-mokasyny-Lancioni-na-platformie-zielone_%5B6650%5D_1200.jpg,https://www.italy-shop.eu/images/ly453/6000-7000/Zamszowe-mokasyny-Lancioni-na-platformie-zielone_%5B6651%5D_1200.jpg	jesen
387_48_43	Zamszowe mokasyny Lancioni na platformie — zielone	Zamszowe mokasyny Lancioni na platformie w zieleni khaki, z tłoczeniem krokodyla. Sznurowanie, gruba podeszwa.	https://www.italy-shop.eu/Zamszowe-mokasyny-Lancioni-na-platformie-zielone-p387	https://www.italy-shop.eu/images/ly453/6000-7000/Zamszowe-mokasyny-Lancioni-na-platformie-zielone_%5B6677%5D_1200.jpg	Federica Lancioni	790.00 PLN	in_stock	387	187	Obuwie	Zielony	Zamsz	39	new	female	adult			https://www.italy-shop.eu/images/ly453/6000-7000/Zamszowe-mokasyny-Lancioni-na-platformie-zielone_%5B6649%5D_1200.jpg,https://www.italy-shop.eu/images/ly453/6000-7000/Zamszowe-mokasyny-Lancioni-na-platformie-zielone_%5B6650%5D_1200.jpg,https://www.italy-shop.eu/images/ly453/6000-7000/Zamszowe-mokasyny-Lancioni-na-platformie-zielone_%5B6651%5D_1200.jpg	jesen
387_48_44	Zamszowe mokasyny Lancioni na platformie — zielone	Zamszowe mokasyny Lancioni na platformie w zieleni khaki, z tłoczeniem krokodyla. Sznurowanie, gruba podeszwa.	https://www.italy-shop.eu/Zamszowe-mokasyny-Lancioni-na-platformie-zielone-p387	https://www.italy-shop.eu/images/ly453/6000-7000/Zamszowe-mokasyny-Lancioni-na-platformie-zielone_%5B6677%5D_1200.jpg	Federica Lancioni	790.00 PLN	in_stock	387	187	Obuwie	Zielony	Zamsz	40	new	female	adult			https://www.italy-shop.eu/images/ly453/6000-7000/Zamszowe-mokasyny-Lancioni-na-platformie-zielone_%5B6649%5D_1200.jpg,https://www.italy-shop.eu/images/ly453/6000-7000/Zamszowe-mokasyny-Lancioni-na-platformie-zielone_%5B6650%5D_1200.jpg,https://www.italy-shop.eu/images/ly453/6000-7000/Zamszowe-mokasyny-Lancioni-na-platformie-zielone_%5B6651%5D_1200.jpg	jesen
387_48_63	Zamszowe mokasyny Lancioni na platformie — zielone	Zamszowe mokasyny Lancioni na platformie w zieleni khaki, z tłoczeniem krokodyla. Sznurowanie, gruba podeszwa.	https://www.italy-shop.eu/Zamszowe-mokasyny-Lancioni-na-platformie-zielone-p387	https://www.italy-shop.eu/images/ly453/6000-7000/Zamszowe-mokasyny-Lancioni-na-platformie-zielone_%5B6677%5D_1200.jpg	Federica Lancioni	790.00 PLN	in_stock	387	187	Obuwie	Zielony	Zamsz	41	new	female	adult			https://www.italy-shop.eu/images/ly453/6000-7000/Zamszowe-mokasyny-Lancioni-na-platformie-zielone_%5B6649%5D_1200.jpg,https://www.italy-shop.eu/images/ly453/6000-7000/Zamszowe-mokasyny-Lancioni-na-platformie-zielone_%5B6650%5D_1200.jpg,https://www.italy-shop.eu/images/ly453/6000-7000/Zamszowe-mokasyny-Lancioni-na-platformie-zielone_%5B6651%5D_1200.jpg	jesen
405_52_40	Zamszowe mokasyny Spaziomoda — brązowe	Zamszowe mokasyny Spaziomoda w brązie ze złotą ozdobą. Naturalny zamsz, na platformie, zaokrąglony nosek.	https://www.italy-shop.eu/Zamszowe-mokasyny-Spaziomoda-brazowe-p405	https://www.italy-shop.eu/images/ly453/6000-7000/Zamszowe-mokasyny-Spaziomoda-brazowe_%5B6730%5D_1200.jpg	Spaziomoda	990.00 PLN	in_stock	405	187	Obuwie	Brązowy	Zamsz	36	new	female	adult			https://www.italy-shop.eu/images/ly453/6000-7000/Zamszowe-mokasyny-Spaziomoda-brazowe_%5B6729%5D_1200.jpg,https://www.italy-shop.eu/images/ly453/6000-7000/Zamszowe-mokasyny-Spaziomoda-brazowe_%5B6730%5D_1200.jpg	jesen
405_52_41	Zamszowe mokasyny Spaziomoda — brązowe	Zamszowe mokasyny Spaziomoda w brązie ze złotą ozdobą. Naturalny zamsz, na platformie, zaokrąglony nosek.	https://www.italy-shop.eu/Zamszowe-mokasyny-Spaziomoda-brazowe-p405	https://www.italy-shop.eu/images/ly453/6000-7000/Zamszowe-mokasyny-Spaziomoda-brazowe_%5B6730%5D_1200.jpg	Spaziomoda	990.00 PLN	in_stock	405	187	Obuwie	Brązowy	Zamsz	37	new	female	adult			https://www.italy-shop.eu/images/ly453/6000-7000/Zamszowe-mokasyny-Spaziomoda-brazowe_%5B6729%5D_1200.jpg,https://www.italy-shop.eu/images/ly453/6000-7000/Zamszowe-mokasyny-Spaziomoda-brazowe_%5B6730%5D_1200.jpg	jesen
405_52_42	Zamszowe mokasyny Spaziomoda — brązowe	Zamszowe mokasyny Spaziomoda w brązie ze złotą ozdobą. Naturalny zamsz, na platformie, zaokrąglony nosek.	https://www.italy-shop.eu/Zamszowe-mokasyny-Spaziomoda-brazowe-p405	https://www.italy-shop.eu/images/ly453/6000-7000/Zamszowe-mokasyny-Spaziomoda-brazowe_%5B6730%5D_1200.jpg	Spaziomoda	990.00 PLN	in_stock	405	187	Obuwie	Brązowy	Zamsz	38	new	female	adult			https://www.italy-shop.eu/images/ly453/6000-7000/Zamszowe-mokasyny-Spaziomoda-brazowe_%5B6729%5D_1200.jpg,https://www.italy-shop.eu/images/ly453/6000-7000/Zamszowe-mokasyny-Spaziomoda-brazowe_%5B6730%5D_1200.jpg	jesen
405_52_43	Zamszowe mokasyny Spaziomoda — brązowe	Zamszowe mokasyny Spaziomoda w brązie ze złotą ozdobą. Naturalny zamsz, na platformie, zaokrąglony nosek.	https://www.italy-shop.eu/Zamszowe-mokasyny-Spaziomoda-brazowe-p405	https://www.italy-shop.eu/images/ly453/6000-7000/Zamszowe-mokasyny-Spaziomoda-brazowe_%5B6730%5D_1200.jpg	Spaziomoda	990.00 PLN	in_stock	405	187	Obuwie	Brązowy	Zamsz	39	new	female	adult			https://www.italy-shop.eu/images/ly453/6000-7000/Zamszowe-mokasyny-Spaziomoda-brazowe_%5B6729%5D_1200.jpg,https://www.italy-shop.eu/images/ly453/6000-7000/Zamszowe-mokasyny-Spaziomoda-brazowe_%5B6730%5D_1200.jpg	jesen
405_52_44	Zamszowe mokasyny Spaziomoda — brązowe	Zamszowe mokasyny Spaziomoda w brązie ze złotą ozdobą. Naturalny zamsz, na platformie, zaokrąglony nosek.	https://www.italy-shop.eu/Zamszowe-mokasyny-Spaziomoda-brazowe-p405	https://www.italy-shop.eu/images/ly453/6000-7000/Zamszowe-mokasyny-Spaziomoda-brazowe_%5B6730%5D_1200.jpg	Spaziomoda	990.00 PLN	in_stock	405	187	Obuwie	Brązowy	Zamsz	40	new	female	adult			https://www.italy-shop.eu/images/ly453/6000-7000/Zamszowe-mokasyny-Spaziomoda-brazowe_%5B6729%5D_1200.jpg,https://www.italy-shop.eu/images/ly453/6000-7000/Zamszowe-mokasyny-Spaziomoda-brazowe_%5B6730%5D_1200.jpg	jesen
405_52_63	Zamszowe mokasyny Spaziomoda — brązowe	Zamszowe mokasyny Spaziomoda w brązie ze złotą ozdobą. Naturalny zamsz, na platformie, zaokrąglony nosek.	https://www.italy-shop.eu/Zamszowe-mokasyny-Spaziomoda-brazowe-p405	https://www.italy-shop.eu/images/ly453/6000-7000/Zamszowe-mokasyny-Spaziomoda-brazowe_%5B6730%5D_1200.jpg	Spaziomoda	990.00 PLN	in_stock	405	187	Obuwie	Brązowy	Zamsz	41	new	female	adult			https://www.italy-shop.eu/images/ly453/6000-7000/Zamszowe-mokasyny-Spaziomoda-brazowe_%5B6729%5D_1200.jpg,https://www.italy-shop.eu/images/ly453/6000-7000/Zamszowe-mokasyny-Spaziomoda-brazowe_%5B6730%5D_1200.jpg	jesen
429_52_40	Zamszowe oficerki Lestrosa — brązowe	Zamszowe oficerki Lestrosa w brązie: wysokie kozaki do kolana na płaskiej podeszwie, nakładka w stylu jeździeckim.	https://www.italy-shop.eu/Zamszowe-oficerki-Lestrosa-brazowe-p429	https://www.italy-shop.eu/images/ly453/6000-7000/Zamszowe-oficerki-Lestrosa-brazowe_%5B6995%5D_1200.jpg	Lestrosa	1200.00 PLN	in_stock	429	187	Obuwie	Brązowy	Zamsz	36	new	female	adult			https://www.italy-shop.eu/images/ly453/6000-7000/Zamszowe-oficerki-Lestrosa-brazowe_%5B6994%5D_1200.jpg,https://www.italy-shop.eu/images/ly453/6000-7000/Zamszowe-oficerki-Lestrosa-brazowe_%5B6993%5D_1200.jpg,https://www.italy-shop.eu/images/ly453/7000-8000/Zamszowe-oficerki-Lestrosa-brazowe_%5B7005%5D_1200.jpg	jesen
429_52_41	Zamszowe oficerki Lestrosa — brązowe	Zamszowe oficerki Lestrosa w brązie: wysokie kozaki do kolana na płaskiej podeszwie, nakładka w stylu jeździeckim.	https://www.italy-shop.eu/Zamszowe-oficerki-Lestrosa-brazowe-p429	https://www.italy-shop.eu/images/ly453/6000-7000/Zamszowe-oficerki-Lestrosa-brazowe_%5B6995%5D_1200.jpg	Lestrosa	1200.00 PLN	in_stock	429	187	Obuwie	Brązowy	Zamsz	37	new	female	adult			https://www.italy-shop.eu/images/ly453/6000-7000/Zamszowe-oficerki-Lestrosa-brazowe_%5B6994%5D_1200.jpg,https://www.italy-shop.eu/images/ly453/6000-7000/Zamszowe-oficerki-Lestrosa-brazowe_%5B6993%5D_1200.jpg,https://www.italy-shop.eu/images/ly453/7000-8000/Zamszowe-oficerki-Lestrosa-brazowe_%5B7005%5D_1200.jpg	jesen
429_52_42	Zamszowe oficerki Lestrosa — brązowe	Zamszowe oficerki Lestrosa w brązie: wysokie kozaki do kolana na płaskiej podeszwie, nakładka w stylu jeździeckim.	https://www.italy-shop.eu/Zamszowe-oficerki-Lestrosa-brazowe-p429	https://www.italy-shop.eu/images/ly453/6000-7000/Zamszowe-oficerki-Lestrosa-brazowe_%5B6995%5D_1200.jpg	Lestrosa	1200.00 PLN	in_stock	429	187	Obuwie	Brązowy	Zamsz	38	new	female	adult			https://www.italy-shop.eu/images/ly453/6000-7000/Zamszowe-oficerki-Lestrosa-brazowe_%5B6994%5D_1200.jpg,https://www.italy-shop.eu/images/ly453/6000-7000/Zamszowe-oficerki-Lestrosa-brazowe_%5B6993%5D_1200.jpg,https://www.italy-shop.eu/images/ly453/7000-8000/Zamszowe-oficerki-Lestrosa-brazowe_%5B7005%5D_1200.jpg	jesen
429_52_43	Zamszowe oficerki Lestrosa — brązowe	Zamszowe oficerki Lestrosa w brązie: wysokie kozaki do kolana na płaskiej podeszwie, nakładka w stylu jeździeckim.	https://www.italy-shop.eu/Zamszowe-oficerki-Lestrosa-brazowe-p429	https://www.italy-shop.eu/images/ly453/6000-7000/Zamszowe-oficerki-Lestrosa-brazowe_%5B6995%5D_1200.jpg	Lestrosa	1200.00 PLN	in_stock	429	187	Obuwie	Brązowy	Zamsz	39	new	female	adult			https://www.italy-shop.eu/images/ly453/6000-7000/Zamszowe-oficerki-Lestrosa-brazowe_%5B6994%5D_1200.jpg,https://www.italy-shop.eu/images/ly453/6000-7000/Zamszowe-oficerki-Lestrosa-brazowe_%5B6993%5D_1200.jpg,https://www.italy-shop.eu/images/ly453/7000-8000/Zamszowe-oficerki-Lestrosa-brazowe_%5B7005%5D_1200.jpg	jesen
429_52_44	Zamszowe oficerki Lestrosa — brązowe	Zamszowe oficerki Lestrosa w brązie: wysokie kozaki do kolana na płaskiej podeszwie, nakładka w stylu jeździeckim.	https://www.italy-shop.eu/Zamszowe-oficerki-Lestrosa-brazowe-p429	https://www.italy-shop.eu/images/ly453/6000-7000/Zamszowe-oficerki-Lestrosa-brazowe_%5B6995%5D_1200.jpg	Lestrosa	1200.00 PLN	in_stock	429	187	Obuwie	Brązowy	Zamsz	40	new	female	adult			https://www.italy-shop.eu/images/ly453/6000-7000/Zamszowe-oficerki-Lestrosa-brazowe_%5B6994%5D_1200.jpg,https://www.italy-shop.eu/images/ly453/6000-7000/Zamszowe-oficerki-Lestrosa-brazowe_%5B6993%5D_1200.jpg,https://www.italy-shop.eu/images/ly453/7000-8000/Zamszowe-oficerki-Lestrosa-brazowe_%5B7005%5D_1200.jpg	jesen
389_52_40	Zamszowe sneakersy Lancioni Lea — brązowe	Zamszowe sneakersy Lancioni Lea w ciemnym brązie, retro krój. Wstawki z tłoczeniem krokodyla, gumowa podeszwa.	https://www.italy-shop.eu/Zamszowe-sneakersy-Lancioni-Lea-brazowe-p389	https://www.italy-shop.eu/images/ly453/6000-7000/Zamszowe-sneakersy-Lancioni-Lea-brazowe_%5B6668%5D_1200.jpg	Federica Lancioni	690.00 PLN	in_stock	389	187	Obuwie	Brązowy	Zamsz	36	new	female	adult			https://www.italy-shop.eu/images/ly453/6000-7000/Zamszowe-sneakersy-Lancioni-Lea-brazowe_%5B6669%5D_1200.jpg,https://www.italy-shop.eu/images/ly453/6000-7000/Zamszowe-sneakersy-Lancioni-Lea-brazowe_%5B6653%5D_1200.jpg,https://www.italy-shop.eu/images/ly453/6000-7000/Zamszowe-sneakersy-Lancioni-Lea-brazowe_%5B6655%5D_1200.jpg,https://www.italy-shop.eu/images/ly453/6000-7000/Zamszowe-sneakersy-Lancioni-Lea-brazowe_%5B6654%5D_1200.jpg	jesen
389_52_41	Zamszowe sneakersy Lancioni Lea — brązowe	Zamszowe sneakersy Lancioni Lea w ciemnym brązie, retro krój. Wstawki z tłoczeniem krokodyla, gumowa podeszwa.	https://www.italy-shop.eu/Zamszowe-sneakersy-Lancioni-Lea-brazowe-p389	https://www.italy-shop.eu/images/ly453/6000-7000/Zamszowe-sneakersy-Lancioni-Lea-brazowe_%5B6668%5D_1200.jpg	Federica Lancioni	690.00 PLN	in_stock	389	187	Obuwie	Brązowy	Zamsz	37	new	female	adult			https://www.italy-shop.eu/images/ly453/6000-7000/Zamszowe-sneakersy-Lancioni-Lea-brazowe_%5B6669%5D_1200.jpg,https://www.italy-shop.eu/images/ly453/6000-7000/Zamszowe-sneakersy-Lancioni-Lea-brazowe_%5B6653%5D_1200.jpg,https://www.italy-shop.eu/images/ly453/6000-7000/Zamszowe-sneakersy-Lancioni-Lea-brazowe_%5B6655%5D_1200.jpg,https://www.italy-shop.eu/images/ly453/6000-7000/Zamszowe-sneakersy-Lancioni-Lea-brazowe_%5B6654%5D_1200.jpg	jesen
389_52_42	Zamszowe sneakersy Lancioni Lea — brązowe	Zamszowe sneakersy Lancioni Lea w ciemnym brązie, retro krój. Wstawki z tłoczeniem krokodyla, gumowa podeszwa.	https://www.italy-shop.eu/Zamszowe-sneakersy-Lancioni-Lea-brazowe-p389	https://www.italy-shop.eu/images/ly453/6000-7000/Zamszowe-sneakersy-Lancioni-Lea-brazowe_%5B6668%5D_1200.jpg	Federica Lancioni	690.00 PLN	in_stock	389	187	Obuwie	Brązowy	Zamsz	38	new	female	adult			https://www.italy-shop.eu/images/ly453/6000-7000/Zamszowe-sneakersy-Lancioni-Lea-brazowe_%5B6669%5D_1200.jpg,https://www.italy-shop.eu/images/ly453/6000-7000/Zamszowe-sneakersy-Lancioni-Lea-brazowe_%5B6653%5D_1200.jpg,https://www.italy-shop.eu/images/ly453/6000-7000/Zamszowe-sneakersy-Lancioni-Lea-brazowe_%5B6655%5D_1200.jpg,https://www.italy-shop.eu/images/ly453/6000-7000/Zamszowe-sneakersy-Lancioni-Lea-brazowe_%5B6654%5D_1200.jpg	jesen
389_52_43	Zamszowe sneakersy Lancioni Lea — brązowe	Zamszowe sneakersy Lancioni Lea w ciemnym brązie, retro krój. Wstawki z tłoczeniem krokodyla, gumowa podeszwa.	https://www.italy-shop.eu/Zamszowe-sneakersy-Lancioni-Lea-brazowe-p389	https://www.italy-shop.eu/images/ly453/6000-7000/Zamszowe-sneakersy-Lancioni-Lea-brazowe_%5B6668%5D_1200.jpg	Federica Lancioni	690.00 PLN	in_stock	389	187	Obuwie	Brązowy	Zamsz	39	new	female	adult			https://www.italy-shop.eu/images/ly453/6000-7000/Zamszowe-sneakersy-Lancioni-Lea-brazowe_%5B6669%5D_1200.jpg,https://www.italy-shop.eu/images/ly453/6000-7000/Zamszowe-sneakersy-Lancioni-Lea-brazowe_%5B6653%5D_1200.jpg,https://www.italy-shop.eu/images/ly453/6000-7000/Zamszowe-sneakersy-Lancioni-Lea-brazowe_%5B6655%5D_1200.jpg,https://www.italy-shop.eu/images/ly453/6000-7000/Zamszowe-sneakersy-Lancioni-Lea-brazowe_%5B6654%5D_1200.jpg	jesen
389_52_44	Zamszowe sneakersy Lancioni Lea — brązowe	Zamszowe sneakersy Lancioni Lea w ciemnym brązie, retro krój. Wstawki z tłoczeniem krokodyla, gumowa podeszwa.	https://www.italy-shop.eu/Zamszowe-sneakersy-Lancioni-Lea-brazowe-p389	https://www.italy-shop.eu/images/ly453/6000-7000/Zamszowe-sneakersy-Lancioni-Lea-brazowe_%5B6668%5D_1200.jpg	Federica Lancioni	690.00 PLN	in_stock	389	187	Obuwie	Brązowy	Zamsz	40	new	female	adult			https://www.italy-shop.eu/images/ly453/6000-7000/Zamszowe-sneakersy-Lancioni-Lea-brazowe_%5B6669%5D_1200.jpg,https://www.italy-shop.eu/images/ly453/6000-7000/Zamszowe-sneakersy-Lancioni-Lea-brazowe_%5B6653%5D_1200.jpg,https://www.italy-shop.eu/images/ly453/6000-7000/Zamszowe-sneakersy-Lancioni-Lea-brazowe_%5B6655%5D_1200.jpg,https://www.italy-shop.eu/images/ly453/6000-7000/Zamszowe-sneakersy-Lancioni-Lea-brazowe_%5B6654%5D_1200.jpg	jesen
389_52_63	Zamszowe sneakersy Lancioni Lea — brązowe	Zamszowe sneakersy Lancioni Lea w ciemnym brązie, retro krój. Wstawki z tłoczeniem krokodyla, gumowa podeszwa.	https://www.italy-shop.eu/Zamszowe-sneakersy-Lancioni-Lea-brazowe-p389	https://www.italy-shop.eu/images/ly453/6000-7000/Zamszowe-sneakersy-Lancioni-Lea-brazowe_%5B6668%5D_1200.jpg	Federica Lancioni	690.00 PLN	in_stock	389	187	Obuwie	Brązowy	Zamsz	41	new	female	adult			https://www.italy-shop.eu/images/ly453/6000-7000/Zamszowe-sneakersy-Lancioni-Lea-brazowe_%5B6669%5D_1200.jpg,https://www.italy-shop.eu/images/ly453/6000-7000/Zamszowe-sneakersy-Lancioni-Lea-brazowe_%5B6653%5D_1200.jpg,https://www.italy-shop.eu/images/ly453/6000-7000/Zamszowe-sneakersy-Lancioni-Lea-brazowe_%5B6655%5D_1200.jpg,https://www.italy-shop.eu/images/ly453/6000-7000/Zamszowe-sneakersy-Lancioni-Lea-brazowe_%5B6654%5D_1200.jpg	jesen
390_59_40	Zamszowe sneakersy Lancioni Lea — karmel	Zamszowe sneakersy Lancioni Lea w karmelu, retro krój. Wstawki z tłoczeniem krokodyla, gumowa podeszwa.	https://www.italy-shop.eu/Zamszowe-sneakersy-Lancioni-Lea-karmel-p390	https://www.italy-shop.eu/images/ly453/6000-7000/Zamszowe-sneakersy-Lancioni-Lea-karmel_%5B6675%5D_1200.jpg	Federica Lancioni	690.00 PLN	in_stock	390	187	Obuwie	Karmel	Zamsz	36	new	female	adult			https://www.italy-shop.eu/images/ly453/6000-7000/Zamszowe-sneakersy-Lancioni-Lea-karmel_%5B6656%5D_1200.jpg,https://www.italy-shop.eu/images/ly453/6000-7000/Zamszowe-sneakersy-Lancioni-Lea-karmel_%5B6884%5D_1200.jpg	jesen
390_59_41	Zamszowe sneakersy Lancioni Lea — karmel	Zamszowe sneakersy Lancioni Lea w karmelu, retro krój. Wstawki z tłoczeniem krokodyla, gumowa podeszwa.	https://www.italy-shop.eu/Zamszowe-sneakersy-Lancioni-Lea-karmel-p390	https://www.italy-shop.eu/images/ly453/6000-7000/Zamszowe-sneakersy-Lancioni-Lea-karmel_%5B6675%5D_1200.jpg	Federica Lancioni	690.00 PLN	in_stock	390	187	Obuwie	Karmel	Zamsz	37	new	female	adult			https://www.italy-shop.eu/images/ly453/6000-7000/Zamszowe-sneakersy-Lancioni-Lea-karmel_%5B6656%5D_1200.jpg,https://www.italy-shop.eu/images/ly453/6000-7000/Zamszowe-sneakersy-Lancioni-Lea-karmel_%5B6884%5D_1200.jpg	jesen
390_59_42	Zamszowe sneakersy Lancioni Lea — karmel	Zamszowe sneakersy Lancioni Lea w karmelu, retro krój. Wstawki z tłoczeniem krokodyla, gumowa podeszwa.	https://www.italy-shop.eu/Zamszowe-sneakersy-Lancioni-Lea-karmel-p390	https://www.italy-shop.eu/images/ly453/6000-7000/Zamszowe-sneakersy-Lancioni-Lea-karmel_%5B6675%5D_1200.jpg	Federica Lancioni	690.00 PLN	in_stock	390	187	Obuwie	Karmel	Zamsz	38	new	female	adult			https://www.italy-shop.eu/images/ly453/6000-7000/Zamszowe-sneakersy-Lancioni-Lea-karmel_%5B6656%5D_1200.jpg,https://www.italy-shop.eu/images/ly453/6000-7000/Zamszowe-sneakersy-Lancioni-Lea-karmel_%5B6884%5D_1200.jpg	jesen
390_59_43	Zamszowe sneakersy Lancioni Lea — karmel	Zamszowe sneakersy Lancioni Lea w karmelu, retro krój. Wstawki z tłoczeniem krokodyla, gumowa podeszwa.	https://www.italy-shop.eu/Zamszowe-sneakersy-Lancioni-Lea-karmel-p390	https://www.italy-shop.eu/images/ly453/6000-7000/Zamszowe-sneakersy-Lancioni-Lea-karmel_%5B6675%5D_1200.jpg	Federica Lancioni	690.00 PLN	in_stock	390	187	Obuwie	Karmel	Zamsz	39	new	female	adult			https://www.italy-shop.eu/images/ly453/6000-7000/Zamszowe-sneakersy-Lancioni-Lea-karmel_%5B6656%5D_1200.jpg,https://www.italy-shop.eu/images/ly453/6000-7000/Zamszowe-sneakersy-Lancioni-Lea-karmel_%5B6884%5D_1200.jpg	jesen
390_59_44	Zamszowe sneakersy Lancioni Lea — karmel	Zamszowe sneakersy Lancioni Lea w karmelu, retro krój. Wstawki z tłoczeniem krokodyla, gumowa podeszwa.	https://www.italy-shop.eu/Zamszowe-sneakersy-Lancioni-Lea-karmel-p390	https://www.italy-shop.eu/images/ly453/6000-7000/Zamszowe-sneakersy-Lancioni-Lea-karmel_%5B6675%5D_1200.jpg	Federica Lancioni	690.00 PLN	in_stock	390	187	Obuwie	Karmel	Zamsz	40	new	female	adult			https://www.italy-shop.eu/images/ly453/6000-7000/Zamszowe-sneakersy-Lancioni-Lea-karmel_%5B6656%5D_1200.jpg,https://www.italy-shop.eu/images/ly453/6000-7000/Zamszowe-sneakersy-Lancioni-Lea-karmel_%5B6884%5D_1200.jpg	jesen
390_59_63	Zamszowe sneakersy Lancioni Lea — karmel	Zamszowe sneakersy Lancioni Lea w karmelu, retro krój. Wstawki z tłoczeniem krokodyla, gumowa podeszwa.	https://www.italy-shop.eu/Zamszowe-sneakersy-Lancioni-Lea-karmel-p390	https://www.italy-shop.eu/images/ly453/6000-7000/Zamszowe-sneakersy-Lancioni-Lea-karmel_%5B6675%5D_1200.jpg	Federica Lancioni	690.00 PLN	in_stock	390	187	Obuwie	Karmel	Zamsz	41	new	female	adult			https://www.italy-shop.eu/images/ly453/6000-7000/Zamszowe-sneakersy-Lancioni-Lea-karmel_%5B6656%5D_1200.jpg,https://www.italy-shop.eu/images/ly453/6000-7000/Zamszowe-sneakersy-Lancioni-Lea-karmel_%5B6884%5D_1200.jpg	jesen
423	Zamszowy taupe	Zamszowy komplet w kolorze taupe: kozaki Ambra do kolana i torebka bagietka. Razem taniej niż osobno.	https://www.italy-shop.eu/Zamszowy-taupe-p423	https://www.italy-shop.eu/images/ly453/6000-7000/Zamszowy-taupe_%5B6968%5D_1200.jpg	Lestrosa	1540.00 PLN	in_stock		3032	Torebki				new	female	adult	1386.00 PLN		https://www.italy-shop.eu/images/ly453/6000-7000/Zamszowy-taupe_%5B6969%5D_1200.jpg,https://www.italy-shop.eu/images/ly453/6000-7000/Zamszowy-taupe_%5B6970%5D_1200.jpg,https://www.italy-shop.eu/images/ly453/6000-7000/Zamszowy-taupe_%5B6971%5D_1200.jpg	other
